review_id,review_text,lemmas,pos_tags
369314882,Amazing stay! The place felt very cozy for 4 guests. Check-in was smooth and the amenities were exactly what we needed.,"['amaze', 'stay', 'the', 'place', 'felt', 'very', 'cozy', 'for', 'guest', 'be', 'smooth', 'and', 'the', 'amenity', 'be', 'exactly', 'what', 'we', 'need']","['VBG', 'VB', 'DT', 'NN', 'VBD', 'RB', 'JJ', 'IN', 'NNS', 'VBD', 'JJ', 'CC', 'DT', 'NNS', 'VBD', 'RB', 'WP', 'PRP', 'VBD']"
490116563,It was okay for the price. Location in XIII Aurelia was convenient enough.,"['it', 'be', 'okay', 'for', 'the', 'price', 'location', 'in', 'xiii', 'aurelia', 'be', 'convenient', 'enough']","['PRP', 'VBD', 'VBN', 'IN', 'DT', 'NN', 'NNP', 'IN', 'NNP', 'NNP', 'VBD', 'JJ', 'RB']"
582235668,"Loved every minute of it. Our superhost was super responsive and easy to communicate with. Great location in Venustiano Carranza, close to everything we needed in Mexico City. We would definitely book this entire apartment again.","['love', 'every', 'minute', 'of', 'it', 'our', 'superhost', 'be', 'super', 'responsive', 'and', 'easy', 'to', 'communicate', 'with', 'great', 'location', 'in', 'venustiano', 'carranza', 'close', 'to', 'everything', 'we', 'need', 'in', 'mexico', 'city', 'we', 'would', 'definitely', 'book', 'this', 'entire', 'apartment', 'again']","['VBN', 'DT', 'NN', 'IN', 'PRP', 'PRP$', 'NN', 'VBD', 'JJ', 'NN', 'CC', 'JJ', 'TO', 'VB', 'IN', 'NNP', 'NN', 'IN', 'NNP', 'NNP', 'RB', 'TO', 'NN', 'PRP', 'VBD', 'IN', 'NNP', 'NNP', 'PRP', 'MD', 'RB', 'NN', 'DT', 'JJ', 'NN', 'RB']"
68054683,"Decent stay overall. Some things could be improved, like cleanliness in the entire apartment.","['decent', 'stay', 'overall', 'some', 'thing', 'could', 'be', 'improve', 'like', 'cleanliness', 'in', 'the', 'entire', 'apartment']","['NNP', 'NN', 'RB', 'DT', 'NNS', 'MD', 'VB', 'VBN', 'IN', 'NN', 'IN', 'DT', 'JJ', 'NN']"
248483824,Reasonable for a short trip. Location in Long Island City was convenient enough.,"['reasonable', 'for', 'a', 'short', 'trip', 'location', 'in', 'long', 'island', 'city', 'be', 'convenient', 'enough']","['JJ', 'IN', 'DT', 'JJ', 'NN', 'NNP', 'IN', 'NNP', 'NNP', 'NNP', 'VBD', 'JJ', 'RB']"
155617131,Decent stay overall. It served its purpose for our stay in Paris.,"['decent', 'stay', 'overall', 'it', 'serve', 'it', 'purpose', 'for', 'our', 'stay', 'in', 'paris']","['NNP', 'NN', 'IN', 'PRP', 'VBD', 'PRP$', 'NN', 'IN', 'PRP$', 'NN', 'IN', 'NNP']"
710244614,"Nothing special, but fine. Our superhost was polite but slow to respond a couple of times. Some things could be improved, like cleanliness in the entire apartment.","['nothing', 'special', 'but', 'fine', 'our', 'superhost', 'be', 'polite', 'but', 'slow', 'to', 'respond', 'a', 'couple', 'of', 'time', 'some', 'thing', 'could', 'be', 'improve', 'like', 'cleanliness', 'in', 'the', 'entire', 'apartment']","['VBG', 'JJ', 'CC', 'JJ', 'PRP$', 'NN', 'VBD', 'JJ', 'CC', 'JJ', 'TO', 'VB', 'DT', 'NN', 'IN', 'NNS', 'DT', 'NNS', 'MD', 'VB', 'VBN', 'IN', 'NN', 'IN', 'DT', 'JJ', 'NN']"
299174484,We had a rough experience. The location in Enclos-St-Laurent was noisier than expected. We had several issues during our stay that were never resolved. Check-in was confusing and delayed our arrival in Paris.,"['we', 'have', 'a', 'rough', 'experience', 'the', 'location', 'in', 'be', 'noisy', 'than', 'expect', 'we', 'have', 'several', 'issue', 'during', 'our', 'stay', 'that', 'be', 'never', 'resolve', 'be', 'confuse', 'and', 'delay', 'our', 'arrival', 'in', 'paris']","['PRP', 'VBD', 'DT', 'JJ', 'NN', 'DT', 'NN', 'IN', 'VBD', 'JJR', 'IN', 'VBN', 'PRP', 'VBD', 'JJ', 'NNS', 'IN', 'PRP$', 'NN', 'WDT', 'VBD', 'RB', 'VBN', 'VBD', 'VBG', 'CC', 'VB', 'PRP$', 'NN', 'IN', 'NNP']"
22136604,"Perfect for our trip. Check-in was smooth and the amenities were exactly what we needed. The place felt very cozy for 8 guests. Great location in Buttes-Montmartre, close to everything we needed in Paris.","['perfect', 'for', 'our', 'trip', 'be', 'smooth', 'and', 'the', 'amenity', 'be', 'exactly', 'what', 'we', 'need', 'the', 'place', 'felt', 'very', 'cozy', 'for', 'guest', 'great', 'location', 'in', 'close', 'to', 'everything', 'we', 'need', 'in', 'paris']","['NN', 'IN', 'PRP$', 'NN', 'VBD', 'JJ', 'CC', 'DT', 'NNS', 'VBD', 'RB', 'WP', 'PRP', 'VBD', 'DT', 'NN', 'VBD', 'RB', 'JJ', 'IN', 'NNS', 'NNP', 'NN', 'IN', 'JJ', 'TO', 'NN', 'PRP', 'VBD', 'IN', 'NNP']"
469473761,Would not recommend. The private room in house was not as clean as the photos suggested. We had several issues during our stay that were never resolved.,"['would', 'not', 'recommend', 'the', 'private', 'room', 'in', 'house', 'be', 'not', 'as', 'clean', 'a', 'the', 'photo', 'suggest', 'we', 'have', 'several', 'issue', 'during', 'our', 'stay', 'that', 'be', 'never', 'resolve']","['MD', 'RB', 'VB', 'DT', 'JJ', 'NN', 'IN', 'NN', 'VBD', 'RB', 'RB', 'JJ', 'IN', 'DT', 'NNS', 'VBD', 'PRP', 'VBD', 'JJ', 'NNS', 'IN', 'PRP$', 'NN', 'WDT', 'VBD', 'RB', 'VBN']"
669542886,Decent stay overall. Our superhost was polite but slow to respond a couple of times. The entire apartment was fine but a little smaller than expected.,"['decent', 'stay', 'overall', 'our', 'superhost', 'be', 'polite', 'but', 'slow', 'to', 'respond', 'a', 'couple', 'of', 'time', 'the', 'entire', 'apartment', 'be', 'fine', 'but', 'a', 'little', 'small', 'than', 'expect']","['NNP', 'NN', 'RB', 'PRP$', 'NN', 'VBD', 'JJ', 'CC', 'JJ', 'TO', 'VB', 'DT', 'NN', 'IN', 'NNS', 'DT', 'JJ', 'NN', 'VBD', 'JJ', 'CC', 'DT', 'JJ', 'JJR', 'IN', 'VBN']"
158274067,It was okay for the price. Location in I Centro Storico was convenient enough. The host was polite but slow to respond a couple of times.,"['it', 'be', 'okay', 'for', 'the', 'price', 'location', 'in', 'i', 'centro', 'storico', 'be', 'convenient', 'enough', 'the', 'host', 'be', 'polite', 'but', 'slow', 'to', 'respond', 'a', 'couple', 'of', 'time']","['PRP', 'VBD', 'VBN', 'IN', 'DT', 'NN', 'NNP', 'IN', 'PRP', 'NNP', 'NNP', 'VBD', 'JJ', 'RB', 'DT', 'NN', 'VBD', 'JJ', 'CC', 'JJ', 'TO', 'VB', 'DT', 'NN', 'IN', 'NNS']"
281168772,"Loved every minute of it. Check-in was smooth and the amenities were exactly what we needed. Great location in Prince's Bay, close to everything we needed in New York.","['love', 'every', 'minute', 'of', 'it', 'be', 'smooth', 'and', 'the', 'amenity', 'be', 'exactly', 'what', 'we', 'need', 'great', 'location', 'in', 'prince', 'bay', 'close', 'to', 'everything', 'we', 'need', 'in', 'new', 'york']","['VBN', 'DT', 'NN', 'IN', 'PRP', 'VBD', 'JJ', 'CC', 'DT', 'NNS', 'VBD', 'RB', 'WP', 'PRP', 'VBD', 'NNP', 'NN', 'IN', 'NNP', 'NNP', 'RB', 'TO', 'NN', 'PRP', 'VBD', 'IN', 'NNP', 'NNP']"
78097741,Reasonable for a short trip. It served its purpose for our stay in Rome.,"['reasonable', 'for', 'a', 'short', 'trip', 'it', 'serve', 'it', 'purpose', 'for', 'our', 'stay', 'in', 'rome']","['JJ', 'IN', 'DT', 'JJ', 'NN', 'PRP', 'VBD', 'PRP$', 'NN', 'IN', 'PRP$', 'NN', 'IN', 'NNP']"
515211298,Wonderful experience. We would definitely book this private room in house again. Our superhost was super responsive and easy to communicate with.,"['wonderful', 'experience', 'we', 'would', 'definitely', 'book', 'this', 'private', 'room', 'in', 'house', 'again', 'our', 'superhost', 'be', 'super', 'responsive', 'and', 'easy', 'to', 'communicate', 'with']","['JJ', 'NN', 'PRP', 'MD', 'RB', 'NN', 'DT', 'JJ', 'NN', 'IN', 'NN', 'RB', 'PRP$', 'NN', 'VBD', 'JJ', 'NN', 'CC', 'JJ', 'TO', 'VB', 'IN']"
547481538,Amazing stay! The room in hotel was spotless and exactly as described. The place felt very cozy for 2 guests. Our superhost was super responsive and easy to communicate with.,"['amaze', 'stay', 'the', 'room', 'in', 'hotel', 'be', 'spotless', 'and', 'exactly', 'a', 'describe', 'the', 'place', 'felt', 'very', 'cozy', 'for', 'guest', 'our', 'superhost', 'be', 'super', 'responsive', 'and', 'easy', 'to', 'communicate', 'with']","['VBG', 'VB', 'DT', 'NN', 'IN', 'NN', 'VBD', 'JJ', 'CC', 'RB', 'IN', 'VBN', 'DT', 'NN', 'VBD', 'RB', 'JJ', 'IN', 'NNS', 'PRP$', 'NN', 'VBD', 'JJ', 'NN', 'CC', 'JJ', 'TO', 'VB', 'IN']"
503543469,We had a rough experience. The location in Beyoglu was noisier than expected. The entire apartment was not as clean as the photos suggested. Our superhost was difficult to reach when we had issues.,"['we', 'have', 'a', 'rough', 'experience', 'the', 'location', 'in', 'beyoglu', 'be', 'noisy', 'than', 'expect', 'the', 'entire', 'apartment', 'be', 'not', 'as', 'clean', 'a', 'the', 'photo', 'suggest', 'our', 'superhost', 'be', 'difficult', 'to', 'reach', 'when', 'we', 'have', 'issue']","['PRP', 'VBD', 'DT', 'JJ', 'NN', 'DT', 'NN', 'IN', 'NNP', 'VBD', 'JJR', 'IN', 'VBN', 'DT', 'JJ', 'NN', 'VBD', 'RB', 'RB', 'JJ', 'IN', 'DT', 'NN', 'VBD', 'PRP$', 'NN', 'VBD', 'JJ', 'TO', 'VB', 'WRB', 'PRP', 'VBD', 'NNS']"
590297118,An average experience. Location in Enclos-St-Laurent was convenient enough.,"['an', 'average', 'experience', 'location', 'in', 'be', 'convenient', 'enough']","['DT', 'JJ', 'NN', 'NN', 'IN', 'VBD', 'JJ', 'RB']"
67633782,"Perfect for our trip. Great location in I Centro Storico, close to everything we needed in Rome. Our superhost was super responsive and easy to communicate with.","['perfect', 'for', 'our', 'trip', 'great', 'location', 'in', 'i', 'centro', 'storico', 'close', 'to', 'everything', 'we', 'need', 'in', 'rome', 'our', 'superhost', 'be', 'super', 'responsive', 'and', 'easy', 'to', 'communicate', 'with']","['NN', 'IN', 'PRP$', 'NN', 'NNP', 'NN', 'IN', 'PRP', 'NNP', 'NNP', 'RB', 'TO', 'NN', 'PRP', 'VBD', 'IN', 'NNP', 'PRP$', 'NN', 'VBD', 'JJ', 'NN', 'CC', 'JJ', 'TO', 'VB', 'IN']"
60963469,Exceeded our expectations! Check-in was smooth and the amenities were exactly what we needed. The host was super responsive and easy to communicate with.,"['exceed', 'our', 'expectation', 'be', 'smooth', 'and', 'the', 'amenity', 'be', 'exactly', 'what', 'we', 'need', 'the', 'host', 'be', 'super', 'responsive', 'and', 'easy', 'to', 'communicate', 'with']","['VBD', 'PRP$', 'NNS', 'VBD', 'JJ', 'CC', 'DT', 'NNS', 'VBD', 'RB', 'WP', 'PRP', 'VBD', 'DT', 'NN', 'VBD', 'JJ', 'NN', 'CC', 'JJ', 'TO', 'VB', 'IN']"
28816193,Would not recommend. We had several issues during our stay that were never resolved. The host was difficult to reach when we had issues.,"['would', 'not', 'recommend', 'we', 'have', 'several', 'issue', 'during', 'our', 'stay', 'that', 'be', 'never', 'resolve', 'the', 'host', 'be', 'difficult', 'to', 'reach', 'when', 'we', 'have', 'issue']","['MD', 'RB', 'VB', 'PRP', 'VBD', 'JJ', 'NNS', 'IN', 'PRP$', 'NN', 'WDT', 'VBD', 'RB', 'VBN', 'DT', 'NN', 'VBD', 'JJ', 'TO', 'VB', 'WRB', 'PRP', 'VBD', 'NNS']"
568954233,Not worth the price. The location in Popincourt was noisier than expected. Our superhost was difficult to reach when we had issues. The entire apartment was not as clean as the photos suggested.,"['not', 'worth', 'the', 'price', 'the', 'location', 'in', 'popincourt', 'be', 'noisy', 'than', 'expect', 'our', 'superhost', 'be', 'difficult', 'to', 'reach', 'when', 'we', 'have', 'issue', 'the', 'entire', 'apartment', 'be', 'not', 'as', 'clean', 'a', 'the', 'photo', 'suggest']","['RB', 'IN', 'DT', 'NN', 'DT', 'NN', 'IN', 'NNP', 'VBD', 'JJR', 'IN', 'VBN', 'PRP$', 'NN', 'VBD', 'JJ', 'TO', 'VB', 'WRB', 'PRP', 'VBD', 'NNS', 'DT', 'JJ', 'NN', 'VBD', 'RB', 'RB', 'JJ', 'IN', 'DT', 'NN', 'VBD']"
85784691,We had a fantastic time. We would definitely book this shared room in apartment again. Check-in was smooth and the amenities were exactly what we needed.,"['we', 'have', 'a', 'fantastic', 'time', 'we', 'would', 'definitely', 'book', 'this', 'share', 'room', 'in', 'apartment', 'again', 'be', 'smooth', 'and', 'the', 'amenity', 'be', 'exactly', 'what', 'we', 'need']","['PRP', 'VBD', 'DT', 'JJ', 'NN', 'PRP', 'MD', 'RB', 'NN', 'DT', 'VBN', 'NN', 'IN', 'NN', 'RB', 'VBD', 'VBN', 'CC', 'DT', 'NNS', 'VBD', 'RB', 'WP', 'PRP', 'VBD']"
133734792,Disappointing stay. The entire apartment was not as clean as the photos suggested. We had several issues during our stay that were never resolved. The host was difficult to reach when we had issues.,"['disappoint', 'stay', 'the', 'entire', 'apartment', 'be', 'not', 'as', 'clean', 'a', 'the', 'photo', 'suggest', 'we', 'have', 'several', 'issue', 'during', 'our', 'stay', 'that', 'be', 'never', 'resolve', 'the', 'host', 'be', 'difficult', 'to', 'reach', 'when', 'we', 'have', 'issue']","['VBG', 'VB', 'DT', 'JJ', 'NN', 'VBD', 'RB', 'RB', 'JJ', 'IN', 'DT', 'NNS', 'VBD', 'PRP', 'VBD', 'JJ', 'NNS', 'IN', 'PRP$', 'NN', 'WDT', 'VBD', 'RB', 'VBN', 'DT', 'NN', 'VBD', 'JJ', 'TO', 'VB', 'WRB', 'PRP', 'VBD', 'NNS']"
56699513,Not worth the price. Check-in was confusing and delayed our arrival in Paris. The host was difficult to reach when we had issues. The entire apartment was not as clean as the photos suggested.,"['not', 'worth', 'the', 'price', 'be', 'confuse', 'and', 'delay', 'our', 'arrival', 'in', 'paris', 'the', 'host', 'be', 'difficult', 'to', 'reach', 'when', 'we', 'have', 'issue', 'the', 'entire', 'apartment', 'be', 'not', 'as', 'clean', 'a', 'the', 'photo', 'suggest']","['RB', 'IN', 'DT', 'NN', 'VBD', 'VBG', 'CC', 'VB', 'PRP$', 'NN', 'IN', 'NNP', 'DT', 'NN', 'VBD', 'JJ', 'TO', 'VB', 'WRB', 'PRP', 'VBD', 'NNS', 'DT', 'JJ', 'NN', 'VBD', 'RB', 'RB', 'JJ', 'IN', 'DT', 'NN', 'VBD']"
610715195,"Nothing special, but fine. Some things could be improved, like cleanliness in the entire guesthouse.","['nothing', 'special', 'but', 'fine', 'some', 'thing', 'could', 'be', 'improve', 'like', 'cleanliness', 'in', 'the', 'entire', 'guesthouse']","['VBG', 'JJ', 'CC', 'JJ', 'DT', 'NNS', 'MD', 'VB', 'VBN', 'IN', 'NN', 'IN', 'DT', 'JJ', 'NN']"
144007706,"It was okay for the price. Some things could be improved, like cleanliness in the entire loft. The entire loft was fine but a little smaller than expected.","['it', 'be', 'okay', 'for', 'the', 'price', 'some', 'thing', 'could', 'be', 'improve', 'like', 'cleanliness', 'in', 'the', 'entire', 'loft', 'the', 'entire', 'loft', 'be', 'fine', 'but', 'a', 'little', 'small', 'than', 'expect']","['PRP', 'VBD', 'VBN', 'IN', 'DT', 'NN', 'DT', 'NNS', 'MD', 'VB', 'VBN', 'IN', 'NN', 'IN', 'DT', 'JJ', 'VBZ', 'DT', 'JJ', 'NN', 'VBD', 'JJ', 'CC', 'DT', 'JJ', 'JJR', 'IN', 'VBN']"
567225243,"Nothing special, but fine. Location in Bang Sue was convenient enough.","['nothing', 'special', 'but', 'fine', 'location', 'in', 'bang', 'sue', 'be', 'convenient', 'enough']","['VBG', 'JJ', 'CC', 'JJ', 'NNP', 'IN', 'NNP', 'NNP', 'VBD', 'JJ', 'RB']"
469203889,Would not recommend. The host was difficult to reach when we had issues. Check-in was confusing and delayed our arrival in Paris. The location in Gobelins was noisier than expected.,"['would', 'not', 'recommend', 'the', 'host', 'be', 'difficult', 'to', 'reach', 'when', 'we', 'have', 'issue', 'be', 'confuse', 'and', 'delay', 'our', 'arrival', 'in', 'paris', 'the', 'location', 'in', 'gobelins', 'be', 'noisy', 'than', 'expect']","['MD', 'RB', 'VB', 'DT', 'NN', 'VBD', 'JJ', 'TO', 'VB', 'WRB', 'PRP', 'VBD', 'NNS', 'VBD', 'VBG', 'CC', 'VB', 'PRP$', 'NN', 'IN', 'NNP', 'DT', 'NN', 'IN', 'NNP', 'VBD', 'JJR', 'IN', 'VBN']"
616898615,Loved every minute of it. Our superhost was super responsive and easy to communicate with. We would definitely book this entire apartment again. The place felt very cozy for 4 guests.,"['love', 'every', 'minute', 'of', 'it', 'our', 'superhost', 'be', 'super', 'responsive', 'and', 'easy', 'to', 'communicate', 'with', 'we', 'would', 'definitely', 'book', 'this', 'entire', 'apartment', 'again', 'the', 'place', 'felt', 'very', 'cozy', 'for', 'guest']","['VBN', 'DT', 'NN', 'IN', 'PRP', 'PRP$', 'NN', 'VBD', 'JJ', 'NN', 'CC', 'JJ', 'TO', 'VB', 'IN', 'PRP', 'MD', 'RB', 'NN', 'DT', 'JJ', 'NN', 'RB', 'DT', 'NN', 'VBD', 'RB', 'JJ', 'IN', 'NNS']"
260915578,Decent stay overall. It served its purpose for our stay in Paris. The host was polite but slow to respond a couple of times.,"['decent', 'stay', 'overall', 'it', 'serve', 'it', 'purpose', 'for', 'our', 'stay', 'in', 'paris', 'the', 'host', 'be', 'polite', 'but', 'slow', 'to', 'respond', 'a', 'couple', 'of', 'time']","['NNP', 'NN', 'IN', 'PRP', 'VBD', 'PRP$', 'NN', 'IN', 'PRP$', 'NN', 'IN', 'NNP', 'DT', 'NN', 'VBD', 'JJ', 'CC', 'JJ', 'TO', 'VB', 'DT', 'NN', 'IN', 'NNS']"
308160918,It was okay for the price. It served its purpose for our stay in Sydney.,"['it', 'be', 'okay', 'for', 'the', 'price', 'it', 'serve', 'it', 'purpose', 'for', 'our', 'stay', 'in', 'sydney']","['PRP', 'VBD', 'VBN', 'IN', 'DT', 'NN', 'PRP', 'VBD', 'PRP$', 'NN', 'IN', 'PRP$', 'NN', 'IN', 'NNP']"
527120168,Not worth the price. We had several issues during our stay that were never resolved. Our superhost was difficult to reach when we had issues. The entire guest suite was not as clean as the photos suggested.,"['not', 'worth', 'the', 'price', 'we', 'have', 'several', 'issue', 'during', 'our', 'stay', 'that', 'be', 'never', 'resolve', 'our', 'superhost', 'be', 'difficult', 'to', 'reach', 'when', 'we', 'have', 'issue', 'the', 'entire', 'guest', 'suite', 'be', 'not', 'as', 'clean', 'a', 'the', 'photo', 'suggest']","['RB', 'IN', 'DT', 'NN', 'PRP', 'VBD', 'JJ', 'NNS', 'IN', 'PRP$', 'NN', 'WDT', 'VBD', 'RB', 'VBN', 'PRP$', 'NN', 'VBD', 'JJ', 'TO', 'VB', 'WRB', 'PRP', 'VBD', 'NNS', 'DT', 'JJ', 'NN', 'NN', 'VBD', 'RB', 'RB', 'JJ', 'IN', 'DT', 'NN', 'VBD']"
56391708,Disappointing stay. The entire apartment was not as clean as the photos suggested. We had several issues during our stay that were never resolved.,"['disappoint', 'stay', 'the', 'entire', 'apartment', 'be', 'not', 'as', 'clean', 'a', 'the', 'photo', 'suggest', 'we', 'have', 'several', 'issue', 'during', 'our', 'stay', 'that', 'be', 'never', 'resolve']","['VBG', 'VB', 'DT', 'JJ', 'NN', 'VBD', 'RB', 'RB', 'JJ', 'IN', 'DT', 'NNS', 'VBD', 'PRP', 'VBD', 'JJ', 'NNS', 'IN', 'PRP$', 'NN', 'WDT', 'VBD', 'RB', 'VBN']"
186256064,Wonderful experience. The entire apartment was spotless and exactly as described. The place felt very cozy for 3 guests.,"['wonderful', 'experience', 'the', 'entire', 'apartment', 'be', 'spotless', 'and', 'exactly', 'a', 'describe', 'the', 'place', 'felt', 'very', 'cozy', 'for', 'guest']","['JJ', 'NN', 'DT', 'JJ', 'NN', 'VBD', 'JJ', 'CC', 'RB', 'IN', 'VBN', 'DT', 'NN', 'VBD', 'RB', 'JJ', 'IN', 'NNS']"
95685962,Would not recommend. The host was difficult to reach when we had issues. Check-in was confusing and delayed our arrival in Rio de Janeiro.,"['would', 'not', 'recommend', 'the', 'host', 'be', 'difficult', 'to', 'reach', 'when', 'we', 'have', 'issue', 'be', 'confuse', 'and', 'delay', 'our', 'arrival', 'in', 'rio', 'de', 'janeiro']","['MD', 'RB', 'VB', 'DT', 'NN', 'VBD', 'JJ', 'TO', 'VB', 'WRB', 'PRP', 'VBD', 'NNS', 'VBD', 'VBG', 'CC', 'VB', 'PRP$', 'NN', 'IN', 'NNP', 'IN', 'NNP']"
77971485,Not worth the price. The host was difficult to reach when we had issues. The location in Buttes-Montmartre was noisier than expected.,"['not', 'worth', 'the', 'price', 'the', 'host', 'be', 'difficult', 'to', 'reach', 'when', 'we', 'have', 'issue', 'the', 'location', 'in', 'be', 'noisy', 'than', 'expect']","['RB', 'IN', 'DT', 'NN', 'DT', 'NN', 'VBD', 'JJ', 'TO', 'VB', 'WRB', 'PRP', 'VBD', 'NNS', 'DT', 'NN', 'IN', 'VBD', 'JJR', 'IN', 'VBN']"
345757215,Would not recommend. We had several issues during our stay that were never resolved. The host was difficult to reach when we had issues. Check-in was confusing and delayed our arrival in Sydney.,"['would', 'not', 'recommend', 'we', 'have', 'several', 'issue', 'during', 'our', 'stay', 'that', 'be', 'never', 'resolve', 'the', 'host', 'be', 'difficult', 'to', 'reach', 'when', 'we', 'have', 'issue', 'be', 'confuse', 'and', 'delay', 'our', 'arrival', 'in', 'sydney']","['MD', 'RB', 'VB', 'PRP', 'VBD', 'JJ', 'NNS', 'IN', 'PRP$', 'NN', 'WDT', 'VBD', 'RB', 'VBN', 'DT', 'NN', 'VBD', 'JJ', 'TO', 'VB', 'WRB', 'PRP', 'VBD', 'NNS', 'VBD', 'VBG', 'CC', 'VB', 'PRP$', 'NN', 'IN', 'NNP']"
588866682,We had a fantastic time. The place felt very cozy for 2 guests. We would definitely book this private room in apartment again. The private room in apartment was spotless and exactly as described.,"['we', 'have', 'a', 'fantastic', 'time', 'the', 'place', 'felt', 'very', 'cozy', 'for', 'guest', 'we', 'would', 'definitely', 'book', 'this', 'private', 'room', 'in', 'apartment', 'again', 'the', 'private', 'room', 'in', 'apartment', 'be', 'spotless', 'and', 'exactly', 'a', 'described']","['PRP', 'VBD', 'DT', 'JJ', 'NN', 'DT', 'NN', 'VBD', 'RB', 'JJ', 'IN', 'NNS', 'PRP', 'MD', 'RB', 'NN', 'DT', 'JJ', 'NN', 'IN', 'NN', 'RB', 'DT', 'JJ', 'NN', 'IN', 'NN', 'VBD', 'JJ', 'CC', 'RB', 'IN', 'NN']"
349729068,"Amazing stay! Great location in I Centro Storico, close to everything we needed in Rome. The host was super responsive and easy to communicate with. The entire apartment was spotless and exactly as described.","['amazing', 'stay', 'great', 'location', 'in', 'i', 'centro', 'storico', 'close', 'to', 'everything', 'we', 'need', 'in', 'rome', 'the', 'host', 'be', 'super', 'responsive', 'and', 'easy', 'to', 'communicate', 'with', 'the', 'entire', 'apartment', 'be', 'spotless', 'and', 'exactly', 'a', 'described']","['JJ', 'NN', 'NNP', 'NN', 'IN', 'PRP', 'NNP', 'NNP', 'RB', 'TO', 'NN', 'PRP', 'VBD', 'IN', 'NNP', 'DT', 'NN', 'VBD', 'JJ', 'NN', 'CC', 'JJ', 'TO', 'VB', 'IN', 'DT', 'JJ', 'NN', 'VBD', 'JJ', 'CC', 'RB', 'IN', 'NN']"
107275354,Disappointing stay. Check-in was confusing and delayed our arrival in New York. The entire apartment was not as clean as the photos suggested. We had several issues during our stay that were never resolved.,"['disappoint', 'stay', 'be', 'confuse', 'and', 'delay', 'our', 'arrival', 'in', 'new', 'york', 'the', 'entire', 'apartment', 'be', 'not', 'as', 'clean', 'a', 'the', 'photo', 'suggest', 'we', 'have', 'several', 'issue', 'during', 'our', 'stay', 'that', 'be', 'never', 'resolve']","['VBG', 'NN', 'VBD', 'VBG', 'CC', 'VB', 'PRP$', 'NN', 'IN', 'NNP', 'NNP', 'DT', 'JJ', 'NN', 'VBD', 'RB', 'RB', 'JJ', 'IN', 'DT', 'NNS', 'VBD', 'PRP', 'VBD', 'JJ', 'NNS', 'IN', 'PRP$', 'NN', 'WDT', 'VBD', 'RB', 'VBN']"
233126372,"Nothing special, but fine. It served its purpose for our stay in Cape Town.","['nothing', 'special', 'but', 'fine', 'it', 'serve', 'it', 'purpose', 'for', 'our', 'stay', 'in', 'cape', 'town']","['VBG', 'JJ', 'CC', 'JJ', 'PRP', 'VBD', 'PRP$', 'NN', 'IN', 'PRP$', 'NN', 'IN', 'NNP', 'NNP']"
536666218,"Decent stay overall. The entire apartment was fine but a little smaller than expected. Some things could be improved, like cleanliness in the entire apartment.","['decent', 'stay', 'overall', 'the', 'entire', 'apartment', 'be', 'fine', 'but', 'a', 'little', 'small', 'than', 'expect', 'some', 'thing', 'could', 'be', 'improve', 'like', 'cleanliness', 'in', 'the', 'entire', 'apartment']","['NNP', 'NN', 'RB', 'DT', 'JJ', 'NN', 'VBD', 'JJ', 'CC', 'DT', 'JJ', 'JJR', 'IN', 'VBN', 'DT', 'NNS', 'MD', 'VB', 'VBN', 'IN', 'NN', 'IN', 'DT', 'JJ', 'NN']"
718746598,Reasonable for a short trip. Location in Chelsea was convenient enough.,"['reasonable', 'for', 'a', 'short', 'trip', 'location', 'in', 'chelsea', 'be', 'convenient', 'enough']","['JJ', 'IN', 'DT', 'JJ', 'NN', 'NNP', 'IN', 'NNP', 'VBD', 'JJ', 'RB']"
714682310,"Amazing stay! Great location in II Parioli/Nomentano, close to everything we needed in Rome. The host was super responsive and easy to communicate with. The entire apartment was spotless and exactly as described.","['amazing', 'stay', 'great', 'location', 'in', 'ii', 'close', 'to', 'everything', 'we', 'need', 'in', 'rome', 'the', 'host', 'be', 'super', 'responsive', 'and', 'easy', 'to', 'communicate', 'with', 'the', 'entire', 'apartment', 'be', 'spotless', 'and', 'exactly', 'a', 'described']","['JJ', 'NN', 'NNP', 'NN', 'IN', 'NNP', 'NN', 'TO', 'NN', 'PRP', 'VBD', 'IN', 'NNP', 'DT', 'NN', 'VBD', 'JJ', 'NN', 'CC', 'JJ', 'TO', 'VB', 'IN', 'DT', 'JJ', 'NN', 'VBD', 'JJ', 'CC', 'RB', 'IN', 'NN']"
466677109,It was okay for the price. The host was polite but slow to respond a couple of times.,"['it', 'be', 'okay', 'for', 'the', 'price', 'the', 'host', 'be', 'polite', 'but', 'slow', 'to', 'respond', 'a', 'couple', 'of', 'time']","['PRP', 'VBD', 'VBN', 'IN', 'DT', 'NN', 'DT', 'NN', 'VBD', 'JJ', 'CC', 'JJ', 'TO', 'VB', 'DT', 'NN', 'IN', 'NNS']"
329310643,Decent stay overall. It served its purpose for our stay in Mexico City. The host was polite but slow to respond a couple of times.,"['decent', 'stay', 'overall', 'it', 'serve', 'it', 'purpose', 'for', 'our', 'stay', 'in', 'mexico', 'city', 'the', 'host', 'be', 'polite', 'but', 'slow', 'to', 'respond', 'a', 'couple', 'of', 'time']","['NNP', 'NN', 'IN', 'PRP', 'VBD', 'PRP$', 'NN', 'IN', 'PRP$', 'NN', 'IN', 'NNP', 'NNP', 'DT', 'NN', 'VBD', 'JJ', 'CC', 'JJ', 'TO', 'VB', 'DT', 'NN', 'IN', 'NNS']"
43815407,Exceeded our expectations! The entire apartment was spotless and exactly as described. The place felt very cozy for 5 guests.,"['exceed', 'our', 'expectation', 'the', 'entire', 'apartment', 'be', 'spotless', 'and', 'exactly', 'a', 'describe', 'the', 'place', 'felt', 'very', 'cozy', 'for', 'guest']","['VBD', 'PRP$', 'NNS', 'DT', 'JJ', 'NN', 'VBD', 'JJ', 'CC', 'RB', 'IN', 'VBN', 'DT', 'NN', 'VBD', 'RB', 'JJ', 'IN', 'NNS']"
572837919,It was okay for the price. It served its purpose for our stay in Cape Town.,"['it', 'be', 'okay', 'for', 'the', 'price', 'it', 'serve', 'it', 'purpose', 'for', 'our', 'stay', 'in', 'cape', 'town']","['PRP', 'VBD', 'VBN', 'IN', 'DT', 'NN', 'PRP', 'VBD', 'PRP$', 'NN', 'IN', 'PRP$', 'NN', 'IN', 'NNP', 'NNP']"
109342211,Reasonable for a short trip. The entire apartment was fine but a little smaller than expected.,"['reasonable', 'for', 'a', 'short', 'trip', 'the', 'entire', 'apartment', 'be', 'fine', 'but', 'a', 'little', 'small', 'than', 'expect']","['JJ', 'IN', 'DT', 'JJ', 'NN', 'DT', 'JJ', 'NN', 'VBD', 'JJ', 'CC', 'DT', 'JJ', 'JJR', 'IN', 'VBN']"
578237716,Would not recommend. We had several issues during our stay that were never resolved. Our superhost was difficult to reach when we had issues.,"['would', 'not', 'recommend', 'we', 'have', 'several', 'issue', 'during', 'our', 'stay', 'that', 'be', 'never', 'resolve', 'our', 'superhost', 'be', 'difficult', 'to', 'reach', 'when', 'we', 'have', 'issue']","['MD', 'RB', 'VB', 'PRP', 'VBD', 'JJ', 'NNS', 'IN', 'PRP$', 'NN', 'WDT', 'VBD', 'RB', 'VBN', 'PRP$', 'NN', 'VBD', 'JJ', 'TO', 'VB', 'WRB', 'PRP', 'VBD', 'NNS']"
358989511,Below our expectations. The location in Observatoire was noisier than expected. Check-in was confusing and delayed our arrival in Paris. The entire apartment was not as clean as the photos suggested.,"['below', 'our', 'expectation', 'the', 'location', 'in', 'observatoire', 'be', 'noisy', 'than', 'expect', 'be', 'confuse', 'and', 'delay', 'our', 'arrival', 'in', 'paris', 'the', 'entire', 'apartment', 'be', 'not', 'as', 'clean', 'a', 'the', 'photo', 'suggest']","['IN', 'PRP$', 'NNS', 'DT', 'NN', 'IN', 'NNP', 'VBD', 'JJR', 'IN', 'VBN', 'VBD', 'VBG', 'CC', 'VB', 'PRP$', 'NN', 'IN', 'NNP', 'DT', 'JJ', 'NN', 'VBD', 'RB', 'RB', 'JJ', 'IN', 'DT', 'NN', 'VBD']"
430299528,Below our expectations. The host was difficult to reach when we had issues. We had several issues during our stay that were never resolved.,"['below', 'our', 'expectation', 'the', 'host', 'be', 'difficult', 'to', 'reach', 'when', 'we', 'have', 'issue', 'we', 'have', 'several', 'issue', 'during', 'our', 'stay', 'that', 'be', 'never', 'resolve']","['IN', 'PRP$', 'NNS', 'DT', 'NN', 'VBD', 'JJ', 'TO', 'VB', 'WRB', 'PRP', 'VBD', 'NNS', 'PRP', 'VBD', 'JJ', 'NNS', 'IN', 'PRP$', 'NN', 'WDT', 'VBD', 'RB', 'VBN']"
725483380,We had a rough experience. Check-in was confusing and delayed our arrival in New York. The host was difficult to reach when we had issues.,"['we', 'have', 'a', 'rough', 'experience', 'be', 'confuse', 'and', 'delay', 'our', 'arrival', 'in', 'new', 'york', 'the', 'host', 'be', 'difficult', 'to', 'reach', 'when', 'we', 'have', 'issue']","['PRP', 'VBD', 'DT', 'JJ', 'NN', 'VBD', 'VBG', 'CC', 'VB', 'PRP$', 'NN', 'IN', 'NNP', 'NNP', 'DT', 'NN', 'VBD', 'JJ', 'TO', 'VB', 'WRB', 'PRP', 'VBD', 'NNS']"
58774457,Couldn't have asked for more. The private room in apartment was spotless and exactly as described. Check-in was smooth and the amenities were exactly what we needed.,"['could', 'have', 'ask', 'for', 'more', 'the', 'private', 'room', 'in', 'apartment', 'be', 'spotless', 'and', 'exactly', 'a', 'described', 'be', 'smooth', 'and', 'the', 'amenity', 'be', 'exactly', 'what', 'we', 'need']","['MD', 'VB', 'VBN', 'IN', 'JJR', 'DT', 'JJ', 'NN', 'IN', 'NN', 'VBD', 'JJ', 'CC', 'RB', 'IN', 'NN', 'VBD', 'JJ', 'CC', 'DT', 'NNS', 'VBD', 'RB', 'WP', 'PRP', 'VBD']"
107427189,It was okay for the price. The private room in apartment was fine but a little smaller than expected.,"['it', 'be', 'okay', 'for', 'the', 'price', 'the', 'private', 'room', 'in', 'apartment', 'be', 'fine', 'but', 'a', 'little', 'small', 'than', 'expect']","['PRP', 'VBD', 'VBN', 'IN', 'DT', 'NN', 'DT', 'JJ', 'NN', 'IN', 'NN', 'VBD', 'JJ', 'CC', 'DT', 'JJ', 'JJR', 'IN', 'VBN']"
200543308,Wonderful experience. We would definitely book this entire apartment again. The place felt very cozy for 3 guests. The host was super responsive and easy to communicate with.,"['wonderful', 'experience', 'we', 'would', 'definitely', 'book', 'this', 'entire', 'apartment', 'again', 'the', 'place', 'felt', 'very', 'cozy', 'for', 'guest', 'the', 'host', 'be', 'super', 'responsive', 'and', 'easy', 'to', 'communicate', 'with']","['JJ', 'NN', 'PRP', 'MD', 'RB', 'NN', 'DT', 'JJ', 'NN', 'RB', 'DT', 'NN', 'VBD', 'RB', 'JJ', 'IN', 'NNS', 'DT', 'NN', 'VBD', 'JJ', 'NN', 'CC', 'JJ', 'TO', 'VB', 'IN']"
306945953,"Wonderful experience. We would definitely book this private room in guest suite again. Great location in Passy, close to everything we needed in Paris. The host was super responsive and easy to communicate with.","['wonderful', 'experience', 'we', 'would', 'definitely', 'book', 'this', 'private', 'room', 'in', 'guest', 'suite', 'again', 'great', 'location', 'in', 'passy', 'close', 'to', 'everything', 'we', 'need', 'in', 'paris', 'the', 'host', 'be', 'super', 'responsive', 'and', 'easy', 'to', 'communicate', 'with']","['JJ', 'NN', 'PRP', 'MD', 'RB', 'NN', 'DT', 'JJ', 'NN', 'IN', 'NN', 'NN', 'RB', 'NNP', 'NN', 'IN', 'NNP', 'NN', 'TO', 'NN', 'PRP', 'VBD', 'IN', 'NNP', 'DT', 'NN', 'VBD', 'JJ', 'NN', 'CC', 'JJ', 'TO', 'VB', 'IN']"
316427775,Perfect for our trip. We would definitely book this entire loft again. Our superhost was super responsive and easy to communicate with. The entire loft was spotless and exactly as described.,"['perfect', 'for', 'our', 'trip', 'we', 'would', 'definitely', 'book', 'this', 'entire', 'loft', 'again', 'our', 'superhost', 'be', 'super', 'responsive', 'and', 'easy', 'to', 'communicate', 'with', 'the', 'entire', 'loft', 'be', 'spotless', 'and', 'exactly', 'a', 'described']","['NN', 'IN', 'PRP$', 'NN', 'PRP', 'MD', 'RB', 'NN', 'DT', 'JJ', 'NN', 'RB', 'PRP$', 'NN', 'VBD', 'JJ', 'NN', 'CC', 'JJ', 'TO', 'VB', 'IN', 'DT', 'JJ', 'NN', 'VBD', 'JJ', 'CC', 'RB', 'IN', 'NN']"
112372998,It was okay for the price. The entire villa was fine but a little smaller than expected. Our superhost was polite but slow to respond a couple of times.,"['it', 'be', 'okay', 'for', 'the', 'price', 'the', 'entire', 'villa', 'be', 'fine', 'but', 'a', 'little', 'small', 'than', 'expect', 'our', 'superhost', 'be', 'polite', 'but', 'slow', 'to', 'respond', 'a', 'couple', 'of', 'time']","['PRP', 'VBD', 'VBN', 'IN', 'DT', 'NN', 'DT', 'JJ', 'NN', 'VBD', 'JJ', 'CC', 'DT', 'JJ', 'JJR', 'IN', 'VBN', 'PRP$', 'NN', 'VBD', 'JJ', 'CC', 'JJ', 'TO', 'VB', 'DT', 'NN', 'IN', 'NNS']"
178265689,Not worth the price. The host was difficult to reach when we had issues. The location in I Centro Storico was noisier than expected.,"['not', 'worth', 'the', 'price', 'the', 'host', 'be', 'difficult', 'to', 'reach', 'when', 'we', 'have', 'issue', 'the', 'location', 'in', 'i', 'centro', 'storico', 'be', 'noisy', 'than', 'expect']","['RB', 'IN', 'DT', 'NN', 'DT', 'NN', 'VBD', 'JJ', 'TO', 'VB', 'WRB', 'PRP', 'VBD', 'NNS', 'DT', 'NN', 'IN', 'PRP', 'NNP', 'NNP', 'VBD', 'JJR', 'IN', 'VBN']"
474567436,It was okay for the price. It served its purpose for our stay in Paris.,"['it', 'be', 'okay', 'for', 'the', 'price', 'it', 'serve', 'it', 'purpose', 'for', 'our', 'stay', 'in', 'paris']","['PRP', 'VBD', 'VBN', 'IN', 'DT', 'NN', 'PRP', 'VBD', 'PRP$', 'NN', 'IN', 'PRP$', 'NN', 'IN', 'NNP']"
360896922,Loved every minute of it. Check-in was smooth and the amenities were exactly what we needed. The room in bed and breakfast was spotless and exactly as described. The place felt very cozy for 2 guests.,"['love', 'every', 'minute', 'of', 'it', 'be', 'smooth', 'and', 'the', 'amenity', 'be', 'exactly', 'what', 'we', 'need', 'the', 'room', 'in', 'bed', 'and', 'breakfast', 'be', 'spotless', 'and', 'exactly', 'a', 'describe', 'the', 'place', 'felt', 'very', 'cozy', 'for', 'guest']","['VBN', 'DT', 'NN', 'IN', 'PRP', 'VBD', 'JJ', 'CC', 'DT', 'NNS', 'VBD', 'RB', 'WP', 'PRP', 'VBD', 'DT', 'NN', 'IN', 'NN', 'CC', 'NN', 'VBD', 'JJ', 'CC', 'RB', 'IN', 'VBN', 'DT', 'NN', 'VBD', 'RB', 'JJ', 'IN', 'NNS']"
458669441,An average experience. The host was polite but slow to respond a couple of times. Location in Enclos-St-Laurent was convenient enough.,"['an', 'average', 'experience', 'the', 'host', 'be', 'polite', 'but', 'slow', 'to', 'respond', 'a', 'couple', 'of', 'time', 'location', 'in', 'be', 'convenient', 'enough']","['DT', 'JJ', 'NN', 'DT', 'NN', 'VBD', 'JJ', 'CC', 'JJ', 'TO', 'VB', 'DT', 'NN', 'IN', 'NNS', 'NNP', 'IN', 'VBD', 'JJ', 'RB']"
284300932,Not worth the price. The host was difficult to reach when we had issues. The location in I Centro Storico was noisier than expected.,"['not', 'worth', 'the', 'price', 'the', 'host', 'be', 'difficult', 'to', 'reach', 'when', 'we', 'have', 'issue', 'the', 'location', 'in', 'i', 'centro', 'storico', 'be', 'noisy', 'than', 'expect']","['RB', 'IN', 'DT', 'NN', 'DT', 'NN', 'VBD', 'JJ', 'TO', 'VB', 'WRB', 'PRP', 'VBD', 'NNS', 'DT', 'NN', 'IN', 'PRP', 'NNP', 'NNP', 'VBD', 'JJR', 'IN', 'VBN']"
289534844,Couldn't have asked for more. The entire condominium was spotless and exactly as described. We would definitely book this entire condominium again. Our superhost was super responsive and easy to communicate with.,"['could', 'have', 'ask', 'for', 'more', 'the', 'entire', 'condominium', 'be', 'spotless', 'and', 'exactly', 'a', 'describe', 'we', 'would', 'definitely', 'book', 'this', 'entire', 'condominium', 'again', 'our', 'superhost', 'be', 'super', 'responsive', 'and', 'easy', 'to', 'communicate', 'with']","['MD', 'VB', 'VBN', 'IN', 'JJR', 'DT', 'JJ', 'NN', 'VBD', 'JJ', 'CC', 'RB', 'IN', 'VBN', 'PRP', 'MD', 'RB', 'NN', 'DT', 'JJ', 'NN', 'RB', 'PRP$', 'NN', 'VBD', 'JJ', 'NN', 'CC', 'JJ', 'TO', 'VB', 'IN']"
58804247,"Couldn't have asked for more. We would definitely book this entire apartment again. Great location in Crown Heights, close to everything we needed in New York.","['could', 'have', 'ask', 'for', 'more', 'we', 'would', 'definitely', 'book', 'this', 'entire', 'apartment', 'again', 'great', 'location', 'in', 'crown', 'height', 'close', 'to', 'everything', 'we', 'need', 'in', 'new', 'york']","['MD', 'VB', 'VBN', 'IN', 'JJR', 'PRP', 'MD', 'RB', 'NN', 'DT', 'JJ', 'NN', 'RB', 'NNP', 'NN', 'IN', 'NNP', 'NNP', 'NN', 'TO', 'NN', 'PRP', 'VBD', 'IN', 'NNP', 'NNP']"
114327966,"Reasonable for a short trip. Some things could be improved, like cleanliness in the entire apartment. It served its purpose for our stay in Mexico City.","['reasonable', 'for', 'a', 'short', 'trip', 'some', 'thing', 'could', 'be', 'improve', 'like', 'cleanliness', 'in', 'the', 'entire', 'apartment', 'it', 'serve', 'it', 'purpose', 'for', 'our', 'stay', 'in', 'mexico', 'city']","['JJ', 'IN', 'DT', 'JJ', 'NN', 'DT', 'NNS', 'MD', 'VB', 'VBN', 'IN', 'NN', 'IN', 'DT', 'JJ', 'NN', 'PRP', 'VBD', 'PRP$', 'NN', 'IN', 'PRP$', 'NN', 'IN', 'NNP', 'NNP']"
420328734,Below our expectations. The host was difficult to reach when we had issues. The entire apartment was not as clean as the photos suggested. We had several issues during our stay that were never resolved.,"['below', 'our', 'expectation', 'the', 'host', 'be', 'difficult', 'to', 'reach', 'when', 'we', 'have', 'issue', 'the', 'entire', 'apartment', 'be', 'not', 'as', 'clean', 'a', 'the', 'photo', 'suggest', 'we', 'have', 'several', 'issue', 'during', 'our', 'stay', 'that', 'be', 'never', 'resolve']","['IN', 'PRP$', 'NNS', 'DT', 'NN', 'VBD', 'JJ', 'TO', 'VB', 'WRB', 'PRP', 'VBD', 'NNS', 'DT', 'JJ', 'NN', 'VBD', 'RB', 'RB', 'JJ', 'IN', 'DT', 'NNS', 'VBD', 'PRP', 'VBD', 'JJ', 'NNS', 'IN', 'PRP$', 'NN', 'WDT', 'VBD', 'RB', 'VBN']"
19825787,Would not recommend. We had several issues during our stay that were never resolved. Check-in was confusing and delayed our arrival in Paris.,"['would', 'not', 'recommend', 'we', 'have', 'several', 'issue', 'during', 'our', 'stay', 'that', 'be', 'never', 'resolve', 'be', 'confuse', 'and', 'delay', 'our', 'arrival', 'in', 'paris']","['MD', 'RB', 'VB', 'PRP', 'VBD', 'JJ', 'NNS', 'IN', 'PRP$', 'NN', 'WDT', 'VBD', 'RB', 'VBN', 'VBD', 'VBG', 'CC', 'VB', 'PRP$', 'NN', 'IN', 'NNP']"
656548093,Not worth the price. The location in Beyoglu was noisier than expected. The host was difficult to reach when we had issues. The room in boutique hotel was not as clean as the photos suggested.,"['not', 'worth', 'the', 'price', 'the', 'location', 'in', 'beyoglu', 'be', 'noisy', 'than', 'expect', 'the', 'host', 'be', 'difficult', 'to', 'reach', 'when', 'we', 'have', 'issue', 'the', 'room', 'in', 'boutique', 'hotel', 'be', 'not', 'as', 'clean', 'a', 'the', 'photo', 'suggest']","['RB', 'IN', 'DT', 'NN', 'DT', 'NN', 'IN', 'NNP', 'VBD', 'JJR', 'IN', 'VBN', 'DT', 'NN', 'VBD', 'JJ', 'TO', 'VB', 'WRB', 'PRP', 'VBD', 'NNS', 'DT', 'NN', 'IN', 'JJ', 'NN', 'VBD', 'RB', 'RB', 'JJ', 'IN', 'DT', 'NN', 'VBD']"
197245937,"Decent stay overall. Some things could be improved, like cleanliness in the entire apartment.","['decent', 'stay', 'overall', 'some', 'thing', 'could', 'be', 'improve', 'like', 'cleanliness', 'in', 'the', 'entire', 'apartment']","['NNP', 'NN', 'RB', 'DT', 'NNS', 'MD', 'VB', 'VBN', 'IN', 'NN', 'IN', 'DT', 'JJ', 'NN']"
416408744,Would not recommend. We had several issues during our stay that were never resolved. The private room in townhouse was not as clean as the photos suggested.,"['would', 'not', 'recommend', 'we', 'have', 'several', 'issue', 'during', 'our', 'stay', 'that', 'be', 'never', 'resolve', 'the', 'private', 'room', 'in', 'townhouse', 'be', 'not', 'as', 'clean', 'a', 'the', 'photo', 'suggest']","['MD', 'RB', 'VB', 'PRP', 'VBD', 'JJ', 'NNS', 'IN', 'PRP$', 'NN', 'WDT', 'VBD', 'RB', 'VBN', 'DT', 'JJ', 'NN', 'IN', 'NN', 'VBD', 'RB', 'RB', 'JJ', 'IN', 'DT', 'NN', 'VBD']"
482222120,Amazing stay! The entire apartment was spotless and exactly as described. Check-in was smooth and the amenities were exactly what we needed.,"['amaze', 'stay', 'the', 'entire', 'apartment', 'be', 'spotless', 'and', 'exactly', 'a', 'described', 'be', 'smooth', 'and', 'the', 'amenity', 'be', 'exactly', 'what', 'we', 'need']","['VBG', 'VB', 'DT', 'JJ', 'NN', 'VBD', 'JJ', 'CC', 'RB', 'IN', 'NN', 'VBD', 'JJ', 'CC', 'DT', 'NNS', 'VBD', 'RB', 'WP', 'PRP', 'VBD']"
621221369,"We had a fantastic time. The entire house was spotless and exactly as described. Our superhost was super responsive and easy to communicate with. Great location in Ward 14, close to everything we needed in Cape Town.","['we', 'have', 'a', 'fantastic', 'time', 'the', 'entire', 'house', 'be', 'spotless', 'and', 'exactly', 'a', 'describe', 'our', 'superhost', 'be', 'super', 'responsive', 'and', 'easy', 'to', 'communicate', 'with', 'great', 'location', 'in', 'ward', 'close', 'to', 'everything', 'we', 'need', 'in', 'cape', 'town']","['PRP', 'VBD', 'DT', 'JJ', 'NN', 'DT', 'JJ', 'NN', 'VBD', 'JJ', 'CC', 'RB', 'IN', 'VBN', 'PRP$', 'NN', 'VBD', 'JJ', 'NN', 'CC', 'JJ', 'TO', 'VB', 'IN', 'NNP', 'NN', 'IN', 'NNP', 'NN', 'TO', 'NN', 'PRP', 'VBD', 'IN', 'NNP', 'NNP']"
41074046,Reasonable for a short trip. The private room in bed and breakfast was fine but a little smaller than expected.,"['reasonable', 'for', 'a', 'short', 'trip', 'the', 'private', 'room', 'in', 'bed', 'and', 'breakfast', 'be', 'fine', 'but', 'a', 'little', 'small', 'than', 'expect']","['JJ', 'IN', 'DT', 'JJ', 'NN', 'DT', 'JJ', 'NN', 'IN', 'NN', 'CC', 'NN', 'VBD', 'JJ', 'CC', 'DT', 'JJ', 'JJR', 'IN', 'VBN']"
4298850,An average experience. The host was polite but slow to respond a couple of times. It served its purpose for our stay in Rome.,"['an', 'average', 'experience', 'the', 'host', 'be', 'polite', 'but', 'slow', 'to', 'respond', 'a', 'couple', 'of', 'time', 'it', 'serve', 'it', 'purpose', 'for', 'our', 'stay', 'in', 'rome']","['DT', 'JJ', 'NN', 'DT', 'NN', 'VBD', 'JJ', 'CC', 'JJ', 'TO', 'VB', 'DT', 'NN', 'IN', 'NNS', 'PRP', 'VBD', 'PRP$', 'NN', 'IN', 'PRP$', 'NN', 'IN', 'NNP']"
596080173,Not worth the price. We had several issues during our stay that were never resolved. The location in Fresh Meadows was noisier than expected. Our superhost was difficult to reach when we had issues.,"['not', 'worth', 'the', 'price', 'we', 'have', 'several', 'issue', 'during', 'our', 'stay', 'that', 'be', 'never', 'resolve', 'the', 'location', 'in', 'fresh', 'meadow', 'be', 'noisy', 'than', 'expect', 'our', 'superhost', 'be', 'difficult', 'to', 'reach', 'when', 'we', 'have', 'issue']","['RB', 'IN', 'DT', 'NN', 'PRP', 'VBD', 'JJ', 'NNS', 'IN', 'PRP$', 'NN', 'WDT', 'VBD', 'RB', 'VBN', 'DT', 'NN', 'IN', 'NNP', 'NNP', 'VBD', 'JJR', 'IN', 'VBN', 'PRP$', 'NN', 'VBD', 'JJ', 'TO', 'VB', 'WRB', 'PRP', 'VBD', 'NNS']"
482430810,We had a rough experience. Our superhost was difficult to reach when we had issues. The entire serviced apartment was not as clean as the photos suggested.,"['we', 'have', 'a', 'rough', 'experience', 'our', 'superhost', 'be', 'difficult', 'to', 'reach', 'when', 'we', 'have', 'issue', 'the', 'entire', 'service', 'apartment', 'be', 'not', 'as', 'clean', 'a', 'the', 'photo', 'suggest']","['PRP', 'VBD', 'DT', 'JJ', 'NN', 'PRP$', 'NN', 'VBD', 'JJ', 'TO', 'VB', 'WRB', 'PRP', 'VBD', 'NNS', 'DT', 'JJ', 'VBD', 'NN', 'VBD', 'RB', 'RB', 'JJ', 'IN', 'DT', 'NN', 'VBD']"
241421266,"Nothing special, but fine. It served its purpose for our stay in Cape Town.","['nothing', 'special', 'but', 'fine', 'it', 'serve', 'it', 'purpose', 'for', 'our', 'stay', 'in', 'cape', 'town']","['VBG', 'JJ', 'CC', 'JJ', 'PRP', 'VBD', 'PRP$', 'NN', 'IN', 'PRP$', 'NN', 'IN', 'NNP', 'NNP']"
195998693,We had a rough experience. The location in Harlem was noisier than expected. We had several issues during our stay that were never resolved.,"['we', 'have', 'a', 'rough', 'experience', 'the', 'location', 'in', 'harlem', 'be', 'noisy', 'than', 'expect', 'we', 'have', 'several', 'issue', 'during', 'our', 'stay', 'that', 'be', 'never', 'resolve']","['PRP', 'VBD', 'DT', 'JJ', 'NN', 'DT', 'NN', 'IN', 'NNP', 'VBD', 'JJR', 'IN', 'VBN', 'PRP', 'VBD', 'JJ', 'NNS', 'IN', 'PRP$', 'NN', 'WDT', 'VBD', 'RB', 'VBN']"
529492054,It was okay for the price. The host was polite but slow to respond a couple of times. It served its purpose for our stay in Sydney.,"['it', 'be', 'okay', 'for', 'the', 'price', 'the', 'host', 'be', 'polite', 'but', 'slow', 'to', 'respond', 'a', 'couple', 'of', 'time', 'it', 'serve', 'it', 'purpose', 'for', 'our', 'stay', 'in', 'sydney']","['PRP', 'VBD', 'VBN', 'IN', 'DT', 'NN', 'DT', 'NN', 'VBD', 'JJ', 'CC', 'JJ', 'TO', 'VB', 'DT', 'NN', 'IN', 'NNS', 'PRP', 'VBD', 'PRP$', 'NN', 'IN', 'PRP$', 'NN', 'IN', 'NNP']"
141838194,"Reasonable for a short trip. It served its purpose for our stay in Rome. Some things could be improved, like cleanliness in the private room in apartment.","['reasonable', 'for', 'a', 'short', 'trip', 'it', 'serve', 'it', 'purpose', 'for', 'our', 'stay', 'in', 'rome', 'some', 'thing', 'could', 'be', 'improve', 'like', 'cleanliness', 'in', 'the', 'private', 'room', 'in', 'apartment']","['JJ', 'IN', 'DT', 'JJ', 'NN', 'PRP', 'VBD', 'PRP$', 'NN', 'IN', 'PRP$', 'NN', 'IN', 'NNP', 'DT', 'NNS', 'MD', 'VB', 'VBN', 'IN', 'NN', 'IN', 'DT', 'JJ', 'NN', 'IN', 'NN']"
591727197,Not worth the price. Check-in was confusing and delayed our arrival in Sydney. The entire house was not as clean as the photos suggested.,"['not', 'worth', 'the', 'price', 'be', 'confuse', 'and', 'delay', 'our', 'arrival', 'in', 'sydney', 'the', 'entire', 'house', 'be', 'not', 'as', 'clean', 'a', 'the', 'photo', 'suggest']","['RB', 'IN', 'DT', 'NN', 'VBD', 'VBG', 'CC', 'VB', 'PRP$', 'NN', 'IN', 'NNP', 'DT', 'JJ', 'NN', 'VBD', 'RB', 'RB', 'JJ', 'IN', 'DT', 'NN', 'VBD']"
564067554,It was okay for the price. Our superhost was polite but slow to respond a couple of times.,"['it', 'be', 'okay', 'for', 'the', 'price', 'our', 'superhost', 'be', 'polite', 'but', 'slow', 'to', 'respond', 'a', 'couple', 'of', 'time']","['PRP', 'VBD', 'VBN', 'IN', 'DT', 'NN', 'PRP$', 'NN', 'VBD', 'JJ', 'CC', 'JJ', 'TO', 'VB', 'DT', 'NN', 'IN', 'NNS']"
225480965,It was okay for the price. Our superhost was polite but slow to respond a couple of times.,"['it', 'be', 'okay', 'for', 'the', 'price', 'our', 'superhost', 'be', 'polite', 'but', 'slow', 'to', 'respond', 'a', 'couple', 'of', 'time']","['PRP', 'VBD', 'VBN', 'IN', 'DT', 'NN', 'PRP$', 'NN', 'VBD', 'JJ', 'CC', 'JJ', 'TO', 'VB', 'DT', 'NN', 'IN', 'NNS']"
568203024,Decent stay overall. It served its purpose for our stay in Paris.,"['decent', 'stay', 'overall', 'it', 'serve', 'it', 'purpose', 'for', 'our', 'stay', 'in', 'paris']","['NNP', 'NN', 'IN', 'PRP', 'VBD', 'PRP$', 'NN', 'IN', 'PRP$', 'NN', 'IN', 'NNP']"
442338466,Amazing stay! The place felt very cozy for 5 guests. The entire apartment was spotless and exactly as described. Check-in was smooth and the amenities were exactly what we needed.,"['amaze', 'stay', 'the', 'place', 'felt', 'very', 'cozy', 'for', 'guest', 'the', 'entire', 'apartment', 'be', 'spotless', 'and', 'exactly', 'a', 'described', 'be', 'smooth', 'and', 'the', 'amenity', 'be', 'exactly', 'what', 'we', 'need']","['VBG', 'VB', 'DT', 'NN', 'VBD', 'RB', 'JJ', 'IN', 'NNS', 'DT', 'JJ', 'NN', 'VBD', 'JJ', 'CC', 'RB', 'IN', 'NN', 'VBD', 'JJ', 'CC', 'DT', 'NNS', 'VBD', 'RB', 'WP', 'PRP', 'VBD']"
354477542,Below our expectations. The location in Pittwater was noisier than expected. The host was difficult to reach when we had issues. The entire house was not as clean as the photos suggested.,"['below', 'our', 'expectation', 'the', 'location', 'in', 'pittwater', 'be', 'noisy', 'than', 'expect', 'the', 'host', 'be', 'difficult', 'to', 'reach', 'when', 'we', 'have', 'issue', 'the', 'entire', 'house', 'be', 'not', 'as', 'clean', 'a', 'the', 'photo', 'suggest']","['IN', 'PRP$', 'NNS', 'DT', 'NN', 'IN', 'NNP', 'VBD', 'JJR', 'IN', 'VBN', 'DT', 'NN', 'VBD', 'JJ', 'TO', 'VB', 'WRB', 'PRP', 'VBD', 'NNS', 'DT', 'JJ', 'NN', 'VBD', 'RB', 'RB', 'JJ', 'IN', 'DT', 'NN', 'VBD']"
354006446,We had a rough experience. Our superhost was difficult to reach when we had issues. The location in Temple was noisier than expected. We had several issues during our stay that were never resolved.,"['we', 'have', 'a', 'rough', 'experience', 'our', 'superhost', 'be', 'difficult', 'to', 'reach', 'when', 'we', 'have', 'issue', 'the', 'location', 'in', 'temple', 'be', 'noisy', 'than', 'expect', 'we', 'have', 'several', 'issue', 'during', 'our', 'stay', 'that', 'be', 'never', 'resolve']","['PRP', 'VBD', 'DT', 'JJ', 'NN', 'PRP$', 'NN', 'VBD', 'JJ', 'TO', 'VB', 'WRB', 'PRP', 'VBD', 'NNS', 'DT', 'NN', 'IN', 'NNP', 'VBD', 'JJR', 'IN', 'VBN', 'PRP', 'VBD', 'JJ', 'NNS', 'IN', 'PRP$', 'NN', 'WDT', 'VBD', 'RB', 'VBN']"
445989154,Decent stay overall. The host was polite but slow to respond a couple of times.,"['decent', 'stay', 'overall', 'the', 'host', 'be', 'polite', 'but', 'slow', 'to', 'respond', 'a', 'couple', 'of', 'time']","['NNP', 'NN', 'RB', 'DT', 'NN', 'VBD', 'JJ', 'CC', 'JJ', 'TO', 'VB', 'DT', 'NN', 'IN', 'NNS']"
651258796,"An average experience. Some things could be improved, like cleanliness in the entire apartment. It served its purpose for our stay in Paris.","['an', 'average', 'experience', 'some', 'thing', 'could', 'be', 'improve', 'like', 'cleanliness', 'in', 'the', 'entire', 'apartment', 'it', 'serve', 'it', 'purpose', 'for', 'our', 'stay', 'in', 'paris']","['DT', 'JJ', 'NN', 'DT', 'NNS', 'MD', 'VB', 'VBN', 'IN', 'NN', 'IN', 'DT', 'JJ', 'NN', 'PRP', 'VBD', 'PRP$', 'NN', 'IN', 'PRP$', 'NN', 'IN', 'NNP']"
723266448,Highly recommend this place! The entire apartment was spotless and exactly as described. Check-in was smooth and the amenities were exactly what we needed. We would definitely book this entire apartment again.,"['highly', 'recommend', 'this', 'place', 'the', 'entire', 'apartment', 'be', 'spotless', 'and', 'exactly', 'a', 'described', 'be', 'smooth', 'and', 'the', 'amenity', 'be', 'exactly', 'what', 'we', 'need', 'we', 'would', 'definitely', 'book', 'this', 'entire', 'apartment', 'again']","['RB', 'VB', 'DT', 'NN', 'DT', 'JJ', 'NN', 'VBD', 'JJ', 'CC', 'RB', 'IN', 'NN', 'VBD', 'JJ', 'CC', 'DT', 'NNS', 'VBD', 'RB', 'WP', 'PRP', 'VBD', 'PRP', 'MD', 'RB', 'NN', 'DT', 'JJ', 'NN', 'RB']"
615228038,Decent stay overall. The entire apartment was fine but a little smaller than expected.,"['decent', 'stay', 'overall', 'the', 'entire', 'apartment', 'be', 'fine', 'but', 'a', 'little', 'small', 'than', 'expect']","['NNP', 'NN', 'RB', 'DT', 'JJ', 'NN', 'VBD', 'JJ', 'CC', 'DT', 'JJ', 'JJR', 'IN', 'VBN']"
579689105,Wonderful experience. The place felt very cozy for 4 guests. The entire apartment was spotless and exactly as described. The host was super responsive and easy to communicate with.,"['wonderful', 'experience', 'the', 'place', 'felt', 'very', 'cozy', 'for', 'guest', 'the', 'entire', 'apartment', 'be', 'spotless', 'and', 'exactly', 'a', 'describe', 'the', 'host', 'be', 'super', 'responsive', 'and', 'easy', 'to', 'communicate', 'with']","['JJ', 'NN', 'DT', 'NN', 'VBD', 'RB', 'JJ', 'IN', 'NNS', 'DT', 'JJ', 'NN', 'VBD', 'JJ', 'CC', 'RB', 'IN', 'VBN', 'DT', 'NN', 'VBD', 'JJ', 'NN', 'CC', 'JJ', 'TO', 'VB', 'IN']"
534011291,Below our expectations. The host was difficult to reach when we had issues. We had several issues during our stay that were never resolved.,"['below', 'our', 'expectation', 'the', 'host', 'be', 'difficult', 'to', 'reach', 'when', 'we', 'have', 'issue', 'we', 'have', 'several', 'issue', 'during', 'our', 'stay', 'that', 'be', 'never', 'resolve']","['IN', 'PRP$', 'NNS', 'DT', 'NN', 'VBD', 'JJ', 'TO', 'VB', 'WRB', 'PRP', 'VBD', 'NNS', 'PRP', 'VBD', 'JJ', 'NNS', 'IN', 'PRP$', 'NN', 'WDT', 'VBD', 'RB', 'VBN']"
408603624,"We had a fantastic time. The place felt very cozy for 4 guests. Great location in Sydney, close to everything we needed in Sydney.","['we', 'have', 'a', 'fantastic', 'time', 'the', 'place', 'felt', 'very', 'cozy', 'for', 'guest', 'great', 'location', 'in', 'sydney', 'close', 'to', 'everything', 'we', 'need', 'in', 'sydney']","['PRP', 'VBD', 'DT', 'JJ', 'NN', 'DT', 'NN', 'VBD', 'RB', 'JJ', 'IN', 'NNS', 'NNP', 'NN', 'IN', 'NNP', 'NN', 'TO', 'NN', 'PRP', 'VBD', 'IN', 'NNP']"
38942338,Exceeded our expectations! We would definitely book this entire apartment again. The place felt very cozy for 2 guests. Our superhost was super responsive and easy to communicate with.,"['exceed', 'our', 'expectation', 'we', 'would', 'definitely', 'book', 'this', 'entire', 'apartment', 'again', 'the', 'place', 'felt', 'very', 'cozy', 'for', 'guest', 'our', 'superhost', 'be', 'super', 'responsive', 'and', 'easy', 'to', 'communicate', 'with']","['VBD', 'PRP$', 'NNS', 'PRP', 'MD', 'RB', 'NN', 'DT', 'JJ', 'NN', 'RB', 'DT', 'NN', 'VBD', 'RB', 'JJ', 'IN', 'NNS', 'PRP$', 'NN', 'VBD', 'JJ', 'NN', 'CC', 'JJ', 'TO', 'VB', 'IN']"
35363706,We had a rough experience. Check-in was confusing and delayed our arrival in New York. The host was difficult to reach when we had issues. The location in Williamsburg was noisier than expected.,"['we', 'have', 'a', 'rough', 'experience', 'be', 'confuse', 'and', 'delay', 'our', 'arrival', 'in', 'new', 'york', 'the', 'host', 'be', 'difficult', 'to', 'reach', 'when', 'we', 'have', 'issue', 'the', 'location', 'in', 'williamsburg', 'be', 'noisy', 'than', 'expect']","['PRP', 'VBD', 'DT', 'JJ', 'NN', 'VBD', 'VBG', 'CC', 'VB', 'PRP$', 'NN', 'IN', 'NNP', 'NNP', 'DT', 'NN', 'VBD', 'JJ', 'TO', 'VB', 'WRB', 'PRP', 'VBD', 'NNS', 'DT', 'NN', 'IN', 'NNP', 'VBD', 'JJR', 'IN', 'VBN']"
658656702,"Nothing special, but fine. It served its purpose for our stay in New York. The room in hotel was fine but a little smaller than expected.","['nothing', 'special', 'but', 'fine', 'it', 'serve', 'it', 'purpose', 'for', 'our', 'stay', 'in', 'new', 'york', 'the', 'room', 'in', 'hotel', 'be', 'fine', 'but', 'a', 'little', 'small', 'than', 'expect']","['VBG', 'JJ', 'CC', 'JJ', 'PRP', 'VBD', 'PRP$', 'NN', 'IN', 'PRP$', 'NN', 'IN', 'NNP', 'NNP', 'DT', 'NN', 'IN', 'NN', 'VBD', 'JJ', 'CC', 'DT', 'JJ', 'JJR', 'IN', 'VBN']"
282987325,Would not recommend. The entire apartment was not as clean as the photos suggested. The location in Leichhardt was noisier than expected.,"['would', 'not', 'recommend', 'the', 'entire', 'apartment', 'be', 'not', 'as', 'clean', 'a', 'the', 'photo', 'suggest', 'the', 'location', 'in', 'leichhardt', 'be', 'noisy', 'than', 'expect']","['MD', 'RB', 'VB', 'DT', 'JJ', 'NN', 'VBD', 'RB', 'RB', 'JJ', 'IN', 'DT', 'NN', 'VBD', 'DT', 'NN', 'IN', 'NNP', 'VBD', 'JJR', 'IN', 'VBN']"
29478501,It was okay for the price. The entire apartment was fine but a little smaller than expected.,"['it', 'be', 'okay', 'for', 'the', 'price', 'the', 'entire', 'apartment', 'be', 'fine', 'but', 'a', 'little', 'small', 'than', 'expect']","['PRP', 'VBD', 'VBN', 'IN', 'DT', 'NN', 'DT', 'JJ', 'NN', 'VBD', 'JJ', 'CC', 'DT', 'JJ', 'JJR', 'IN', 'VBN']"
604240577,Not worth the price. The location in Coyoacan was noisier than expected. Our superhost was difficult to reach when we had issues.,"['not', 'worth', 'the', 'price', 'the', 'location', 'in', 'coyoacan', 'be', 'noisy', 'than', 'expect', 'our', 'superhost', 'be', 'difficult', 'to', 'reach', 'when', 'we', 'have', 'issue']","['RB', 'IN', 'DT', 'NN', 'DT', 'NN', 'IN', 'NNP', 'VBD', 'JJR', 'IN', 'VBN', 'PRP$', 'NN', 'VBD', 'JJ', 'TO', 'VB', 'WRB', 'PRP', 'VBD', 'NNS']"
441626238,It was okay for the price. The host was polite but slow to respond a couple of times.,"['it', 'be', 'okay', 'for', 'the', 'price', 'the', 'host', 'be', 'polite', 'but', 'slow', 'to', 'respond', 'a', 'couple', 'of', 'time']","['PRP', 'VBD', 'VBN', 'IN', 'DT', 'NN', 'DT', 'NN', 'VBD', 'JJ', 'CC', 'JJ', 'TO', 'VB', 'DT', 'NN', 'IN', 'NNS']"
648772340,Below our expectations. Check-in was confusing and delayed our arrival in Paris. The entire apartment was not as clean as the photos suggested.,"['below', 'our', 'expectation', 'be', 'confuse', 'and', 'delay', 'our', 'arrival', 'in', 'paris', 'the', 'entire', 'apartment', 'be', 'not', 'as', 'clean', 'a', 'the', 'photo', 'suggest']","['IN', 'PRP$', 'NNS', 'VBD', 'VBG', 'CC', 'VB', 'PRP$', 'NN', 'IN', 'NNP', 'DT', 'JJ', 'NN', 'VBD', 'RB', 'RB', 'JJ', 'IN', 'DT', 'NN', 'VBD']"
289313949,"Reasonable for a short trip. Some things could be improved, like cleanliness in the entire apartment. It served its purpose for our stay in Paris.","['reasonable', 'for', 'a', 'short', 'trip', 'some', 'thing', 'could', 'be', 'improve', 'like', 'cleanliness', 'in', 'the', 'entire', 'apartment', 'it', 'serve', 'it', 'purpose', 'for', 'our', 'stay', 'in', 'paris']","['JJ', 'IN', 'DT', 'JJ', 'NN', 'DT', 'NNS', 'MD', 'VB', 'VBN', 'IN', 'NN', 'IN', 'DT', 'JJ', 'NN', 'PRP', 'VBD', 'PRP$', 'NN', 'IN', 'PRP$', 'NN', 'IN', 'NNP']"
650748027,Amazing stay! Check-in was smooth and the amenities were exactly what we needed. We would definitely book this entire apartment again. The place felt very cozy for 7 guests.,"['amaze', 'stay', 'be', 'smooth', 'and', 'the', 'amenity', 'be', 'exactly', 'what', 'we', 'need', 'we', 'would', 'definitely', 'book', 'this', 'entire', 'apartment', 'again', 'the', 'place', 'felt', 'very', 'cozy', 'for', 'guest']","['VBG', 'NN', 'VBD', 'JJ', 'CC', 'DT', 'NNS', 'VBD', 'RB', 'WP', 'PRP', 'VBD', 'PRP', 'MD', 'RB', 'NN', 'DT', 'JJ', 'NN', 'RB', 'DT', 'NN', 'VBD', 'RB', 'JJ', 'IN', 'NNS']"
229730900,Decent stay overall. The host was polite but slow to respond a couple of times.,"['decent', 'stay', 'overall', 'the', 'host', 'be', 'polite', 'but', 'slow', 'to', 'respond', 'a', 'couple', 'of', 'time']","['NNP', 'NN', 'RB', 'DT', 'NN', 'VBD', 'JJ', 'CC', 'JJ', 'TO', 'VB', 'DT', 'NN', 'IN', 'NNS']"
83657813,Disappointing stay. Check-in was confusing and delayed our arrival in New York. Our superhost was difficult to reach when we had issues. The location in Bushwick was noisier than expected.,"['disappoint', 'stay', 'be', 'confuse', 'and', 'delay', 'our', 'arrival', 'in', 'new', 'york', 'our', 'superhost', 'be', 'difficult', 'to', 'reach', 'when', 'we', 'have', 'issue', 'the', 'location', 'in', 'bushwick', 'be', 'noisy', 'than', 'expect']","['VBG', 'NN', 'VBD', 'VBG', 'CC', 'VB', 'PRP$', 'NN', 'IN', 'NNP', 'NNP', 'PRP$', 'NN', 'VBD', 'JJ', 'TO', 'VB', 'WRB', 'PRP', 'VBD', 'NNS', 'DT', 'NN', 'IN', 'NNP', 'VBD', 'JJR', 'IN', 'VBN']"
519440575,"Highly recommend this place! The private room in house was spotless and exactly as described. Our superhost was super responsive and easy to communicate with. Great location in East Elmhurst, close to everything we needed in New York.","['highly', 'recommend', 'this', 'place', 'the', 'private', 'room', 'in', 'house', 'be', 'spotless', 'and', 'exactly', 'a', 'describe', 'our', 'superhost', 'be', 'super', 'responsive', 'and', 'easy', 'to', 'communicate', 'with', 'great', 'location', 'in', 'east', 'elmhurst', 'close', 'to', 'everything', 'we', 'need', 'in', 'new', 'york']","['RB', 'VB', 'DT', 'NN', 'DT', 'JJ', 'NN', 'IN', 'NN', 'VBD', 'JJ', 'CC', 'RB', 'IN', 'VBN', 'PRP$', 'NN', 'VBD', 'JJ', 'NN', 'CC', 'JJ', 'TO', 'VB', 'IN', 'NNP', 'NN', 'IN', 'NNP', 'NNP', 'NN', 'TO', 'NN', 'PRP', 'VBD', 'IN', 'NNP', 'NNP']"
125640153,An average experience. Location in Sydney was convenient enough. The private room in house was fine but a little smaller than expected.,"['an', 'average', 'experience', 'location', 'in', 'sydney', 'be', 'convenient', 'enough', 'the', 'private', 'room', 'in', 'house', 'be', 'fine', 'but', 'a', 'little', 'small', 'than', 'expect']","['DT', 'JJ', 'NN', 'NN', 'IN', 'NNP', 'VBD', 'JJ', 'RB', 'DT', 'JJ', 'NN', 'IN', 'NN', 'VBD', 'JJ', 'CC', 'DT', 'JJ', 'JJR', 'IN', 'VBN']"
23219700,We had a rough experience. Check-in was confusing and delayed our arrival in Sydney. We had several issues during our stay that were never resolved.,"['we', 'have', 'a', 'rough', 'experience', 'be', 'confuse', 'and', 'delay', 'our', 'arrival', 'in', 'sydney', 'we', 'have', 'several', 'issue', 'during', 'our', 'stay', 'that', 'be', 'never', 'resolve']","['PRP', 'VBD', 'DT', 'JJ', 'NN', 'VBD', 'VBG', 'CC', 'VB', 'PRP$', 'NN', 'IN', 'NNP', 'PRP', 'VBD', 'JJ', 'NNS', 'IN', 'PRP$', 'NN', 'WDT', 'VBD', 'RB', 'VBN']"
446239808,"Highly recommend this place! The place felt very cozy for 3 guests. Check-in was smooth and the amenities were exactly what we needed. Great location in Parthum Wan, close to everything we needed in Bangkok.","['highly', 'recommend', 'this', 'place', 'the', 'place', 'felt', 'very', 'cozy', 'for', 'guest', 'be', 'smooth', 'and', 'the', 'amenity', 'be', 'exactly', 'what', 'we', 'need', 'great', 'location', 'in', 'parthum', 'wan', 'close', 'to', 'everything', 'we', 'need', 'in', 'bangkok']","['RB', 'VB', 'DT', 'NN', 'DT', 'NN', 'VBD', 'RB', 'JJ', 'IN', 'NNS', 'VBD', 'JJ', 'CC', 'DT', 'NNS', 'VBD', 'RB', 'WP', 'PRP', 'VBD', 'NNP', 'NN', 'IN', 'NNP', 'NNP', 'RB', 'TO', 'NN', 'PRP', 'VBD', 'IN', 'NNP']"
553364476,Would not recommend. The entire condominium was not as clean as the photos suggested. We had several issues during our stay that were never resolved.,"['would', 'not', 'recommend', 'the', 'entire', 'condominium', 'be', 'not', 'as', 'clean', 'a', 'the', 'photo', 'suggest', 'we', 'have', 'several', 'issue', 'during', 'our', 'stay', 'that', 'be', 'never', 'resolve']","['MD', 'RB', 'VB', 'DT', 'JJ', 'NN', 'VBD', 'RB', 'RB', 'JJ', 'IN', 'DT', 'NNS', 'VBD', 'PRP', 'VBD', 'JJ', 'NNS', 'IN', 'PRP$', 'NN', 'WDT', 'VBD', 'RB', 'VBN']"
218401633,"Perfect for our trip. Check-in was smooth and the amenities were exactly what we needed. We would definitely book this entire condominium again. Great location in Lower East Side, close to everything we needed in New York.","['perfect', 'for', 'our', 'trip', 'be', 'smooth', 'and', 'the', 'amenity', 'be', 'exactly', 'what', 'we', 'need', 'we', 'would', 'definitely', 'book', 'this', 'entire', 'condominium', 'again', 'great', 'location', 'in', 'lower', 'east', 'side', 'close', 'to', 'everything', 'we', 'need', 'in', 'new', 'york']","['NN', 'IN', 'PRP$', 'NN', 'VBD', 'JJ', 'CC', 'DT', 'NNS', 'VBD', 'RB', 'WP', 'PRP', 'VBD', 'PRP', 'MD', 'RB', 'NN', 'DT', 'JJ', 'NN', 'RB', 'NNP', 'NN', 'IN', 'NNP', 'NNP', 'NNP', 'RB', 'TO', 'NN', 'PRP', 'VBD', 'IN', 'NNP', 'NNP']"
707171325,Not worth the price. The private room in guest suite was not as clean as the photos suggested. Check-in was confusing and delayed our arrival in Mexico City. The location in Cuauhtemoc was noisier than expected.,"['not', 'worth', 'the', 'price', 'the', 'private', 'room', 'in', 'guest', 'suite', 'be', 'not', 'as', 'clean', 'a', 'the', 'photo', 'suggest', 'be', 'confuse', 'and', 'delay', 'our', 'arrival', 'in', 'mexico', 'city', 'the', 'location', 'in', 'cuauhtemoc', 'be', 'noisy', 'than', 'expect']","['RB', 'IN', 'DT', 'NN', 'DT', 'JJ', 'NN', 'IN', 'JJS', 'NN', 'VBD', 'RB', 'RB', 'JJ', 'IN', 'DT', 'NN', 'VBD', 'VBD', 'VBG', 'CC', 'VB', 'PRP$', 'NN', 'IN', 'NNP', 'NNP', 'DT', 'NN', 'IN', 'NNP', 'VBD', 'JJR', 'IN', 'VBN']"
600168441,"Wonderful experience. The entire loft was spotless and exactly as described. Great location in Ward 115, close to everything we needed in Cape Town.","['wonderful', 'experience', 'the', 'entire', 'loft', 'be', 'spotless', 'and', 'exactly', 'a', 'describe', 'great', 'location', 'in', 'ward', 'close', 'to', 'everything', 'we', 'need', 'in', 'cape', 'town']","['JJ', 'NN', 'DT', 'JJ', 'NN', 'VBD', 'JJ', 'CC', 'RB', 'IN', 'VBN', 'NNP', 'NN', 'IN', 'NNP', 'NN', 'TO', 'NN', 'PRP', 'VBD', 'IN', 'NNP', 'NNP']"
472990736,Reasonable for a short trip. Location in Botany Bay was convenient enough. Our superhost was polite but slow to respond a couple of times.,"['reasonable', 'for', 'a', 'short', 'trip', 'location', 'in', 'botany', 'bay', 'be', 'convenient', 'enough', 'our', 'superhost', 'be', 'polite', 'but', 'slow', 'to', 'respond', 'a', 'couple', 'of', 'time']","['JJ', 'IN', 'DT', 'JJ', 'NN', 'NNP', 'IN', 'NNP', 'NNP', 'VBD', 'JJ', 'RB', 'PRP$', 'NN', 'VBD', 'JJ', 'CC', 'JJ', 'TO', 'VB', 'DT', 'NN', 'IN', 'NNS']"
126556772,"Decent stay overall. The private room in condominium was fine but a little smaller than expected. Some things could be improved, like cleanliness in the private room in condominium.","['decent', 'stay', 'overall', 'the', 'private', 'room', 'in', 'condominium', 'be', 'fine', 'but', 'a', 'little', 'small', 'than', 'expect', 'some', 'thing', 'could', 'be', 'improve', 'like', 'cleanliness', 'in', 'the', 'private', 'room', 'in', 'condominium']","['NNP', 'NN', 'RB', 'DT', 'JJ', 'NN', 'IN', 'NN', 'VBD', 'JJ', 'CC', 'DT', 'JJ', 'JJR', 'IN', 'VBN', 'DT', 'NNS', 'MD', 'VB', 'VBN', 'IN', 'NN', 'IN', 'DT', 'JJ', 'NN', 'IN', 'NN']"
447564383,Loved every minute of it. The entire apartment was spotless and exactly as described. We would definitely book this entire apartment again. Check-in was smooth and the amenities were exactly what we needed.,"['love', 'every', 'minute', 'of', 'it', 'the', 'entire', 'apartment', 'be', 'spotless', 'and', 'exactly', 'a', 'describe', 'we', 'would', 'definitely', 'book', 'this', 'entire', 'apartment', 'again', 'be', 'smooth', 'and', 'the', 'amenity', 'be', 'exactly', 'what', 'we', 'need']","['VBN', 'DT', 'NN', 'IN', 'PRP', 'DT', 'JJ', 'NN', 'VBD', 'JJ', 'CC', 'RB', 'IN', 'VBN', 'PRP', 'MD', 'RB', 'NN', 'DT', 'JJ', 'NN', 'RB', 'VBD', 'VBN', 'CC', 'DT', 'NNS', 'VBD', 'RB', 'WP', 'PRP', 'VBD']"
356240318,An average experience. The entire apartment was fine but a little smaller than expected. The host was polite but slow to respond a couple of times.,"['an', 'average', 'experience', 'the', 'entire', 'apartment', 'be', 'fine', 'but', 'a', 'little', 'small', 'than', 'expect', 'the', 'host', 'be', 'polite', 'but', 'slow', 'to', 'respond', 'a', 'couple', 'of', 'time']","['DT', 'JJ', 'NN', 'DT', 'JJ', 'NN', 'VBD', 'JJ', 'CC', 'DT', 'JJ', 'JJR', 'IN', 'VBN', 'DT', 'NN', 'VBD', 'JJ', 'CC', 'JJ', 'TO', 'VB', 'DT', 'NN', 'IN', 'NNS']"
504444329,Wonderful experience. The entire apartment was spotless and exactly as described. The host was super responsive and easy to communicate with.,"['wonderful', 'experience', 'the', 'entire', 'apartment', 'be', 'spotless', 'and', 'exactly', 'a', 'describe', 'the', 'host', 'be', 'super', 'responsive', 'and', 'easy', 'to', 'communicate', 'with']","['JJ', 'NN', 'DT', 'JJ', 'NN', 'VBD', 'JJ', 'CC', 'RB', 'IN', 'VBN', 'DT', 'NN', 'VBD', 'JJ', 'NN', 'CC', 'JJ', 'TO', 'VB', 'IN']"
25033513,"Loved every minute of it. Great location in Hotel-de-Ville, close to everything we needed in Paris. Our superhost was super responsive and easy to communicate with.","['love', 'every', 'minute', 'of', 'it', 'great', 'location', 'in', 'close', 'to', 'everything', 'we', 'need', 'in', 'paris', 'our', 'superhost', 'be', 'super', 'responsive', 'and', 'easy', 'to', 'communicate', 'with']","['VBN', 'DT', 'NN', 'IN', 'PRP', 'NNP', 'NN', 'IN', 'JJ', 'TO', 'NN', 'PRP', 'VBD', 'IN', 'NNP', 'PRP$', 'NN', 'VBD', 'JJ', 'NN', 'CC', 'JJ', 'TO', 'VB', 'IN']"
537635403,Decent stay overall. Location in Huai Khwang was convenient enough. It served its purpose for our stay in Bangkok.,"['decent', 'stay', 'overall', 'location', 'in', 'huai', 'khwang', 'be', 'convenient', 'enough', 'it', 'serve', 'it', 'purpose', 'for', 'our', 'stay', 'in', 'bangkok']","['NNP', 'VB', 'JJ', 'NNP', 'IN', 'NNP', 'NNP', 'VBD', 'JJ', 'RB', 'PRP', 'VBD', 'PRP$', 'NN', 'IN', 'PRP$', 'NN', 'IN', 'NNP']"
298295167,"We had a fantastic time. Great location in I Centro Storico, close to everything we needed in Rome. The entire apartment was spotless and exactly as described. Check-in was smooth and the amenities were exactly what we needed.","['we', 'have', 'a', 'fantastic', 'time', 'great', 'location', 'in', 'i', 'centro', 'storico', 'close', 'to', 'everything', 'we', 'need', 'in', 'rome', 'the', 'entire', 'apartment', 'be', 'spotless', 'and', 'exactly', 'a', 'described', 'be', 'smooth', 'and', 'the', 'amenity', 'be', 'exactly', 'what', 'we', 'need']","['PRP', 'VBD', 'DT', 'JJ', 'NN', 'NNP', 'NN', 'IN', 'PRP', 'NNP', 'NNP', 'RB', 'TO', 'NN', 'PRP', 'VBD', 'IN', 'NNP', 'DT', 'JJ', 'NN', 'VBD', 'JJ', 'CC', 'RB', 'IN', 'NN', 'VBD', 'JJ', 'CC', 'DT', 'NNS', 'VBD', 'RB', 'WP', 'PRP', 'VBD']"
439770325,Would not recommend. The location in Miguel Hidalgo was noisier than expected. The private room in condominium was not as clean as the photos suggested. We had several issues during our stay that were never resolved.,"['would', 'not', 'recommend', 'the', 'location', 'in', 'miguel', 'hidalgo', 'be', 'noisy', 'than', 'expect', 'the', 'private', 'room', 'in', 'condominium', 'be', 'not', 'as', 'clean', 'a', 'the', 'photo', 'suggest', 'we', 'have', 'several', 'issue', 'during', 'our', 'stay', 'that', 'be', 'never', 'resolve']","['MD', 'RB', 'VB', 'DT', 'NN', 'IN', 'NNP', 'NNP', 'VBD', 'JJR', 'IN', 'VBN', 'DT', 'JJ', 'NN', 'IN', 'NN', 'VBD', 'RB', 'RB', 'JJ', 'IN', 'DT', 'NNS', 'VBD', 'PRP', 'VBD', 'JJ', 'NNS', 'IN', 'PRP$', 'NN', 'WDT', 'VBD', 'RB', 'VBN']"
78279859,Wonderful experience. The host was super responsive and easy to communicate with. The entire apartment was spotless and exactly as described. We would definitely book this entire apartment again.,"['wonderful', 'experience', 'the', 'host', 'be', 'super', 'responsive', 'and', 'easy', 'to', 'communicate', 'with', 'the', 'entire', 'apartment', 'be', 'spotless', 'and', 'exactly', 'a', 'describe', 'we', 'would', 'definitely', 'book', 'this', 'entire', 'apartment', 'again']","['JJ', 'NN', 'DT', 'NN', 'VBD', 'JJ', 'NN', 'CC', 'JJ', 'TO', 'VB', 'IN', 'DT', 'JJ', 'NN', 'VBD', 'JJ', 'CC', 'RB', 'IN', 'VBN', 'PRP', 'MD', 'RB', 'NN', 'DT', 'JJ', 'NN', 'RB']"
351825412,We had a rough experience. The entire apartment was not as clean as the photos suggested. The location in Vadhana was noisier than expected. We had several issues during our stay that were never resolved.,"['we', 'have', 'a', 'rough', 'experience', 'the', 'entire', 'apartment', 'be', 'not', 'as', 'clean', 'a', 'the', 'photo', 'suggest', 'the', 'location', 'in', 'vadhana', 'be', 'noisy', 'than', 'expect', 'we', 'have', 'several', 'issue', 'during', 'our', 'stay', 'that', 'be', 'never', 'resolve']","['PRP', 'VBD', 'DT', 'JJ', 'NN', 'DT', 'JJ', 'NN', 'VBD', 'RB', 'RB', 'JJ', 'IN', 'DT', 'NN', 'VBD', 'DT', 'NN', 'IN', 'NNP', 'VBD', 'JJR', 'IN', 'VBN', 'PRP', 'VBD', 'JJ', 'NNS', 'IN', 'PRP$', 'NN', 'WDT', 'VBD', 'RB', 'VBN']"
573272931,It was okay for the price. The entire loft was fine but a little smaller than expected. The host was polite but slow to respond a couple of times.,"['it', 'be', 'okay', 'for', 'the', 'price', 'the', 'entire', 'loft', 'be', 'fine', 'but', 'a', 'little', 'small', 'than', 'expect', 'the', 'host', 'be', 'polite', 'but', 'slow', 'to', 'respond', 'a', 'couple', 'of', 'time']","['PRP', 'VBD', 'VBN', 'IN', 'DT', 'NN', 'DT', 'JJ', 'NN', 'VBD', 'JJ', 'CC', 'DT', 'JJ', 'JJR', 'IN', 'VBN', 'DT', 'NN', 'VBD', 'JJ', 'CC', 'JJ', 'TO', 'VB', 'DT', 'NN', 'IN', 'NNS']"
572195030,Disappointing stay. We had several issues during our stay that were never resolved. The entire apartment was not as clean as the photos suggested. Check-in was confusing and delayed our arrival in Rome.,"['disappoint', 'stay', 'we', 'have', 'several', 'issue', 'during', 'our', 'stay', 'that', 'be', 'never', 'resolve', 'the', 'entire', 'apartment', 'be', 'not', 'as', 'clean', 'a', 'the', 'photo', 'suggest', 'be', 'confuse', 'and', 'delay', 'our', 'arrival', 'in', 'rome']","['VBG', 'NN', 'PRP', 'VBD', 'JJ', 'NNS', 'IN', 'PRP$', 'NN', 'WDT', 'VBD', 'RB', 'VBN', 'DT', 'JJ', 'NN', 'VBD', 'RB', 'RB', 'JJ', 'IN', 'DT', 'NN', 'VBD', 'VBD', 'VBG', 'CC', 'VB', 'PRP$', 'NN', 'IN', 'NNP']"
126982132,Below our expectations. The private room in house was not as clean as the photos suggested. Check-in was confusing and delayed our arrival in New York.,"['below', 'our', 'expectation', 'the', 'private', 'room', 'in', 'house', 'be', 'not', 'as', 'clean', 'a', 'the', 'photo', 'suggest', 'be', 'confuse', 'and', 'delay', 'our', 'arrival', 'in', 'new', 'york']","['IN', 'PRP$', 'NNS', 'DT', 'JJ', 'NN', 'IN', 'NN', 'VBD', 'RB', 'RB', 'JJ', 'IN', 'DT', 'NN', 'VBD', 'VBD', 'VBG', 'CC', 'VB', 'PRP$', 'NN', 'IN', 'NNP', 'NNP']"
406345951,"Reasonable for a short trip. Some things could be improved, like cleanliness in the entire loft. Location in Batignolles-Monceau was convenient enough.","['reasonable', 'for', 'a', 'short', 'trip', 'some', 'thing', 'could', 'be', 'improve', 'like', 'cleanliness', 'in', 'the', 'entire', 'loft', 'location', 'in', 'be', 'convenient', 'enough']","['JJ', 'IN', 'DT', 'JJ', 'NN', 'DT', 'NNS', 'MD', 'VB', 'VBN', 'IN', 'NN', 'IN', 'DT', 'JJ', 'JJ', 'NN', 'IN', 'VBD', 'JJ', 'RB']"
164478220,Wonderful experience. Check-in was smooth and the amenities were exactly what we needed. The place felt very cozy for 2 guests.,"['wonderful', 'experience', 'be', 'smooth', 'and', 'the', 'amenity', 'be', 'exactly', 'what', 'we', 'need', 'the', 'place', 'felt', 'very', 'cozy', 'for', 'guest']","['JJ', 'NN', 'VBD', 'JJ', 'CC', 'DT', 'NNS', 'VBD', 'RB', 'WP', 'PRP', 'VBD', 'DT', 'NN', 'VBD', 'RB', 'JJ', 'IN', 'NNS']"
163881233,Not worth the price. We had several issues during our stay that were never resolved. The entire apartment was not as clean as the photos suggested.,"['not', 'worth', 'the', 'price', 'we', 'have', 'several', 'issue', 'during', 'our', 'stay', 'that', 'be', 'never', 'resolve', 'the', 'entire', 'apartment', 'be', 'not', 'as', 'clean', 'a', 'the', 'photo', 'suggest']","['RB', 'IN', 'DT', 'NN', 'PRP', 'VBD', 'JJ', 'NNS', 'IN', 'PRP$', 'NN', 'WDT', 'VBD', 'RB', 'VBN', 'DT', 'JJ', 'NN', 'VBD', 'RB', 'RB', 'JJ', 'IN', 'DT', 'NN', 'VBD']"
273361538,"Highly recommend this place! Great location in City Of Kogarah, close to everything we needed in Sydney. Our superhost was super responsive and easy to communicate with. Check-in was smooth and the amenities were exactly what we needed.","['highly', 'recommend', 'this', 'place', 'great', 'location', 'in', 'city', 'of', 'kogarah', 'close', 'to', 'everything', 'we', 'need', 'in', 'sydney', 'our', 'superhost', 'be', 'super', 'responsive', 'and', 'easy', 'to', 'communicate', 'with', 'be', 'smooth', 'and', 'the', 'amenity', 'be', 'exactly', 'what', 'we', 'need']","['RB', 'VB', 'DT', 'NN', 'NNP', 'NN', 'IN', 'NNP', 'IN', 'NNP', 'NN', 'TO', 'NN', 'PRP', 'VBD', 'IN', 'NNP', 'PRP$', 'NN', 'VBD', 'JJ', 'NN', 'CC', 'JJ', 'TO', 'VB', 'IN', 'VBD', 'VBN', 'CC', 'DT', 'NNS', 'VBD', 'RB', 'WP', 'PRP', 'VBD']"
13404635,Decent stay overall. It served its purpose for our stay in Rome.,"['decent', 'stay', 'overall', 'it', 'serve', 'it', 'purpose', 'for', 'our', 'stay', 'in', 'rome']","['NNP', 'NN', 'IN', 'PRP', 'VBD', 'PRP$', 'NN', 'IN', 'PRP$', 'NN', 'IN', 'NNP']"
146217853,We had a rough experience. Check-in was confusing and delayed our arrival in Rome. The entire apartment was not as clean as the photos suggested. The location in I Centro Storico was noisier than expected.,"['we', 'have', 'a', 'rough', 'experience', 'be', 'confuse', 'and', 'delay', 'our', 'arrival', 'in', 'rome', 'the', 'entire', 'apartment', 'be', 'not', 'as', 'clean', 'a', 'the', 'photo', 'suggest', 'the', 'location', 'in', 'i', 'centro', 'storico', 'be', 'noisy', 'than', 'expect']","['PRP', 'VBD', 'DT', 'JJ', 'NN', 'VBD', 'VBG', 'CC', 'VB', 'PRP$', 'NN', 'IN', 'NNP', 'DT', 'JJ', 'NN', 'VBD', 'RB', 'RB', 'JJ', 'IN', 'DT', 'NN', 'VBD', 'DT', 'NN', 'IN', 'PRP', 'NNP', 'NNP', 'VBD', 'JJR', 'IN', 'VBN']"
88522455,It was okay for the price. The entire apartment was fine but a little smaller than expected. It served its purpose for our stay in Rome.,"['it', 'be', 'okay', 'for', 'the', 'price', 'the', 'entire', 'apartment', 'be', 'fine', 'but', 'a', 'little', 'small', 'than', 'expect', 'it', 'serve', 'it', 'purpose', 'for', 'our', 'stay', 'in', 'rome']","['PRP', 'VBD', 'VBN', 'IN', 'DT', 'NN', 'DT', 'JJ', 'NN', 'VBD', 'JJ', 'CC', 'DT', 'JJ', 'JJR', 'IN', 'VBN', 'PRP', 'VBD', 'PRP$', 'NN', 'IN', 'PRP$', 'NN', 'IN', 'NNP']"
227072920,Loved every minute of it. The private room in apartment was spotless and exactly as described. Check-in was smooth and the amenities were exactly what we needed.,"['love', 'every', 'minute', 'of', 'it', 'the', 'private', 'room', 'in', 'apartment', 'be', 'spotless', 'and', 'exactly', 'a', 'described', 'be', 'smooth', 'and', 'the', 'amenity', 'be', 'exactly', 'what', 'we', 'need']","['VBN', 'DT', 'NN', 'IN', 'PRP', 'DT', 'JJ', 'NN', 'IN', 'NN', 'VBD', 'JJ', 'CC', 'RB', 'IN', 'NN', 'VBD', 'JJ', 'CC', 'DT', 'NNS', 'VBD', 'RB', 'WP', 'PRP', 'VBD']"
581188577,Wonderful experience. Check-in was smooth and the amenities were exactly what we needed. We would definitely book this entire apartment again.,"['wonderful', 'experience', 'be', 'smooth', 'and', 'the', 'amenity', 'be', 'exactly', 'what', 'we', 'need', 'we', 'would', 'definitely', 'book', 'this', 'entire', 'apartment', 'again']","['JJ', 'NN', 'VBD', 'JJ', 'CC', 'DT', 'NNS', 'VBD', 'RB', 'WP', 'PRP', 'VBD', 'PRP', 'MD', 'RB', 'NN', 'DT', 'JJ', 'NN', 'RB']"
638011490,Perfect for our trip. The entire apartment was spotless and exactly as described. The host was super responsive and easy to communicate with. We would definitely book this entire apartment again.,"['perfect', 'for', 'our', 'trip', 'the', 'entire', 'apartment', 'be', 'spotless', 'and', 'exactly', 'a', 'describe', 'the', 'host', 'be', 'super', 'responsive', 'and', 'easy', 'to', 'communicate', 'with', 'we', 'would', 'definitely', 'book', 'this', 'entire', 'apartment', 'again']","['NN', 'IN', 'PRP$', 'NN', 'DT', 'JJ', 'NN', 'VBD', 'JJ', 'CC', 'RB', 'IN', 'VBN', 'DT', 'NN', 'VBD', 'JJ', 'NN', 'CC', 'JJ', 'TO', 'VB', 'IN', 'PRP', 'MD', 'RB', 'NN', 'DT', 'JJ', 'NN', 'RB']"
546818233,"Decent stay overall. Some things could be improved, like cleanliness in the entire apartment.","['decent', 'stay', 'overall', 'some', 'thing', 'could', 'be', 'improve', 'like', 'cleanliness', 'in', 'the', 'entire', 'apartment']","['NNP', 'NN', 'RB', 'DT', 'NNS', 'MD', 'VB', 'VBN', 'IN', 'NN', 'IN', 'DT', 'JJ', 'NN']"
553341156,Below our expectations. Our superhost was difficult to reach when we had issues. We had several issues during our stay that were never resolved.,"['below', 'our', 'expectation', 'our', 'superhost', 'be', 'difficult', 'to', 'reach', 'when', 'we', 'have', 'issue', 'we', 'have', 'several', 'issue', 'during', 'our', 'stay', 'that', 'be', 'never', 'resolve']","['IN', 'PRP$', 'NNS', 'PRP$', 'NN', 'VBD', 'JJ', 'TO', 'VB', 'WRB', 'PRP', 'VBD', 'NNS', 'PRP', 'VBD', 'JJ', 'NNS', 'IN', 'PRP$', 'NN', 'WDT', 'VBD', 'RB', 'VBN']"
99213800,Reasonable for a short trip. It served its purpose for our stay in Cape Town.,"['reasonable', 'for', 'a', 'short', 'trip', 'it', 'serve', 'it', 'purpose', 'for', 'our', 'stay', 'in', 'cape', 'town']","['JJ', 'IN', 'DT', 'JJ', 'NN', 'PRP', 'VBD', 'PRP$', 'NN', 'IN', 'PRP$', 'NN', 'IN', 'NNP', 'NNP']"
299877999,"Amazing stay! The place felt very cozy for 4 guests. Great location in Manly, close to everything we needed in Sydney.","['amaze', 'stay', 'the', 'place', 'felt', 'very', 'cozy', 'for', 'guest', 'great', 'location', 'in', 'manly', 'close', 'to', 'everything', 'we', 'need', 'in', 'sydney']","['VBG', 'VB', 'DT', 'NN', 'VBD', 'RB', 'JJ', 'IN', 'NNS', 'NNP', 'NN', 'IN', 'NNP', 'RB', 'TO', 'NN', 'PRP', 'VBD', 'IN', 'NNP']"
593503504,Not worth the price. Check-in was confusing and delayed our arrival in Istanbul. The location in Beyoglu was noisier than expected.,"['not', 'worth', 'the', 'price', 'be', 'confuse', 'and', 'delay', 'our', 'arrival', 'in', 'istanbul', 'the', 'location', 'in', 'beyoglu', 'be', 'noisy', 'than', 'expect']","['RB', 'IN', 'DT', 'NN', 'VBD', 'VBG', 'CC', 'VB', 'PRP$', 'NN', 'IN', 'NNP', 'DT', 'NN', 'IN', 'NNP', 'VBD', 'JJR', 'IN', 'VBN']"
490840351,Disappointing stay. Check-in was confusing and delayed our arrival in Rome. We had several issues during our stay that were never resolved.,"['disappoint', 'stay', 'be', 'confuse', 'and', 'delay', 'our', 'arrival', 'in', 'rome', 'we', 'have', 'several', 'issue', 'during', 'our', 'stay', 'that', 'be', 'never', 'resolve']","['VBG', 'NN', 'VBD', 'VBG', 'CC', 'VB', 'PRP$', 'NN', 'IN', 'NNP', 'PRP', 'VBD', 'JJ', 'NNS', 'IN', 'PRP$', 'NN', 'WDT', 'VBD', 'RB', 'VBN']"
356496303,Amazing stay! The private room in apartment was spotless and exactly as described. The place felt very cozy for 4 guests.,"['amaze', 'stay', 'the', 'private', 'room', 'in', 'apartment', 'be', 'spotless', 'and', 'exactly', 'a', 'describe', 'the', 'place', 'felt', 'very', 'cozy', 'for', 'guest']","['VBG', 'VB', 'DT', 'JJ', 'NN', 'IN', 'NN', 'VBD', 'JJ', 'CC', 'RB', 'IN', 'VBN', 'DT', 'NN', 'VBD', 'RB', 'JJ', 'IN', 'NNS']"
419660542,It was okay for the price. The entire apartment was fine but a little smaller than expected.,"['it', 'be', 'okay', 'for', 'the', 'price', 'the', 'entire', 'apartment', 'be', 'fine', 'but', 'a', 'little', 'small', 'than', 'expect']","['PRP', 'VBD', 'VBN', 'IN', 'DT', 'NN', 'DT', 'JJ', 'NN', 'VBD', 'JJ', 'CC', 'DT', 'JJ', 'JJR', 'IN', 'VBN']"
257602798,An average experience. Our superhost was polite but slow to respond a couple of times. The entire apartment was fine but a little smaller than expected.,"['an', 'average', 'experience', 'our', 'superhost', 'be', 'polite', 'but', 'slow', 'to', 'respond', 'a', 'couple', 'of', 'time', 'the', 'entire', 'apartment', 'be', 'fine', 'but', 'a', 'little', 'small', 'than', 'expect']","['DT', 'JJ', 'NN', 'PRP$', 'NN', 'VBD', 'JJ', 'CC', 'JJ', 'TO', 'VB', 'DT', 'NN', 'IN', 'NNS', 'DT', 'JJ', 'NN', 'VBD', 'JJ', 'CC', 'DT', 'JJ', 'JJR', 'IN', 'VBN']"
69995103,Wonderful experience. The entire apartment was spotless and exactly as described. Check-in was smooth and the amenities were exactly what we needed. We would definitely book this entire apartment again.,"['wonderful', 'experience', 'the', 'entire', 'apartment', 'be', 'spotless', 'and', 'exactly', 'a', 'described', 'be', 'smooth', 'and', 'the', 'amenity', 'be', 'exactly', 'what', 'we', 'need', 'we', 'would', 'definitely', 'book', 'this', 'entire', 'apartment', 'again']","['JJ', 'NN', 'DT', 'JJ', 'NN', 'VBD', 'JJ', 'CC', 'RB', 'IN', 'NN', 'VBD', 'JJ', 'CC', 'DT', 'NNS', 'VBD', 'RB', 'WP', 'PRP', 'VBD', 'PRP', 'MD', 'RB', 'NN', 'DT', 'JJ', 'NN', 'RB']"
412144910,"Wonderful experience. Check-in was smooth and the amenities were exactly what we needed. Great location in Sydney, close to everything we needed in Sydney. The place felt very cozy for 5 guests.","['wonderful', 'experience', 'be', 'smooth', 'and', 'the', 'amenity', 'be', 'exactly', 'what', 'we', 'need', 'great', 'location', 'in', 'sydney', 'close', 'to', 'everything', 'we', 'need', 'in', 'sydney', 'the', 'place', 'felt', 'very', 'cozy', 'for', 'guest']","['JJ', 'NN', 'VBD', 'JJ', 'CC', 'DT', 'NNS', 'VBD', 'RB', 'WP', 'PRP', 'VBD', 'NNP', 'NN', 'IN', 'NNP', 'NN', 'TO', 'NN', 'PRP', 'VBD', 'IN', 'NNP', 'DT', 'NN', 'VBD', 'RB', 'JJ', 'IN', 'NNS']"
559013486,Decent stay overall. Location in Benito Juarez was convenient enough.,"['decent', 'stay', 'overall', 'location', 'in', 'benito', 'juarez', 'be', 'convenient', 'enough']","['NNP', 'VB', 'JJ', 'NNP', 'IN', 'NNP', 'NNP', 'VBD', 'JJ', 'RB']"
218639361,"An average experience. It served its purpose for our stay in Bangkok. Some things could be improved, like cleanliness in the private room in house.","['an', 'average', 'experience', 'it', 'serve', 'it', 'purpose', 'for', 'our', 'stay', 'in', 'bangkok', 'some', 'thing', 'could', 'be', 'improve', 'like', 'cleanliness', 'in', 'the', 'private', 'room', 'in', 'house']","['DT', 'JJ', 'NN', 'PRP', 'VBD', 'PRP$', 'NN', 'IN', 'PRP$', 'NN', 'IN', 'NNP', 'DT', 'NNS', 'MD', 'VB', 'VBN', 'IN', 'NN', 'IN', 'DT', 'JJ', 'NN', 'IN', 'NN']"
325716443,Would not recommend. Our superhost was difficult to reach when we had issues. The location in Joa was noisier than expected.,"['would', 'not', 'recommend', 'our', 'superhost', 'be', 'difficult', 'to', 'reach', 'when', 'we', 'have', 'issue', 'the', 'location', 'in', 'joa', 'be', 'noisy', 'than', 'expect']","['MD', 'RB', 'VB', 'PRP$', 'NN', 'VBD', 'JJ', 'TO', 'VB', 'WRB', 'PRP', 'VBD', 'NNS', 'DT', 'NN', 'IN', 'NNP', 'VBD', 'JJR', 'IN', 'VBN']"
718536507,"Highly recommend this place! Great location in Sydney, close to everything we needed in Sydney. We would definitely book this entire house again.","['highly', 'recommend', 'this', 'place', 'great', 'location', 'in', 'sydney', 'close', 'to', 'everything', 'we', 'need', 'in', 'sydney', 'we', 'would', 'definitely', 'book', 'this', 'entire', 'house', 'again']","['RB', 'VB', 'DT', 'NN', 'NNP', 'NN', 'IN', 'NNP', 'NN', 'TO', 'NN', 'PRP', 'VBD', 'IN', 'NNP', 'PRP', 'MD', 'RB', 'NN', 'DT', 'JJ', 'NN', 'RB']"
323014047,"It was okay for the price. Some things could be improved, like cleanliness in the private room in apartment.","['it', 'be', 'okay', 'for', 'the', 'price', 'some', 'thing', 'could', 'be', 'improve', 'like', 'cleanliness', 'in', 'the', 'private', 'room', 'in', 'apartment']","['PRP', 'VBD', 'VBN', 'IN', 'DT', 'NN', 'DT', 'NNS', 'MD', 'VB', 'VBN', 'IN', 'NN', 'IN', 'DT', 'JJ', 'NN', 'IN', 'NN']"
50018245,"An average experience. Some things could be improved, like cleanliness in the private room in apartment.","['an', 'average', 'experience', 'some', 'thing', 'could', 'be', 'improve', 'like', 'cleanliness', 'in', 'the', 'private', 'room', 'in', 'apartment']","['DT', 'JJ', 'NN', 'DT', 'NNS', 'MD', 'VB', 'VBN', 'IN', 'NN', 'IN', 'DT', 'JJ', 'NN', 'IN', 'NN']"
413692397,"Nothing special, but fine. Our superhost was polite but slow to respond a couple of times.","['nothing', 'special', 'but', 'fine', 'our', 'superhost', 'be', 'polite', 'but', 'slow', 'to', 'respond', 'a', 'couple', 'of', 'time']","['VBG', 'JJ', 'CC', 'JJ', 'PRP$', 'NN', 'VBD', 'JJ', 'CC', 'JJ', 'TO', 'VB', 'DT', 'NN', 'IN', 'NNS']"
186395448,Below our expectations. Check-in was confusing and delayed our arrival in Rome. We had several issues during our stay that were never resolved.,"['below', 'our', 'expectation', 'be', 'confuse', 'and', 'delay', 'our', 'arrival', 'in', 'rome', 'we', 'have', 'several', 'issue', 'during', 'our', 'stay', 'that', 'be', 'never', 'resolve']","['IN', 'PRP$', 'NNS', 'VBD', 'VBG', 'CC', 'VB', 'PRP$', 'NN', 'IN', 'NNP', 'PRP', 'VBD', 'JJ', 'NNS', 'IN', 'PRP$', 'NN', 'WDT', 'VBD', 'RB', 'VBN']"
569805920,Decent stay overall. It served its purpose for our stay in Mexico City.,"['decent', 'stay', 'overall', 'it', 'serve', 'it', 'purpose', 'for', 'our', 'stay', 'in', 'mexico', 'city']","['NNP', 'NN', 'IN', 'PRP', 'VBD', 'PRP$', 'NN', 'IN', 'PRP$', 'NN', 'IN', 'NNP', 'NNP']"
14232708,We had a rough experience. We had several issues during our stay that were never resolved. The private room in apartment was not as clean as the photos suggested.,"['we', 'have', 'a', 'rough', 'experience', 'we', 'have', 'several', 'issue', 'during', 'our', 'stay', 'that', 'be', 'never', 'resolve', 'the', 'private', 'room', 'in', 'apartment', 'be', 'not', 'as', 'clean', 'a', 'the', 'photo', 'suggest']","['PRP', 'VBD', 'DT', 'JJ', 'NN', 'PRP', 'VBD', 'JJ', 'NNS', 'IN', 'PRP$', 'NN', 'WDT', 'VBD', 'RB', 'VBN', 'DT', 'JJ', 'NN', 'IN', 'NN', 'VBD', 'RB', 'RB', 'JJ', 'IN', 'DT', 'NN', 'VBD']"
524073869,We had a rough experience. Check-in was confusing and delayed our arrival in Rome. We had several issues during our stay that were never resolved.,"['we', 'have', 'a', 'rough', 'experience', 'be', 'confuse', 'and', 'delay', 'our', 'arrival', 'in', 'rome', 'we', 'have', 'several', 'issue', 'during', 'our', 'stay', 'that', 'be', 'never', 'resolve']","['PRP', 'VBD', 'DT', 'JJ', 'NN', 'VBD', 'VBG', 'CC', 'VB', 'PRP$', 'NN', 'IN', 'NNP', 'PRP', 'VBD', 'JJ', 'NNS', 'IN', 'PRP$', 'NN', 'WDT', 'VBD', 'RB', 'VBN']"
432521272,It was okay for the price. The entire apartment was fine but a little smaller than expected. It served its purpose for our stay in Rome.,"['it', 'be', 'okay', 'for', 'the', 'price', 'the', 'entire', 'apartment', 'be', 'fine', 'but', 'a', 'little', 'small', 'than', 'expect', 'it', 'serve', 'it', 'purpose', 'for', 'our', 'stay', 'in', 'rome']","['PRP', 'VBD', 'VBN', 'IN', 'DT', 'NN', 'DT', 'JJ', 'NN', 'VBD', 'JJ', 'CC', 'DT', 'JJ', 'JJR', 'IN', 'VBN', 'PRP', 'VBD', 'PRP$', 'NN', 'IN', 'PRP$', 'NN', 'IN', 'NNP']"
512860396,Not worth the price. Our superhost was difficult to reach when we had issues. We had several issues during our stay that were never resolved.,"['not', 'worth', 'the', 'price', 'our', 'superhost', 'be', 'difficult', 'to', 'reach', 'when', 'we', 'have', 'issue', 'we', 'have', 'several', 'issue', 'during', 'our', 'stay', 'that', 'be', 'never', 'resolve']","['RB', 'IN', 'DT', 'NN', 'PRP$', 'NN', 'VBD', 'JJ', 'TO', 'VB', 'WRB', 'PRP', 'VBD', 'NNS', 'PRP', 'VBD', 'JJ', 'NNS', 'IN', 'PRP$', 'NN', 'WDT', 'VBD', 'RB', 'VBN']"
199005302,"Nothing special, but fine. The host was polite but slow to respond a couple of times.","['nothing', 'special', 'but', 'fine', 'the', 'host', 'be', 'polite', 'but', 'slow', 'to', 'respond', 'a', 'couple', 'of', 'time']","['VBG', 'JJ', 'CC', 'JJ', 'DT', 'NN', 'VBD', 'JJ', 'CC', 'JJ', 'TO', 'VB', 'DT', 'NN', 'IN', 'NNS']"
634257699,Not worth the price. The host was difficult to reach when we had issues. The location in Hell's Kitchen was noisier than expected. Check-in was confusing and delayed our arrival in New York.,"['not', 'worth', 'the', 'price', 'the', 'host', 'be', 'difficult', 'to', 'reach', 'when', 'we', 'have', 'issue', 'the', 'location', 'in', 'hell', 'kitchen', 'be', 'noisy', 'than', 'expect', 'be', 'confuse', 'and', 'delay', 'our', 'arrival', 'in', 'new', 'york']","['RB', 'IN', 'DT', 'NN', 'DT', 'NN', 'VBD', 'JJ', 'TO', 'VB', 'WRB', 'PRP', 'VBD', 'NNS', 'DT', 'NN', 'IN', 'NNP', 'NNP', 'VBD', 'JJR', 'IN', 'VBN', 'VBD', 'VBG', 'CC', 'VB', 'PRP$', 'NN', 'IN', 'NNP', 'NNP']"
571719170,"Reasonable for a short trip. Some things could be improved, like cleanliness in the private room in apartment.","['reasonable', 'for', 'a', 'short', 'trip', 'some', 'thing', 'could', 'be', 'improve', 'like', 'cleanliness', 'in', 'the', 'private', 'room', 'in', 'apartment']","['JJ', 'IN', 'DT', 'JJ', 'NN', 'DT', 'NNS', 'MD', 'VB', 'VBN', 'IN', 'NN', 'IN', 'DT', 'JJ', 'NN', 'IN', 'NN']"
464764579,"Highly recommend this place! The place felt very cozy for 2 guests. We would definitely book this private room in condominium again. Great location in I Centro Storico, close to everything we needed in Rome.","['highly', 'recommend', 'this', 'place', 'the', 'place', 'felt', 'very', 'cozy', 'for', 'guest', 'we', 'would', 'definitely', 'book', 'this', 'private', 'room', 'in', 'condominium', 'again', 'great', 'location', 'in', 'i', 'centro', 'storico', 'close', 'to', 'everything', 'we', 'need', 'in', 'rome']","['RB', 'VB', 'DT', 'NN', 'DT', 'NN', 'VBD', 'RB', 'JJ', 'IN', 'NNS', 'PRP', 'MD', 'RB', 'NN', 'DT', 'JJ', 'NN', 'IN', 'NN', 'RB', 'NNP', 'NN', 'IN', 'PRP', 'NNP', 'NNP', 'RB', 'TO', 'NN', 'PRP', 'VBD', 'IN', 'NNP']"
621157134,Below our expectations. Check-in was confusing and delayed our arrival in Mexico City. We had several issues during our stay that were never resolved.,"['below', 'our', 'expectation', 'be', 'confuse', 'and', 'delay', 'our', 'arrival', 'in', 'mexico', 'city', 'we', 'have', 'several', 'issue', 'during', 'our', 'stay', 'that', 'be', 'never', 'resolve']","['IN', 'PRP$', 'NNS', 'VBD', 'VBG', 'CC', 'VB', 'PRP$', 'NN', 'IN', 'NNP', 'NNP', 'PRP', 'VBD', 'JJ', 'NNS', 'IN', 'PRP$', 'NN', 'WDT', 'VBD', 'RB', 'VBN']"
110435766,"Nothing special, but fine. The private room in apartment was fine but a little smaller than expected. It served its purpose for our stay in Rome.","['nothing', 'special', 'but', 'fine', 'the', 'private', 'room', 'in', 'apartment', 'be', 'fine', 'but', 'a', 'little', 'small', 'than', 'expect', 'it', 'serve', 'it', 'purpose', 'for', 'our', 'stay', 'in', 'rome']","['VBG', 'JJ', 'CC', 'JJ', 'DT', 'JJ', 'NN', 'IN', 'NN', 'VBD', 'JJ', 'CC', 'DT', 'JJ', 'JJR', 'IN', 'VBN', 'PRP', 'VBD', 'PRP$', 'NN', 'IN', 'PRP$', 'NN', 'IN', 'NNP']"
315083070,It was okay for the price. The host was polite but slow to respond a couple of times.,"['it', 'be', 'okay', 'for', 'the', 'price', 'the', 'host', 'be', 'polite', 'but', 'slow', 'to', 'respond', 'a', 'couple', 'of', 'time']","['PRP', 'VBD', 'VBN', 'IN', 'DT', 'NN', 'DT', 'NN', 'VBD', 'JJ', 'CC', 'JJ', 'TO', 'VB', 'DT', 'NN', 'IN', 'NNS']"
440883045,We had a rough experience. The host was difficult to reach when we had issues. We had several issues during our stay that were never resolved. The entire apartment was not as clean as the photos suggested.,"['we', 'have', 'a', 'rough', 'experience', 'the', 'host', 'be', 'difficult', 'to', 'reach', 'when', 'we', 'have', 'issue', 'we', 'have', 'several', 'issue', 'during', 'our', 'stay', 'that', 'be', 'never', 'resolve', 'the', 'entire', 'apartment', 'be', 'not', 'as', 'clean', 'a', 'the', 'photo', 'suggest']","['PRP', 'VBD', 'DT', 'JJ', 'NN', 'DT', 'NN', 'VBD', 'JJ', 'TO', 'VB', 'WRB', 'PRP', 'VBD', 'NNS', 'PRP', 'VBD', 'JJ', 'NNS', 'IN', 'PRP$', 'NN', 'WDT', 'VBD', 'RB', 'VBN', 'DT', 'JJ', 'NN', 'VBD', 'RB', 'RB', 'JJ', 'IN', 'DT', 'NN', 'VBD']"
617717709,"Highly recommend this place! Great location in Cuauhtemoc, close to everything we needed in Mexico City. Check-in was smooth and the amenities were exactly what we needed. Our superhost was super responsive and easy to communicate with.","['highly', 'recommend', 'this', 'place', 'great', 'location', 'in', 'cuauhtemoc', 'close', 'to', 'everything', 'we', 'need', 'in', 'mexico', 'city', 'be', 'smooth', 'and', 'the', 'amenity', 'be', 'exactly', 'what', 'we', 'need', 'our', 'superhost', 'be', 'super', 'responsive', 'and', 'easy', 'to', 'communicate', 'with']","['RB', 'VB', 'DT', 'NN', 'NNP', 'NN', 'IN', 'NNP', 'NN', 'TO', 'NN', 'PRP', 'VBD', 'IN', 'NNP', 'NNP', 'VBD', 'JJ', 'CC', 'DT', 'NNS', 'VBD', 'RB', 'WP', 'PRP', 'VBD', 'PRP$', 'NN', 'VBD', 'JJ', 'NN', 'CC', 'JJ', 'TO', 'VB', 'IN']"
200991415,Decent stay overall. Location in Ward 115 was convenient enough.,"['decent', 'stay', 'overall', 'location', 'in', 'ward', 'be', 'convenient', 'enough']","['NNP', 'VB', 'JJ', 'NNP', 'IN', 'NNP', 'VBD', 'JJ', 'RB']"
432894285,Couldn't have asked for more. The entire house was spotless and exactly as described. Our superhost was super responsive and easy to communicate with.,"['could', 'have', 'ask', 'for', 'more', 'the', 'entire', 'house', 'be', 'spotless', 'and', 'exactly', 'a', 'describe', 'our', 'superhost', 'be', 'super', 'responsive', 'and', 'easy', 'to', 'communicate', 'with']","['MD', 'VB', 'VBN', 'IN', 'JJR', 'DT', 'JJ', 'NN', 'VBD', 'JJ', 'CC', 'RB', 'IN', 'VBN', 'PRP$', 'NN', 'VBD', 'JJ', 'NN', 'CC', 'JJ', 'TO', 'VB', 'IN']"
104904147,Decent stay overall. It served its purpose for our stay in Rome.,"['decent', 'stay', 'overall', 'it', 'serve', 'it', 'purpose', 'for', 'our', 'stay', 'in', 'rome']","['NNP', 'NN', 'IN', 'PRP', 'VBD', 'PRP$', 'NN', 'IN', 'PRP$', 'NN', 'IN', 'NNP']"
175536974,Amazing stay! The place felt very cozy for 4 guests. Our superhost was super responsive and easy to communicate with. The entire apartment was spotless and exactly as described.,"['amaze', 'stay', 'the', 'place', 'felt', 'very', 'cozy', 'for', 'guest', 'our', 'superhost', 'be', 'super', 'responsive', 'and', 'easy', 'to', 'communicate', 'with', 'the', 'entire', 'apartment', 'be', 'spotless', 'and', 'exactly', 'a', 'described']","['VBG', 'VB', 'DT', 'NN', 'VBD', 'RB', 'JJ', 'IN', 'NNS', 'PRP$', 'NN', 'VBD', 'JJ', 'NN', 'CC', 'JJ', 'TO', 'VB', 'IN', 'DT', 'JJ', 'NN', 'VBD', 'JJ', 'CC', 'RB', 'IN', 'NN']"
258994366,It was okay for the price. It served its purpose for our stay in Istanbul. Location in Beyoglu was convenient enough.,"['it', 'be', 'okay', 'for', 'the', 'price', 'it', 'serve', 'it', 'purpose', 'for', 'our', 'stay', 'in', 'istanbul', 'location', 'in', 'beyoglu', 'be', 'convenient', 'enough']","['PRP', 'VBD', 'VBN', 'IN', 'DT', 'NN', 'PRP', 'VBD', 'PRP$', 'NN', 'IN', 'PRP$', 'NN', 'IN', 'NNP', 'NNP', 'IN', 'NNP', 'VBD', 'JJ', 'RB']"
556073638,It was okay for the price. Our superhost was polite but slow to respond a couple of times.,"['it', 'be', 'okay', 'for', 'the', 'price', 'our', 'superhost', 'be', 'polite', 'but', 'slow', 'to', 'respond', 'a', 'couple', 'of', 'time']","['PRP', 'VBD', 'VBN', 'IN', 'DT', 'NN', 'PRP$', 'NN', 'VBD', 'JJ', 'CC', 'JJ', 'TO', 'VB', 'DT', 'NN', 'IN', 'NNS']"
583825525,We had a rough experience. The entire apartment was not as clean as the photos suggested. The host was difficult to reach when we had issues.,"['we', 'have', 'a', 'rough', 'experience', 'the', 'entire', 'apartment', 'be', 'not', 'as', 'clean', 'a', 'the', 'photo', 'suggest', 'the', 'host', 'be', 'difficult', 'to', 'reach', 'when', 'we', 'have', 'issue']","['PRP', 'VBD', 'DT', 'JJ', 'NN', 'DT', 'JJ', 'NN', 'VBD', 'RB', 'RB', 'JJ', 'IN', 'DT', 'NN', 'VBD', 'DT', 'NN', 'VBD', 'JJ', 'TO', 'VB', 'WRB', 'PRP', 'VBD', 'NNS']"
156907194,Couldn't have asked for more. The host was super responsive and easy to communicate with. Check-in was smooth and the amenities were exactly what we needed. We would definitely book this private room in house again.,"['could', 'have', 'ask', 'for', 'more', 'the', 'host', 'be', 'super', 'responsive', 'and', 'easy', 'to', 'communicate', 'with', 'be', 'smooth', 'and', 'the', 'amenity', 'be', 'exactly', 'what', 'we', 'need', 'we', 'would', 'definitely', 'book', 'this', 'private', 'room', 'in', 'house', 'again']","['MD', 'VB', 'VBN', 'IN', 'JJR', 'DT', 'NN', 'VBD', 'JJ', 'NN', 'CC', 'JJ', 'TO', 'VB', 'IN', 'VBD', 'VBN', 'CC', 'DT', 'NNS', 'VBD', 'RB', 'WP', 'PRP', 'VBD', 'PRP', 'MD', 'RB', 'NN', 'DT', 'JJ', 'NN', 'IN', 'NN', 'RB']"
20456279,"It was okay for the price. Some things could be improved, like cleanliness in the entire loft. Location in I Centro Storico was convenient enough.","['it', 'be', 'okay', 'for', 'the', 'price', 'some', 'thing', 'could', 'be', 'improve', 'like', 'cleanliness', 'in', 'the', 'entire', 'loft', 'location', 'in', 'i', 'centro', 'storico', 'be', 'convenient', 'enough']","['PRP', 'VBD', 'VBN', 'IN', 'DT', 'NN', 'DT', 'NNS', 'MD', 'VB', 'VBN', 'IN', 'NN', 'IN', 'DT', 'JJ', 'JJ', 'NN', 'IN', 'PRP', 'NNP', 'NNP', 'VBD', 'JJ', 'RB']"
578069563,Would not recommend. The private room in apartment was not as clean as the photos suggested. We had several issues during our stay that were never resolved.,"['would', 'not', 'recommend', 'the', 'private', 'room', 'in', 'apartment', 'be', 'not', 'as', 'clean', 'a', 'the', 'photo', 'suggest', 'we', 'have', 'several', 'issue', 'during', 'our', 'stay', 'that', 'be', 'never', 'resolve']","['MD', 'RB', 'VB', 'DT', 'JJ', 'NN', 'IN', 'NN', 'VBD', 'RB', 'RB', 'JJ', 'IN', 'DT', 'NNS', 'VBD', 'PRP', 'VBD', 'JJ', 'NNS', 'IN', 'PRP$', 'NN', 'WDT', 'VBD', 'RB', 'VBN']"
105142370,Decent stay overall. The private room in apartment was fine but a little smaller than expected.,"['decent', 'stay', 'overall', 'the', 'private', 'room', 'in', 'apartment', 'be', 'fine', 'but', 'a', 'little', 'small', 'than', 'expect']","['NNP', 'NN', 'RB', 'DT', 'JJ', 'NN', 'IN', 'NN', 'VBD', 'JJ', 'CC', 'DT', 'JJ', 'JJR', 'IN', 'VBN']"
507726966,"Nothing special, but fine. The entire apartment was fine but a little smaller than expected. The host was polite but slow to respond a couple of times.","['nothing', 'special', 'but', 'fine', 'the', 'entire', 'apartment', 'be', 'fine', 'but', 'a', 'little', 'small', 'than', 'expect', 'the', 'host', 'be', 'polite', 'but', 'slow', 'to', 'respond', 'a', 'couple', 'of', 'time']","['VBG', 'JJ', 'CC', 'JJ', 'DT', 'JJ', 'NN', 'VBD', 'JJ', 'CC', 'DT', 'JJ', 'JJR', 'IN', 'VBN', 'DT', 'NN', 'VBD', 'JJ', 'CC', 'JJ', 'TO', 'VB', 'DT', 'NN', 'IN', 'NNS']"
253385194,Wonderful experience. We would definitely book this entire apartment again. The host was super responsive and easy to communicate with. The place felt very cozy for 6 guests.,"['wonderful', 'experience', 'we', 'would', 'definitely', 'book', 'this', 'entire', 'apartment', 'again', 'the', 'host', 'be', 'super', 'responsive', 'and', 'easy', 'to', 'communicate', 'with', 'the', 'place', 'felt', 'very', 'cozy', 'for', 'guest']","['JJ', 'NN', 'PRP', 'MD', 'RB', 'NN', 'DT', 'JJ', 'NN', 'RB', 'DT', 'NN', 'VBD', 'JJ', 'NN', 'CC', 'JJ', 'TO', 'VB', 'IN', 'DT', 'NN', 'VBD', 'RB', 'JJ', 'IN', 'NNS']"
307993863,An average experience. It served its purpose for our stay in New York.,"['an', 'average', 'experience', 'it', 'serve', 'it', 'purpose', 'for', 'our', 'stay', 'in', 'new', 'york']","['DT', 'JJ', 'NN', 'PRP', 'VBD', 'PRP$', 'NN', 'IN', 'PRP$', 'NN', 'IN', 'NNP', 'NNP']"
13357153,"Decent stay overall. Location in Reuilly was convenient enough. Some things could be improved, like cleanliness in the private room in bed and breakfast.","['decent', 'stay', 'overall', 'location', 'in', 'reuilly', 'be', 'convenient', 'enough', 'some', 'thing', 'could', 'be', 'improve', 'like', 'cleanliness', 'in', 'the', 'private', 'room', 'in', 'bed', 'and', 'breakfast']","['NNP', 'VB', 'JJ', 'NNP', 'IN', 'NNP', 'VBD', 'JJ', 'RB', 'DT', 'NNS', 'MD', 'VB', 'VBN', 'IN', 'NN', 'IN', 'DT', 'JJ', 'NN', 'IN', 'NN', 'CC', 'NN']"
498086350,Decent stay overall. Location in Buttes-Montmartre was convenient enough.,"['decent', 'stay', 'overall', 'location', 'in', 'be', 'convenient', 'enough']","['NNP', 'VB', 'JJ', 'NNP', 'IN', 'VBD', 'JJ', 'RB']"
413893603,Highly recommend this place! The place felt very cozy for 4 guests. Check-in was smooth and the amenities were exactly what we needed. The entire apartment was spotless and exactly as described.,"['highly', 'recommend', 'this', 'place', 'the', 'place', 'felt', 'very', 'cozy', 'for', 'guest', 'be', 'smooth', 'and', 'the', 'amenity', 'be', 'exactly', 'what', 'we', 'need', 'the', 'entire', 'apartment', 'be', 'spotless', 'and', 'exactly', 'a', 'described']","['RB', 'VB', 'DT', 'NN', 'DT', 'NN', 'VBD', 'RB', 'JJ', 'IN', 'NNS', 'VBD', 'JJ', 'CC', 'DT', 'NNS', 'VBD', 'RB', 'WP', 'PRP', 'VBD', 'DT', 'JJ', 'NN', 'VBD', 'JJ', 'CC', 'RB', 'IN', 'NN']"
150028329,"Perfect for our trip. Great location in Elysee, close to everything we needed in Paris. Our superhost was super responsive and easy to communicate with. The place felt very cozy for 4 guests.","['perfect', 'for', 'our', 'trip', 'great', 'location', 'in', 'elysee', 'close', 'to', 'everything', 'we', 'need', 'in', 'paris', 'our', 'superhost', 'be', 'super', 'responsive', 'and', 'easy', 'to', 'communicate', 'with', 'the', 'place', 'felt', 'very', 'cozy', 'for', 'guest']","['NN', 'IN', 'PRP$', 'NN', 'NNP', 'NN', 'IN', 'NNP', 'RB', 'TO', 'NN', 'PRP', 'VBD', 'IN', 'NNP', 'PRP$', 'NN', 'VBD', 'JJ', 'NN', 'CC', 'JJ', 'TO', 'VB', 'IN', 'DT', 'NN', 'VBD', 'RB', 'JJ', 'IN', 'NNS']"
410338304,Decent stay overall. Our superhost was polite but slow to respond a couple of times.,"['decent', 'stay', 'overall', 'our', 'superhost', 'be', 'polite', 'but', 'slow', 'to', 'respond', 'a', 'couple', 'of', 'time']","['NNP', 'NN', 'RB', 'PRP$', 'NN', 'VBD', 'JJ', 'CC', 'JJ', 'TO', 'VB', 'DT', 'NN', 'IN', 'NNS']"
151415858,Disappointing stay. The location in Washington Heights was noisier than expected. Our superhost was difficult to reach when we had issues. Check-in was confusing and delayed our arrival in New York.,"['disappoint', 'stay', 'the', 'location', 'in', 'washington', 'height', 'be', 'noisy', 'than', 'expect', 'our', 'superhost', 'be', 'difficult', 'to', 'reach', 'when', 'we', 'have', 'issue', 'be', 'confuse', 'and', 'delay', 'our', 'arrival', 'in', 'new', 'york']","['VBG', 'VB', 'DT', 'NN', 'IN', 'NNP', 'NNP', 'VBD', 'JJR', 'IN', 'VBN', 'PRP$', 'NN', 'VBD', 'JJ', 'TO', 'VB', 'WRB', 'PRP', 'VBD', 'NNS', 'VBD', 'VBG', 'CC', 'VB', 'PRP$', 'NN', 'IN', 'NNP', 'NNP']"
215882106,We had a rough experience. The location in Elysee was noisier than expected. Check-in was confusing and delayed our arrival in Paris. The entire apartment was not as clean as the photos suggested.,"['we', 'have', 'a', 'rough', 'experience', 'the', 'location', 'in', 'elysee', 'be', 'noisy', 'than', 'expect', 'be', 'confuse', 'and', 'delay', 'our', 'arrival', 'in', 'paris', 'the', 'entire', 'apartment', 'be', 'not', 'as', 'clean', 'a', 'the', 'photo', 'suggest']","['PRP', 'VBD', 'DT', 'JJ', 'NN', 'DT', 'NN', 'IN', 'NNP', 'VBD', 'JJR', 'IN', 'VBN', 'VBD', 'VBG', 'CC', 'VB', 'PRP$', 'NN', 'IN', 'NNP', 'DT', 'JJ', 'NN', 'VBD', 'RB', 'RB', 'JJ', 'IN', 'DT', 'NN', 'VBD']"
641159161,Not worth the price. Check-in was confusing and delayed our arrival in New York. The room in hotel was not as clean as the photos suggested.,"['not', 'worth', 'the', 'price', 'be', 'confuse', 'and', 'delay', 'our', 'arrival', 'in', 'new', 'york', 'the', 'room', 'in', 'hotel', 'be', 'not', 'as', 'clean', 'a', 'the', 'photo', 'suggest']","['RB', 'IN', 'DT', 'NN', 'VBD', 'VBG', 'CC', 'VB', 'PRP$', 'NN', 'IN', 'NNP', 'NNP', 'DT', 'NN', 'IN', 'NN', 'VBD', 'RB', 'RB', 'JJ', 'IN', 'DT', 'NN', 'VBD']"
432443426,"Decent stay overall. Our superhost was polite but slow to respond a couple of times. Some things could be improved, like cleanliness in the entire apartment.","['decent', 'stay', 'overall', 'our', 'superhost', 'be', 'polite', 'but', 'slow', 'to', 'respond', 'a', 'couple', 'of', 'time', 'some', 'thing', 'could', 'be', 'improve', 'like', 'cleanliness', 'in', 'the', 'entire', 'apartment']","['NNP', 'NN', 'RB', 'PRP$', 'NN', 'VBD', 'JJ', 'CC', 'JJ', 'TO', 'VB', 'DT', 'NN', 'IN', 'NNS', 'DT', 'NNS', 'MD', 'VB', 'VBN', 'IN', 'NN', 'IN', 'DT', 'JJ', 'NN']"
75994228,We had a rough experience. Our superhost was difficult to reach when we had issues. Check-in was confusing and delayed our arrival in Rome.,"['we', 'have', 'a', 'rough', 'experience', 'our', 'superhost', 'be', 'difficult', 'to', 'reach', 'when', 'we', 'have', 'issue', 'be', 'confuse', 'and', 'delay', 'our', 'arrival', 'in', 'rome']","['PRP', 'VBD', 'DT', 'JJ', 'NN', 'PRP$', 'NN', 'VBD', 'JJ', 'TO', 'VB', 'WRB', 'PRP', 'VBD', 'NNS', 'VBD', 'VBG', 'CC', 'VB', 'PRP$', 'NN', 'IN', 'NNP']"
411280000,Decent stay overall. Location in Sydney was convenient enough.,"['decent', 'stay', 'overall', 'location', 'in', 'sydney', 'be', 'convenient', 'enough']","['NNP', 'VB', 'JJ', 'NNP', 'IN', 'NNP', 'VBD', 'JJ', 'RB']"
138775064,We had a rough experience. The location in I Centro Storico was noisier than expected. The host was difficult to reach when we had issues.,"['we', 'have', 'a', 'rough', 'experience', 'the', 'location', 'in', 'i', 'centro', 'storico', 'be', 'noisy', 'than', 'expect', 'the', 'host', 'be', 'difficult', 'to', 'reach', 'when', 'we', 'have', 'issue']","['PRP', 'VBD', 'DT', 'JJ', 'NN', 'DT', 'NN', 'IN', 'PRP', 'NNP', 'NNP', 'VBD', 'JJR', 'IN', 'VBN', 'DT', 'NN', 'VBD', 'JJ', 'TO', 'VB', 'WRB', 'PRP', 'VBD', 'NNS']"
