review_id,review_text,tagged_tokens,pos_tags_only
369314882,Amazing stay! The place felt very cozy for 4 guests. Check-in was smooth and the amenities were exactly what we needed.,"[('Amazing', 'VBG'), ('stay', 'NN'), ('!', '.'), ('The', 'DT'), ('place', 'NN'), ('felt', 'VBD'), ('very', 'RB'), ('cozy', 'JJ'), ('for', 'IN'), ('4', 'CD'), ('guests', 'NNS'), ('.', '.'), ('Check-in', 'NNP'), ('was', 'VBD'), ('smooth', 'JJ'), ('and', 'CC'), ('the', 'DT'), ('amenities', 'NNS'), ('were', 'VBD'), ('exactly', 'RB'), ('what', 'WP'), ('we', 'PRP'), ('needed', 'VBD'), ('.', '.')]","['VBG', 'NN', '.', 'DT', 'NN', 'VBD', 'RB', 'JJ', 'IN', 'CD', 'NNS', '.', 'NNP', 'VBD', 'JJ', 'CC', 'DT', 'NNS', 'VBD', 'RB', 'WP', 'PRP', 'VBD', '.']"
490116563,It was okay for the price. Location in XIII Aurelia was convenient enough.,"[('It', 'PRP'), ('was', 'VBD'), ('okay', 'VBN'), ('for', 'IN'), ('the', 'DT'), ('price', 'NN'), ('.', '.'), ('Location', 'NN'), ('in', 'IN'), ('XIII', 'NNP'), ('Aurelia', 'NNP'), ('was', 'VBD'), ('convenient', 'JJ'), ('enough', 'RB'), ('.', '.')]","['PRP', 'VBD', 'VBN', 'IN', 'DT', 'NN', '.', 'NN', 'IN', 'NNP', 'NNP', 'VBD', 'JJ', 'RB', '.']"
582235668,"Loved every minute of it. Our superhost was super responsive and easy to communicate with. Great location in Venustiano Carranza, close to everything we needed in Mexico City. We would definitely book this entire apartment again.","[('Loved', 'VBN'), ('every', 'DT'), ('minute', 'NN'), ('of', 'IN'), ('it', 'PRP'), ('.', '.'), ('Our', 'PRP$'), ('superhost', 'NN'), ('was', 'VBD'), ('super', 'JJ'), ('responsive', 'NN'), ('and', 'CC'), ('easy', 'JJ'), ('to', 'TO'), ('communicate', 'VB'), ('with', 'IN'), ('.', '.'), ('Great', 'NNP'), ('location', 'NN'), ('in', 'IN'), ('Venustiano', 'NNP'), ('Carranza', 'NNP'), (',', ','), ('close', 'RB'), ('to', 'TO'), ('everything', 'NN'), ('we', 'PRP'), ('needed', 'VBD'), ('in', 'IN'), ('Mexico', 'NNP'), ('City', 'NNP'), ('.', '.'), ('We', 'PRP'), ('would', 'MD'), ('definitely', 'RB'), ('book', 'NN'), ('this', 'DT'), ('entire', 'JJ'), ('apartment', 'NN'), ('again', 'RB'), ('.', '.')]","['VBN', 'DT', 'NN', 'IN', 'PRP', '.', 'PRP$', 'NN', 'VBD', 'JJ', 'NN', 'CC', 'JJ', 'TO', 'VB', 'IN', '.', 'NNP', 'NN', 'IN', 'NNP', 'NNP', ',', 'RB', 'TO', 'NN', 'PRP', 'VBD', 'IN', 'NNP', 'NNP', '.', 'PRP', 'MD', 'RB', 'NN', 'DT', 'JJ', 'NN', 'RB', '.']"
68054683,"Decent stay overall. Some things could be improved, like cleanliness in the entire apartment.","[('Decent', 'NNP'), ('stay', 'NN'), ('overall', 'RB'), ('.', '.'), ('Some', 'DT'), ('things', 'NNS'), ('could', 'MD'), ('be', 'VB'), ('improved', 'VBN'), (',', ','), ('like', 'IN'), ('cleanliness', 'NN'), ('in', 'IN'), ('the', 'DT'), ('entire', 'JJ'), ('apartment', 'NN'), ('.', '.')]","['NNP', 'NN', 'RB', '.', 'DT', 'NNS', 'MD', 'VB', 'VBN', ',', 'IN', 'NN', 'IN', 'DT', 'JJ', 'NN', '.']"
248483824,Reasonable for a short trip. Location in Long Island City was convenient enough.,"[('Reasonable', 'JJ'), ('for', 'IN'), ('a', 'DT'), ('short', 'JJ'), ('trip', 'NN'), ('.', '.'), ('Location', 'NN'), ('in', 'IN'), ('Long', 'NNP'), ('Island', 'NNP'), ('City', 'NNP'), ('was', 'VBD'), ('convenient', 'JJ'), ('enough', 'RB'), ('.', '.')]","['JJ', 'IN', 'DT', 'JJ', 'NN', '.', 'NN', 'IN', 'NNP', 'NNP', 'NNP', 'VBD', 'JJ', 'RB', '.']"
155617131,Decent stay overall. It served its purpose for our stay in Paris.,"[('Decent', 'NNP'), ('stay', 'NN'), ('overall', 'RB'), ('.', '.'), ('It', 'PRP'), ('served', 'VBD'), ('its', 'PRP$'), ('purpose', 'NN'), ('for', 'IN'), ('our', 'PRP$'), ('stay', 'NN'), ('in', 'IN'), ('Paris', 'NNP'), ('.', '.')]","['NNP', 'NN', 'RB', '.', 'PRP', 'VBD', 'PRP$', 'NN', 'IN', 'PRP$', 'NN', 'IN', 'NNP', '.']"
710244614,"Nothing special, but fine. Our superhost was polite but slow to respond a couple of times. Some things could be improved, like cleanliness in the entire apartment.","[('Nothing', 'VBG'), ('special', 'JJ'), (',', ','), ('but', 'CC'), ('fine', 'JJ'), ('.', '.'), ('Our', 'PRP$'), ('superhost', 'NN'), ('was', 'VBD'), ('polite', 'JJ'), ('but', 'CC'), ('slow', 'JJ'), ('to', 'TO'), ('respond', 'VB'), ('a', 'DT'), ('couple', 'NN'), ('of', 'IN'), ('times', 'NNS'), ('.', '.'), ('Some', 'DT'), ('things', 'NNS'), ('could', 'MD'), ('be', 'VB'), ('improved', 'VBN'), (',', ','), ('like', 'IN'), ('cleanliness', 'NN'), ('in', 'IN'), ('the', 'DT'), ('entire', 'JJ'), ('apartment', 'NN'), ('.', '.')]","['VBG', 'JJ', ',', 'CC', 'JJ', '.', 'PRP$', 'NN', 'VBD', 'JJ', 'CC', 'JJ', 'TO', 'VB', 'DT', 'NN', 'IN', 'NNS', '.', 'DT', 'NNS', 'MD', 'VB', 'VBN', ',', 'IN', 'NN', 'IN', 'DT', 'JJ', 'NN', '.']"
299174484,We had a rough experience. The location in Enclos-St-Laurent was noisier than expected. We had several issues during our stay that were never resolved. Check-in was confusing and delayed our arrival in Paris.,"[('We', 'PRP'), ('had', 'VBD'), ('a', 'DT'), ('rough', 'JJ'), ('experience', 'NN'), ('.', '.'), ('The', 'DT'), ('location', 'NN'), ('in', 'IN'), ('Enclos-St-Laurent', 'NNP'), ('was', 'VBD'), ('noisier', 'JJR'), ('than', 'IN'), ('expected', 'VBN'), ('.', '.'), ('We', 'PRP'), ('had', 'VBD'), ('several', 'JJ'), ('issues', 'NNS'), ('during', 'IN'), ('our', 'PRP$'), ('stay', 'NN'), ('that', 'WDT'), ('were', 'VBD'), ('never', 'RB'), ('resolved', 'VBN'), ('.', '.'), ('Check-in', 'NNP'), ('was', 'VBD'), ('confusing', 'VBG'), ('and', 'CC'), ('delayed', 'VB'), ('our', 'PRP$'), ('arrival', 'NN'), ('in', 'IN'), ('Paris', 'NNP'), ('.', '.')]","['PRP', 'VBD', 'DT', 'JJ', 'NN', '.', 'DT', 'NN', 'IN', 'NNP', 'VBD', 'JJR', 'IN', 'VBN', '.', 'PRP', 'VBD', 'JJ', 'NNS', 'IN', 'PRP$', 'NN', 'WDT', 'VBD', 'RB', 'VBN', '.', 'NNP', 'VBD', 'VBG', 'CC', 'VB', 'PRP$', 'NN', 'IN', 'NNP', '.']"
22136604,"Perfect for our trip. Check-in was smooth and the amenities were exactly what we needed. The place felt very cozy for 8 guests. Great location in Buttes-Montmartre, close to everything we needed in Paris.","[('Perfect', 'NN'), ('for', 'IN'), ('our', 'PRP$'), ('trip', 'NN'), ('.', '.'), ('Check-in', 'NNP'), ('was', 'VBD'), ('smooth', 'JJ'), ('and', 'CC'), ('the', 'DT'), ('amenities', 'NNS'), ('were', 'VBD'), ('exactly', 'RB'), ('what', 'WP'), ('we', 'PRP'), ('needed', 'VBD'), ('.', '.'), ('The', 'DT'), ('place', 'NN'), ('felt', 'VBD'), ('very', 'RB'), ('cozy', 'JJ'), ('for', 'IN'), ('8', 'CD'), ('guests', 'NNS'), ('.', '.'), ('Great', 'NNP'), ('location', 'NN'), ('in', 'IN'), ('Buttes-Montmartre', 'NNP'), (',', ','), ('close', 'RB'), ('to', 'TO'), ('everything', 'NN'), ('we', 'PRP'), ('needed', 'VBD'), ('in', 'IN'), ('Paris', 'NNP'), ('.', '.')]","['NN', 'IN', 'PRP$', 'NN', '.', 'NNP', 'VBD', 'JJ', 'CC', 'DT', 'NNS', 'VBD', 'RB', 'WP', 'PRP', 'VBD', '.', 'DT', 'NN', 'VBD', 'RB', 'JJ', 'IN', 'CD', 'NNS', '.', 'NNP', 'NN', 'IN', 'NNP', ',', 'RB', 'TO', 'NN', 'PRP', 'VBD', 'IN', 'NNP', '.']"
469473761,Would not recommend. The private room in house was not as clean as the photos suggested. We had several issues during our stay that were never resolved.,"[('Would', 'MD'), ('not', 'RB'), ('recommend', 'VB'), ('.', '.'), ('The', 'DT'), ('private', 'JJ'), ('room', 'NN'), ('in', 'IN'), ('house', 'NN'), ('was', 'VBD'), ('not', 'RB'), ('as', 'RB'), ('clean', 'JJ'), ('as', 'IN'), ('the', 'DT'), ('photos', 'NN'), ('suggested', 'VBD'), ('.', '.'), ('We', 'PRP'), ('had', 'VBD'), ('several', 'JJ'), ('issues', 'NNS'), ('during', 'IN'), ('our', 'PRP$'), ('stay', 'NN'), ('that', 'WDT'), ('were', 'VBD'), ('never', 'RB'), ('resolved', 'VBN'), ('.', '.')]","['MD', 'RB', 'VB', '.', 'DT', 'JJ', 'NN', 'IN', 'NN', 'VBD', 'RB', 'RB', 'JJ', 'IN', 'DT', 'NN', 'VBD', '.', 'PRP', 'VBD', 'JJ', 'NNS', 'IN', 'PRP$', 'NN', 'WDT', 'VBD', 'RB', 'VBN', '.']"
669542886,Decent stay overall. Our superhost was polite but slow to respond a couple of times. The entire apartment was fine but a little smaller than expected.,"[('Decent', 'NNP'), ('stay', 'NN'), ('overall', 'RB'), ('.', '.'), ('Our', 'PRP$'), ('superhost', 'NN'), ('was', 'VBD'), ('polite', 'JJ'), ('but', 'CC'), ('slow', 'JJ'), ('to', 'TO'), ('respond', 'VB'), ('a', 'DT'), ('couple', 'NN'), ('of', 'IN'), ('times', 'NNS'), ('.', '.'), ('The', 'DT'), ('entire', 'JJ'), ('apartment', 'NN'), ('was', 'VBD'), ('fine', 'JJ'), ('but', 'CC'), ('a', 'DT'), ('little', 'JJ'), ('smaller', 'JJR'), ('than', 'IN'), ('expected', 'VBN'), ('.', '.')]","['NNP', 'NN', 'RB', '.', 'PRP$', 'NN', 'VBD', 'JJ', 'CC', 'JJ', 'TO', 'VB', 'DT', 'NN', 'IN', 'NNS', '.', 'DT', 'JJ', 'NN', 'VBD', 'JJ', 'CC', 'DT', 'JJ', 'JJR', 'IN', 'VBN', '.']"
158274067,It was okay for the price. Location in I Centro Storico was convenient enough. The host was polite but slow to respond a couple of times.,"[('It', 'PRP'), ('was', 'VBD'), ('okay', 'VBN'), ('for', 'IN'), ('the', 'DT'), ('price', 'NN'), ('.', '.'), ('Location', 'NN'), ('in', 'IN'), ('I', 'PRP'), ('Centro', 'NNP'), ('Storico', 'NNP'), ('was', 'VBD'), ('convenient', 'JJ'), ('enough', 'RB'), ('.', '.'), ('The', 'DT'), ('host', 'NN'), ('was', 'VBD'), ('polite', 'JJ'), ('but', 'CC'), ('slow', 'JJ'), ('to', 'TO'), ('respond', 'VB'), ('a', 'DT'), ('couple', 'NN'), ('of', 'IN'), ('times', 'NNS'), ('.', '.')]","['PRP', 'VBD', 'VBN', 'IN', 'DT', 'NN', '.', 'NN', 'IN', 'PRP', 'NNP', 'NNP', 'VBD', 'JJ', 'RB', '.', 'DT', 'NN', 'VBD', 'JJ', 'CC', 'JJ', 'TO', 'VB', 'DT', 'NN', 'IN', 'NNS', '.']"
281168772,"Loved every minute of it. Check-in was smooth and the amenities were exactly what we needed. Great location in Prince's Bay, close to everything we needed in New York.","[('Loved', 'VBN'), ('every', 'DT'), ('minute', 'NN'), ('of', 'IN'), ('it', 'PRP'), ('.', '.'), ('Check-in', 'NNP'), ('was', 'VBD'), ('smooth', 'JJ'), ('and', 'CC'), ('the', 'DT'), ('amenities', 'NNS'), ('were', 'VBD'), ('exactly', 'RB'), ('what', 'WP'), ('we', 'PRP'), ('needed', 'VBD'), ('.', '.'), ('Great', 'NNP'), ('location', 'NN'), ('in', 'IN'), ('Prince', 'NNP'), (""'s"", 'POS'), ('Bay', 'NNP'), (',', ','), ('close', 'RB'), ('to', 'TO'), ('everything', 'NN'), ('we', 'PRP'), ('needed', 'VBD'), ('in', 'IN'), ('New', 'NNP'), ('York', 'NNP'), ('.', '.')]","['VBN', 'DT', 'NN', 'IN', 'PRP', '.', 'NNP', 'VBD', 'JJ', 'CC', 'DT', 'NNS', 'VBD', 'RB', 'WP', 'PRP', 'VBD', '.', 'NNP', 'NN', 'IN', 'NNP', 'POS', 'NNP', ',', 'RB', 'TO', 'NN', 'PRP', 'VBD', 'IN', 'NNP', 'NNP', '.']"
78097741,Reasonable for a short trip. It served its purpose for our stay in Rome.,"[('Reasonable', 'JJ'), ('for', 'IN'), ('a', 'DT'), ('short', 'JJ'), ('trip', 'NN'), ('.', '.'), ('It', 'PRP'), ('served', 'VBD'), ('its', 'PRP$'), ('purpose', 'NN'), ('for', 'IN'), ('our', 'PRP$'), ('stay', 'NN'), ('in', 'IN'), ('Rome', 'NNP'), ('.', '.')]","['JJ', 'IN', 'DT', 'JJ', 'NN', '.', 'PRP', 'VBD', 'PRP$', 'NN', 'IN', 'PRP$', 'NN', 'IN', 'NNP', '.']"
515211298,Wonderful experience. We would definitely book this private room in house again. Our superhost was super responsive and easy to communicate with.,"[('Wonderful', 'JJ'), ('experience', 'NN'), ('.', '.'), ('We', 'PRP'), ('would', 'MD'), ('definitely', 'RB'), ('book', 'NN'), ('this', 'DT'), ('private', 'JJ'), ('room', 'NN'), ('in', 'IN'), ('house', 'NN'), ('again', 'RB'), ('.', '.'), ('Our', 'PRP$'), ('superhost', 'NN'), ('was', 'VBD'), ('super', 'JJ'), ('responsive', 'NN'), ('and', 'CC'), ('easy', 'JJ'), ('to', 'TO'), ('communicate', 'VB'), ('with', 'IN'), ('.', '.')]","['JJ', 'NN', '.', 'PRP', 'MD', 'RB', 'NN', 'DT', 'JJ', 'NN', 'IN', 'NN', 'RB', '.', 'PRP$', 'NN', 'VBD', 'JJ', 'NN', 'CC', 'JJ', 'TO', 'VB', 'IN', '.']"
547481538,Amazing stay! The room in hotel was spotless and exactly as described. The place felt very cozy for 2 guests. Our superhost was super responsive and easy to communicate with.,"[('Amazing', 'VBG'), ('stay', 'NN'), ('!', '.'), ('The', 'DT'), ('room', 'NN'), ('in', 'IN'), ('hotel', 'NN'), ('was', 'VBD'), ('spotless', 'JJ'), ('and', 'CC'), ('exactly', 'RB'), ('as', 'IN'), ('described', 'VBN'), ('.', '.'), ('The', 'DT'), ('place', 'NN'), ('felt', 'VBD'), ('very', 'RB'), ('cozy', 'JJ'), ('for', 'IN'), ('2', 'CD'), ('guests', 'NNS'), ('.', '.'), ('Our', 'PRP$'), ('superhost', 'NN'), ('was', 'VBD'), ('super', 'JJ'), ('responsive', 'NN'), ('and', 'CC'), ('easy', 'JJ'), ('to', 'TO'), ('communicate', 'VB'), ('with', 'IN'), ('.', '.')]","['VBG', 'NN', '.', 'DT', 'NN', 'IN', 'NN', 'VBD', 'JJ', 'CC', 'RB', 'IN', 'VBN', '.', 'DT', 'NN', 'VBD', 'RB', 'JJ', 'IN', 'CD', 'NNS', '.', 'PRP$', 'NN', 'VBD', 'JJ', 'NN', 'CC', 'JJ', 'TO', 'VB', 'IN', '.']"
503543469,We had a rough experience. The location in Beyoglu was noisier than expected. The entire apartment was not as clean as the photos suggested. Our superhost was difficult to reach when we had issues.,"[('We', 'PRP'), ('had', 'VBD'), ('a', 'DT'), ('rough', 'JJ'), ('experience', 'NN'), ('.', '.'), ('The', 'DT'), ('location', 'NN'), ('in', 'IN'), ('Beyoglu', 'NNP'), ('was', 'VBD'), ('noisier', 'JJR'), ('than', 'IN'), ('expected', 'VBN'), ('.', '.'), ('The', 'DT'), ('entire', 'JJ'), ('apartment', 'NN'), ('was', 'VBD'), ('not', 'RB'), ('as', 'RB'), ('clean', 'JJ'), ('as', 'IN'), ('the', 'DT'), ('photos', 'NN'), ('suggested', 'VBD'), ('.', '.'), ('Our', 'PRP$'), ('superhost', 'NN'), ('was', 'VBD'), ('difficult', 'JJ'), ('to', 'TO'), ('reach', 'VB'), ('when', 'WRB'), ('we', 'PRP'), ('had', 'VBD'), ('issues', 'NNS'), ('.', '.')]","['PRP', 'VBD', 'DT', 'JJ', 'NN', '.', 'DT', 'NN', 'IN', 'NNP', 'VBD', 'JJR', 'IN', 'VBN', '.', 'DT', 'JJ', 'NN', 'VBD', 'RB', 'RB', 'JJ', 'IN', 'DT', 'NN', 'VBD', '.', 'PRP$', 'NN', 'VBD', 'JJ', 'TO', 'VB', 'WRB', 'PRP', 'VBD', 'NNS', '.']"
590297118,An average experience. Location in Enclos-St-Laurent was convenient enough.,"[('An', 'DT'), ('average', 'JJ'), ('experience', 'NN'), ('.', '.'), ('Location', 'NN'), ('in', 'IN'), ('Enclos-St-Laurent', 'NNP'), ('was', 'VBD'), ('convenient', 'JJ'), ('enough', 'RB'), ('.', '.')]","['DT', 'JJ', 'NN', '.', 'NN', 'IN', 'NNP', 'VBD', 'JJ', 'RB', '.']"
67633782,"Perfect for our trip. Great location in I Centro Storico, close to everything we needed in Rome. Our superhost was super responsive and easy to communicate with.","[('Perfect', 'NN'), ('for', 'IN'), ('our', 'PRP$'), ('trip', 'NN'), ('.', '.'), ('Great', 'NNP'), ('location', 'NN'), ('in', 'IN'), ('I', 'PRP'), ('Centro', 'NNP'), ('Storico', 'NNP'), (',', ','), ('close', 'RB'), ('to', 'TO'), ('everything', 'NN'), ('we', 'PRP'), ('needed', 'VBD'), ('in', 'IN'), ('Rome', 'NNP'), ('.', '.'), ('Our', 'PRP$'), ('superhost', 'NN'), ('was', 'VBD'), ('super', 'JJ'), ('responsive', 'NN'), ('and', 'CC'), ('easy', 'JJ'), ('to', 'TO'), ('communicate', 'VB'), ('with', 'IN'), ('.', '.')]","['NN', 'IN', 'PRP$', 'NN', '.', 'NNP', 'NN', 'IN', 'PRP', 'NNP', 'NNP', ',', 'RB', 'TO', 'NN', 'PRP', 'VBD', 'IN', 'NNP', '.', 'PRP$', 'NN', 'VBD', 'JJ', 'NN', 'CC', 'JJ', 'TO', 'VB', 'IN', '.']"
60963469,Exceeded our expectations! Check-in was smooth and the amenities were exactly what we needed. The host was super responsive and easy to communicate with.,"[('Exceeded', 'VBD'), ('our', 'PRP$'), ('expectations', 'NNS'), ('!', '.'), ('Check-in', 'NN'), ('was', 'VBD'), ('smooth', 'JJ'), ('and', 'CC'), ('the', 'DT'), ('amenities', 'NNS'), ('were', 'VBD'), ('exactly', 'RB'), ('what', 'WP'), ('we', 'PRP'), ('needed', 'VBD'), ('.', '.'), ('The', 'DT'), ('host', 'NN'), ('was', 'VBD'), ('super', 'JJ'), ('responsive', 'NN'), ('and', 'CC'), ('easy', 'JJ'), ('to', 'TO'), ('communicate', 'VB'), ('with', 'IN'), ('.', '.')]","['VBD', 'PRP$', 'NNS', '.', 'NN', 'VBD', 'JJ', 'CC', 'DT', 'NNS', 'VBD', 'RB', 'WP', 'PRP', 'VBD', '.', 'DT', 'NN', 'VBD', 'JJ', 'NN', 'CC', 'JJ', 'TO', 'VB', 'IN', '.']"
28816193,Would not recommend. We had several issues during our stay that were never resolved. The host was difficult to reach when we had issues.,"[('Would', 'MD'), ('not', 'RB'), ('recommend', 'VB'), ('.', '.'), ('We', 'PRP'), ('had', 'VBD'), ('several', 'JJ'), ('issues', 'NNS'), ('during', 'IN'), ('our', 'PRP$'), ('stay', 'NN'), ('that', 'WDT'), ('were', 'VBD'), ('never', 'RB'), ('resolved', 'VBN'), ('.', '.'), ('The', 'DT'), ('host', 'NN'), ('was', 'VBD'), ('difficult', 'JJ'), ('to', 'TO'), ('reach', 'VB'), ('when', 'WRB'), ('we', 'PRP'), ('had', 'VBD'), ('issues', 'NNS'), ('.', '.')]","['MD', 'RB', 'VB', '.', 'PRP', 'VBD', 'JJ', 'NNS', 'IN', 'PRP$', 'NN', 'WDT', 'VBD', 'RB', 'VBN', '.', 'DT', 'NN', 'VBD', 'JJ', 'TO', 'VB', 'WRB', 'PRP', 'VBD', 'NNS', '.']"
568954233,Not worth the price. The location in Popincourt was noisier than expected. Our superhost was difficult to reach when we had issues. The entire apartment was not as clean as the photos suggested.,"[('Not', 'RB'), ('worth', 'IN'), ('the', 'DT'), ('price', 'NN'), ('.', '.'), ('The', 'DT'), ('location', 'NN'), ('in', 'IN'), ('Popincourt', 'NNP'), ('was', 'VBD'), ('noisier', 'JJR'), ('than', 'IN'), ('expected', 'VBN'), ('.', '.'), ('Our', 'PRP$'), ('superhost', 'NN'), ('was', 'VBD'), ('difficult', 'JJ'), ('to', 'TO'), ('reach', 'VB'), ('when', 'WRB'), ('we', 'PRP'), ('had', 'VBD'), ('issues', 'NNS'), ('.', '.'), ('The', 'DT'), ('entire', 'JJ'), ('apartment', 'NN'), ('was', 'VBD'), ('not', 'RB'), ('as', 'RB'), ('clean', 'JJ'), ('as', 'IN'), ('the', 'DT'), ('photos', 'NN'), ('suggested', 'VBD'), ('.', '.')]","['RB', 'IN', 'DT', 'NN', '.', 'DT', 'NN', 'IN', 'NNP', 'VBD', 'JJR', 'IN', 'VBN', '.', 'PRP$', 'NN', 'VBD', 'JJ', 'TO', 'VB', 'WRB', 'PRP', 'VBD', 'NNS', '.', 'DT', 'JJ', 'NN', 'VBD', 'RB', 'RB', 'JJ', 'IN', 'DT', 'NN', 'VBD', '.']"
85784691,We had a fantastic time. We would definitely book this shared room in apartment again. Check-in was smooth and the amenities were exactly what we needed.,"[('We', 'PRP'), ('had', 'VBD'), ('a', 'DT'), ('fantastic', 'JJ'), ('time', 'NN'), ('.', '.'), ('We', 'PRP'), ('would', 'MD'), ('definitely', 'RB'), ('book', 'NN'), ('this', 'DT'), ('shared', 'VBN'), ('room', 'NN'), ('in', 'IN'), ('apartment', 'NN'), ('again', 'RB'), ('.', '.'), ('Check-in', 'NNP'), ('was', 'VBD'), ('smooth', 'JJ'), ('and', 'CC'), ('the', 'DT'), ('amenities', 'NNS'), ('were', 'VBD'), ('exactly', 'RB'), ('what', 'WP'), ('we', 'PRP'), ('needed', 'VBD'), ('.', '.')]","['PRP', 'VBD', 'DT', 'JJ', 'NN', '.', 'PRP', 'MD', 'RB', 'NN', 'DT', 'VBN', 'NN', 'IN', 'NN', 'RB', '.', 'NNP', 'VBD', 'JJ', 'CC', 'DT', 'NNS', 'VBD', 'RB', 'WP', 'PRP', 'VBD', '.']"
133734792,Disappointing stay. The entire apartment was not as clean as the photos suggested. We had several issues during our stay that were never resolved. The host was difficult to reach when we had issues.,"[('Disappointing', 'VBG'), ('stay', 'NN'), ('.', '.'), ('The', 'DT'), ('entire', 'JJ'), ('apartment', 'NN'), ('was', 'VBD'), ('not', 'RB'), ('as', 'RB'), ('clean', 'JJ'), ('as', 'IN'), ('the', 'DT'), ('photos', 'NN'), ('suggested', 'VBD'), ('.', '.'), ('We', 'PRP'), ('had', 'VBD'), ('several', 'JJ'), ('issues', 'NNS'), ('during', 'IN'), ('our', 'PRP$'), ('stay', 'NN'), ('that', 'WDT'), ('were', 'VBD'), ('never', 'RB'), ('resolved', 'VBN'), ('.', '.'), ('The', 'DT'), ('host', 'NN'), ('was', 'VBD'), ('difficult', 'JJ'), ('to', 'TO'), ('reach', 'VB'), ('when', 'WRB'), ('we', 'PRP'), ('had', 'VBD'), ('issues', 'NNS'), ('.', '.')]","['VBG', 'NN', '.', 'DT', 'JJ', 'NN', 'VBD', 'RB', 'RB', 'JJ', 'IN', 'DT', 'NN', 'VBD', '.', 'PRP', 'VBD', 'JJ', 'NNS', 'IN', 'PRP$', 'NN', 'WDT', 'VBD', 'RB', 'VBN', '.', 'DT', 'NN', 'VBD', 'JJ', 'TO', 'VB', 'WRB', 'PRP', 'VBD', 'NNS', '.']"
56699513,Not worth the price. Check-in was confusing and delayed our arrival in Paris. The host was difficult to reach when we had issues. The entire apartment was not as clean as the photos suggested.,"[('Not', 'RB'), ('worth', 'IN'), ('the', 'DT'), ('price', 'NN'), ('.', '.'), ('Check-in', 'NNP'), ('was', 'VBD'), ('confusing', 'VBG'), ('and', 'CC'), ('delayed', 'VB'), ('our', 'PRP$'), ('arrival', 'NN'), ('in', 'IN'), ('Paris', 'NNP'), ('.', '.'), ('The', 'DT'), ('host', 'NN'), ('was', 'VBD'), ('difficult', 'JJ'), ('to', 'TO'), ('reach', 'VB'), ('when', 'WRB'), ('we', 'PRP'), ('had', 'VBD'), ('issues', 'NNS'), ('.', '.'), ('The', 'DT'), ('entire', 'JJ'), ('apartment', 'NN'), ('was', 'VBD'), ('not', 'RB'), ('as', 'RB'), ('clean', 'JJ'), ('as', 'IN'), ('the', 'DT'), ('photos', 'NN'), ('suggested', 'VBD'), ('.', '.')]","['RB', 'IN', 'DT', 'NN', '.', 'NNP', 'VBD', 'VBG', 'CC', 'VB', 'PRP$', 'NN', 'IN', 'NNP', '.', 'DT', 'NN', 'VBD', 'JJ', 'TO', 'VB', 'WRB', 'PRP', 'VBD', 'NNS', '.', 'DT', 'JJ', 'NN', 'VBD', 'RB', 'RB', 'JJ', 'IN', 'DT', 'NN', 'VBD', '.']"
610715195,"Nothing special, but fine. Some things could be improved, like cleanliness in the entire guesthouse.","[('Nothing', 'VBG'), ('special', 'JJ'), (',', ','), ('but', 'CC'), ('fine', 'NN'), ('.', '.'), ('Some', 'DT'), ('things', 'NNS'), ('could', 'MD'), ('be', 'VB'), ('improved', 'VBN'), (',', ','), ('like', 'IN'), ('cleanliness', 'NN'), ('in', 'IN'), ('the', 'DT'), ('entire', 'JJ'), ('guesthouse', 'NN'), ('.', '.')]","['VBG', 'JJ', ',', 'CC', 'NN', '.', 'DT', 'NNS', 'MD', 'VB', 'VBN', ',', 'IN', 'NN', 'IN', 'DT', 'JJ', 'NN', '.']"
144007706,"It was okay for the price. Some things could be improved, like cleanliness in the entire loft. The entire loft was fine but a little smaller than expected.","[('It', 'PRP'), ('was', 'VBD'), ('okay', 'VBN'), ('for', 'IN'), ('the', 'DT'), ('price', 'NN'), ('.', '.'), ('Some', 'DT'), ('things', 'NNS'), ('could', 'MD'), ('be', 'VB'), ('improved', 'VBN'), (',', ','), ('like', 'IN'), ('cleanliness', 'NN'), ('in', 'IN'), ('the', 'DT'), ('entire', 'JJ'), ('loft', 'NN'), ('.', '.'), ('The', 'DT'), ('entire', 'JJ'), ('loft', 'NN'), ('was', 'VBD'), ('fine', 'JJ'), ('but', 'CC'), ('a', 'DT'), ('little', 'JJ'), ('smaller', 'JJR'), ('than', 'IN'), ('expected', 'VBN'), ('.', '.')]","['PRP', 'VBD', 'VBN', 'IN', 'DT', 'NN', '.', 'DT', 'NNS', 'MD', 'VB', 'VBN', ',', 'IN', 'NN', 'IN', 'DT', 'JJ', 'NN', '.', 'DT', 'JJ', 'NN', 'VBD', 'JJ', 'CC', 'DT', 'JJ', 'JJR', 'IN', 'VBN', '.']"
567225243,"Nothing special, but fine. Location in Bang Sue was convenient enough.","[('Nothing', 'VBG'), ('special', 'JJ'), (',', ','), ('but', 'CC'), ('fine', 'JJ'), ('.', '.'), ('Location', 'NN'), ('in', 'IN'), ('Bang', 'NNP'), ('Sue', 'NNP'), ('was', 'VBD'), ('convenient', 'JJ'), ('enough', 'RB'), ('.', '.')]","['VBG', 'JJ', ',', 'CC', 'JJ', '.', 'NN', 'IN', 'NNP', 'NNP', 'VBD', 'JJ', 'RB', '.']"
469203889,Would not recommend. The host was difficult to reach when we had issues. Check-in was confusing and delayed our arrival in Paris. The location in Gobelins was noisier than expected.,"[('Would', 'MD'), ('not', 'RB'), ('recommend', 'VB'), ('.', '.'), ('The', 'DT'), ('host', 'NN'), ('was', 'VBD'), ('difficult', 'JJ'), ('to', 'TO'), ('reach', 'VB'), ('when', 'WRB'), ('we', 'PRP'), ('had', 'VBD'), ('issues', 'NNS'), ('.', '.'), ('Check-in', 'NNP'), ('was', 'VBD'), ('confusing', 'VBG'), ('and', 'CC'), ('delayed', 'VB'), ('our', 'PRP$'), ('arrival', 'NN'), ('in', 'IN'), ('Paris', 'NNP'), ('.', '.'), ('The', 'DT'), ('location', 'NN'), ('in', 'IN'), ('Gobelins', 'NNP'), ('was', 'VBD'), ('noisier', 'JJR'), ('than', 'IN'), ('expected', 'VBN'), ('.', '.')]","['MD', 'RB', 'VB', '.', 'DT', 'NN', 'VBD', 'JJ', 'TO', 'VB', 'WRB', 'PRP', 'VBD', 'NNS', '.', 'NNP', 'VBD', 'VBG', 'CC', 'VB', 'PRP$', 'NN', 'IN', 'NNP', '.', 'DT', 'NN', 'IN', 'NNP', 'VBD', 'JJR', 'IN', 'VBN', '.']"
616898615,Loved every minute of it. Our superhost was super responsive and easy to communicate with. We would definitely book this entire apartment again. The place felt very cozy for 4 guests.,"[('Loved', 'VBN'), ('every', 'DT'), ('minute', 'NN'), ('of', 'IN'), ('it', 'PRP'), ('.', '.'), ('Our', 'PRP$'), ('superhost', 'NN'), ('was', 'VBD'), ('super', 'JJ'), ('responsive', 'NN'), ('and', 'CC'), ('easy', 'JJ'), ('to', 'TO'), ('communicate', 'VB'), ('with', 'IN'), ('.', '.'), ('We', 'PRP'), ('would', 'MD'), ('definitely', 'RB'), ('book', 'NN'), ('this', 'DT'), ('entire', 'JJ'), ('apartment', 'NN'), ('again', 'RB'), ('.', '.'), ('The', 'DT'), ('place', 'NN'), ('felt', 'VBD'), ('very', 'RB'), ('cozy', 'JJ'), ('for', 'IN'), ('4', 'CD'), ('guests', 'NNS'), ('.', '.')]","['VBN', 'DT', 'NN', 'IN', 'PRP', '.', 'PRP$', 'NN', 'VBD', 'JJ', 'NN', 'CC', 'JJ', 'TO', 'VB', 'IN', '.', 'PRP', 'MD', 'RB', 'NN', 'DT', 'JJ', 'NN', 'RB', '.', 'DT', 'NN', 'VBD', 'RB', 'JJ', 'IN', 'CD', 'NNS', '.']"
260915578,Decent stay overall. It served its purpose for our stay in Paris. The host was polite but slow to respond a couple of times.,"[('Decent', 'NNP'), ('stay', 'NN'), ('overall', 'RB'), ('.', '.'), ('It', 'PRP'), ('served', 'VBD'), ('its', 'PRP$'), ('purpose', 'NN'), ('for', 'IN'), ('our', 'PRP$'), ('stay', 'NN'), ('in', 'IN'), ('Paris', 'NNP'), ('.', '.'), ('The', 'DT'), ('host', 'NN'), ('was', 'VBD'), ('polite', 'JJ'), ('but', 'CC'), ('slow', 'JJ'), ('to', 'TO'), ('respond', 'VB'), ('a', 'DT'), ('couple', 'NN'), ('of', 'IN'), ('times', 'NNS'), ('.', '.')]","['NNP', 'NN', 'RB', '.', 'PRP', 'VBD', 'PRP$', 'NN', 'IN', 'PRP$', 'NN', 'IN', 'NNP', '.', 'DT', 'NN', 'VBD', 'JJ', 'CC', 'JJ', 'TO', 'VB', 'DT', 'NN', 'IN', 'NNS', '.']"
308160918,It was okay for the price. It served its purpose for our stay in Sydney.,"[('It', 'PRP'), ('was', 'VBD'), ('okay', 'VBN'), ('for', 'IN'), ('the', 'DT'), ('price', 'NN'), ('.', '.'), ('It', 'PRP'), ('served', 'VBD'), ('its', 'PRP$'), ('purpose', 'NN'), ('for', 'IN'), ('our', 'PRP$'), ('stay', 'NN'), ('in', 'IN'), ('Sydney', 'NNP'), ('.', '.')]","['PRP', 'VBD', 'VBN', 'IN', 'DT', 'NN', '.', 'PRP', 'VBD', 'PRP$', 'NN', 'IN', 'PRP$', 'NN', 'IN', 'NNP', '.']"
527120168,Not worth the price. We had several issues during our stay that were never resolved. Our superhost was difficult to reach when we had issues. The entire guest suite was not as clean as the photos suggested.,"[('Not', 'RB'), ('worth', 'IN'), ('the', 'DT'), ('price', 'NN'), ('.', '.'), ('We', 'PRP'), ('had', 'VBD'), ('several', 'JJ'), ('issues', 'NNS'), ('during', 'IN'), ('our', 'PRP$'), ('stay', 'NN'), ('that', 'WDT'), ('were', 'VBD'), ('never', 'RB'), ('resolved', 'VBN'), ('.', '.'), ('Our', 'PRP$'), ('superhost', 'NN'), ('was', 'VBD'), ('difficult', 'JJ'), ('to', 'TO'), ('reach', 'VB'), ('when', 'WRB'), ('we', 'PRP'), ('had', 'VBD'), ('issues', 'NNS'), ('.', '.'), ('The', 'DT'), ('entire', 'JJ'), ('guest', 'NN'), ('suite', 'NN'), ('was', 'VBD'), ('not', 'RB'), ('as', 'RB'), ('clean', 'JJ'), ('as', 'IN'), ('the', 'DT'), ('photos', 'NN'), ('suggested', 'VBD'), ('.', '.')]","['RB', 'IN', 'DT', 'NN', '.', 'PRP', 'VBD', 'JJ', 'NNS', 'IN', 'PRP$', 'NN', 'WDT', 'VBD', 'RB', 'VBN', '.', 'PRP$', 'NN', 'VBD', 'JJ', 'TO', 'VB', 'WRB', 'PRP', 'VBD', 'NNS', '.', 'DT', 'JJ', 'NN', 'NN', 'VBD', 'RB', 'RB', 'JJ', 'IN', 'DT', 'NN', 'VBD', '.']"
56391708,Disappointing stay. The entire apartment was not as clean as the photos suggested. We had several issues during our stay that were never resolved.,"[('Disappointing', 'VBG'), ('stay', 'NN'), ('.', '.'), ('The', 'DT'), ('entire', 'JJ'), ('apartment', 'NN'), ('was', 'VBD'), ('not', 'RB'), ('as', 'RB'), ('clean', 'JJ'), ('as', 'IN'), ('the', 'DT'), ('photos', 'NN'), ('suggested', 'VBD'), ('.', '.'), ('We', 'PRP'), ('had', 'VBD'), ('several', 'JJ'), ('issues', 'NNS'), ('during', 'IN'), ('our', 'PRP$'), ('stay', 'NN'), ('that', 'WDT'), ('were', 'VBD'), ('never', 'RB'), ('resolved', 'VBN'), ('.', '.')]","['VBG', 'NN', '.', 'DT', 'JJ', 'NN', 'VBD', 'RB', 'RB', 'JJ', 'IN', 'DT', 'NN', 'VBD', '.', 'PRP', 'VBD', 'JJ', 'NNS', 'IN', 'PRP$', 'NN', 'WDT', 'VBD', 'RB', 'VBN', '.']"
186256064,Wonderful experience. The entire apartment was spotless and exactly as described. The place felt very cozy for 3 guests.,"[('Wonderful', 'JJ'), ('experience', 'NN'), ('.', '.'), ('The', 'DT'), ('entire', 'JJ'), ('apartment', 'NN'), ('was', 'VBD'), ('spotless', 'JJ'), ('and', 'CC'), ('exactly', 'RB'), ('as', 'IN'), ('described', 'VBN'), ('.', '.'), ('The', 'DT'), ('place', 'NN'), ('felt', 'VBD'), ('very', 'RB'), ('cozy', 'JJ'), ('for', 'IN'), ('3', 'CD'), ('guests', 'NNS'), ('.', '.')]","['JJ', 'NN', '.', 'DT', 'JJ', 'NN', 'VBD', 'JJ', 'CC', 'RB', 'IN', 'VBN', '.', 'DT', 'NN', 'VBD', 'RB', 'JJ', 'IN', 'CD', 'NNS', '.']"
95685962,Would not recommend. The host was difficult to reach when we had issues. Check-in was confusing and delayed our arrival in Rio de Janeiro.,"[('Would', 'MD'), ('not', 'RB'), ('recommend', 'VB'), ('.', '.'), ('The', 'DT'), ('host', 'NN'), ('was', 'VBD'), ('difficult', 'JJ'), ('to', 'TO'), ('reach', 'VB'), ('when', 'WRB'), ('we', 'PRP'), ('had', 'VBD'), ('issues', 'NNS'), ('.', '.'), ('Check-in', 'NNP'), ('was', 'VBD'), ('confusing', 'VBG'), ('and', 'CC'), ('delayed', 'VB'), ('our', 'PRP$'), ('arrival', 'NN'), ('in', 'IN'), ('Rio', 'NNP'), ('de', 'IN'), ('Janeiro', 'NNP'), ('.', '.')]","['MD', 'RB', 'VB', '.', 'DT', 'NN', 'VBD', 'JJ', 'TO', 'VB', 'WRB', 'PRP', 'VBD', 'NNS', '.', 'NNP', 'VBD', 'VBG', 'CC', 'VB', 'PRP$', 'NN', 'IN', 'NNP', 'IN', 'NNP', '.']"
77971485,Not worth the price. The host was difficult to reach when we had issues. The location in Buttes-Montmartre was noisier than expected.,"[('Not', 'RB'), ('worth', 'IN'), ('the', 'DT'), ('price', 'NN'), ('.', '.'), ('The', 'DT'), ('host', 'NN'), ('was', 'VBD'), ('difficult', 'JJ'), ('to', 'TO'), ('reach', 'VB'), ('when', 'WRB'), ('we', 'PRP'), ('had', 'VBD'), ('issues', 'NNS'), ('.', '.'), ('The', 'DT'), ('location', 'NN'), ('in', 'IN'), ('Buttes-Montmartre', 'NNP'), ('was', 'VBD'), ('noisier', 'JJR'), ('than', 'IN'), ('expected', 'VBN'), ('.', '.')]","['RB', 'IN', 'DT', 'NN', '.', 'DT', 'NN', 'VBD', 'JJ', 'TO', 'VB', 'WRB', 'PRP', 'VBD', 'NNS', '.', 'DT', 'NN', 'IN', 'NNP', 'VBD', 'JJR', 'IN', 'VBN', '.']"
345757215,Would not recommend. We had several issues during our stay that were never resolved. The host was difficult to reach when we had issues. Check-in was confusing and delayed our arrival in Sydney.,"[('Would', 'MD'), ('not', 'RB'), ('recommend', 'VB'), ('.', '.'), ('We', 'PRP'), ('had', 'VBD'), ('several', 'JJ'), ('issues', 'NNS'), ('during', 'IN'), ('our', 'PRP$'), ('stay', 'NN'), ('that', 'WDT'), ('were', 'VBD'), ('never', 'RB'), ('resolved', 'VBN'), ('.', '.'), ('The', 'DT'), ('host', 'NN'), ('was', 'VBD'), ('difficult', 'JJ'), ('to', 'TO'), ('reach', 'VB'), ('when', 'WRB'), ('we', 'PRP'), ('had', 'VBD'), ('issues', 'NNS'), ('.', '.'), ('Check-in', 'NNP'), ('was', 'VBD'), ('confusing', 'VBG'), ('and', 'CC'), ('delayed', 'VB'), ('our', 'PRP$'), ('arrival', 'NN'), ('in', 'IN'), ('Sydney', 'NNP'), ('.', '.')]","['MD', 'RB', 'VB', '.', 'PRP', 'VBD', 'JJ', 'NNS', 'IN', 'PRP$', 'NN', 'WDT', 'VBD', 'RB', 'VBN', '.', 'DT', 'NN', 'VBD', 'JJ', 'TO', 'VB', 'WRB', 'PRP', 'VBD', 'NNS', '.', 'NNP', 'VBD', 'VBG', 'CC', 'VB', 'PRP$', 'NN', 'IN', 'NNP', '.']"
588866682,We had a fantastic time. The place felt very cozy for 2 guests. We would definitely book this private room in apartment again. The private room in apartment was spotless and exactly as described.,"[('We', 'PRP'), ('had', 'VBD'), ('a', 'DT'), ('fantastic', 'JJ'), ('time', 'NN'), ('.', '.'), ('The', 'DT'), ('place', 'NN'), ('felt', 'VBD'), ('very', 'RB'), ('cozy', 'JJ'), ('for', 'IN'), ('2', 'CD'), ('guests', 'NNS'), ('.', '.'), ('We', 'PRP'), ('would', 'MD'), ('definitely', 'RB'), ('book', 'NN'), ('this', 'DT'), ('private', 'JJ'), ('room', 'NN'), ('in', 'IN'), ('apartment', 'NN'), ('again', 'RB'), ('.', '.'), ('The', 'DT'), ('private', 'JJ'), ('room', 'NN'), ('in', 'IN'), ('apartment', 'NN'), ('was', 'VBD'), ('spotless', 'JJ'), ('and', 'CC'), ('exactly', 'RB'), ('as', 'IN'), ('described', 'NN'), ('.', '.')]","['PRP', 'VBD', 'DT', 'JJ', 'NN', '.', 'DT', 'NN', 'VBD', 'RB', 'JJ', 'IN', 'CD', 'NNS', '.', 'PRP', 'MD', 'RB', 'NN', 'DT', 'JJ', 'NN', 'IN', 'NN', 'RB', '.', 'DT', 'JJ', 'NN', 'IN', 'NN', 'VBD', 'JJ', 'CC', 'RB', 'IN', 'NN', '.']"
349729068,"Amazing stay! Great location in I Centro Storico, close to everything we needed in Rome. The host was super responsive and easy to communicate with. The entire apartment was spotless and exactly as described.","[('Amazing', 'VBG'), ('stay', 'NN'), ('!', '.'), ('Great', 'NNP'), ('location', 'NN'), ('in', 'IN'), ('I', 'PRP'), ('Centro', 'NNP'), ('Storico', 'NNP'), (',', ','), ('close', 'RB'), ('to', 'TO'), ('everything', 'NN'), ('we', 'PRP'), ('needed', 'VBD'), ('in', 'IN'), ('Rome', 'NNP'), ('.', '.'), ('The', 'DT'), ('host', 'NN'), ('was', 'VBD'), ('super', 'JJ'), ('responsive', 'NN'), ('and', 'CC'), ('easy', 'JJ'), ('to', 'TO'), ('communicate', 'VB'), ('with', 'IN'), ('.', '.'), ('The', 'DT'), ('entire', 'JJ'), ('apartment', 'NN'), ('was', 'VBD'), ('spotless', 'JJ'), ('and', 'CC'), ('exactly', 'RB'), ('as', 'IN'), ('described', 'NN'), ('.', '.')]","['VBG', 'NN', '.', 'NNP', 'NN', 'IN', 'PRP', 'NNP', 'NNP', ',', 'RB', 'TO', 'NN', 'PRP', 'VBD', 'IN', 'NNP', '.', 'DT', 'NN', 'VBD', 'JJ', 'NN', 'CC', 'JJ', 'TO', 'VB', 'IN', '.', 'DT', 'JJ', 'NN', 'VBD', 'JJ', 'CC', 'RB', 'IN', 'NN', '.']"
107275354,Disappointing stay. Check-in was confusing and delayed our arrival in New York. The entire apartment was not as clean as the photos suggested. We had several issues during our stay that were never resolved.,"[('Disappointing', 'VBG'), ('stay', 'NN'), ('.', '.'), ('Check-in', 'NNP'), ('was', 'VBD'), ('confusing', 'VBG'), ('and', 'CC'), ('delayed', 'VB'), ('our', 'PRP$'), ('arrival', 'NN'), ('in', 'IN'), ('New', 'NNP'), ('York', 'NNP'), ('.', '.'), ('The', 'DT'), ('entire', 'JJ'), ('apartment', 'NN'), ('was', 'VBD'), ('not', 'RB'), ('as', 'RB'), ('clean', 'JJ'), ('as', 'IN'), ('the', 'DT'), ('photos', 'NN'), ('suggested', 'VBD'), ('.', '.'), ('We', 'PRP'), ('had', 'VBD'), ('several', 'JJ'), ('issues', 'NNS'), ('during', 'IN'), ('our', 'PRP$'), ('stay', 'NN'), ('that', 'WDT'), ('were', 'VBD'), ('never', 'RB'), ('resolved', 'VBN'), ('.', '.')]","['VBG', 'NN', '.', 'NNP', 'VBD', 'VBG', 'CC', 'VB', 'PRP$', 'NN', 'IN', 'NNP', 'NNP', '.', 'DT', 'JJ', 'NN', 'VBD', 'RB', 'RB', 'JJ', 'IN', 'DT', 'NN', 'VBD', '.', 'PRP', 'VBD', 'JJ', 'NNS', 'IN', 'PRP$', 'NN', 'WDT', 'VBD', 'RB', 'VBN', '.']"
233126372,"Nothing special, but fine. It served its purpose for our stay in Cape Town.","[('Nothing', 'VBG'), ('special', 'JJ'), (',', ','), ('but', 'CC'), ('fine', 'JJ'), ('.', '.'), ('It', 'PRP'), ('served', 'VBD'), ('its', 'PRP$'), ('purpose', 'NN'), ('for', 'IN'), ('our', 'PRP$'), ('stay', 'NN'), ('in', 'IN'), ('Cape', 'NNP'), ('Town', 'NNP'), ('.', '.')]","['VBG', 'JJ', ',', 'CC', 'JJ', '.', 'PRP', 'VBD', 'PRP$', 'NN', 'IN', 'PRP$', 'NN', 'IN', 'NNP', 'NNP', '.']"
536666218,"Decent stay overall. The entire apartment was fine but a little smaller than expected. Some things could be improved, like cleanliness in the entire apartment.","[('Decent', 'NNP'), ('stay', 'NN'), ('overall', 'RB'), ('.', '.'), ('The', 'DT'), ('entire', 'JJ'), ('apartment', 'NN'), ('was', 'VBD'), ('fine', 'JJ'), ('but', 'CC'), ('a', 'DT'), ('little', 'JJ'), ('smaller', 'JJR'), ('than', 'IN'), ('expected', 'VBN'), ('.', '.'), ('Some', 'DT'), ('things', 'NNS'), ('could', 'MD'), ('be', 'VB'), ('improved', 'VBN'), (',', ','), ('like', 'IN'), ('cleanliness', 'NN'), ('in', 'IN'), ('the', 'DT'), ('entire', 'JJ'), ('apartment', 'NN'), ('.', '.')]","['NNP', 'NN', 'RB', '.', 'DT', 'JJ', 'NN', 'VBD', 'JJ', 'CC', 'DT', 'JJ', 'JJR', 'IN', 'VBN', '.', 'DT', 'NNS', 'MD', 'VB', 'VBN', ',', 'IN', 'NN', 'IN', 'DT', 'JJ', 'NN', '.']"
718746598,Reasonable for a short trip. Location in Chelsea was convenient enough.,"[('Reasonable', 'JJ'), ('for', 'IN'), ('a', 'DT'), ('short', 'JJ'), ('trip', 'NN'), ('.', '.'), ('Location', 'NN'), ('in', 'IN'), ('Chelsea', 'NNP'), ('was', 'VBD'), ('convenient', 'JJ'), ('enough', 'RB'), ('.', '.')]","['JJ', 'IN', 'DT', 'JJ', 'NN', '.', 'NN', 'IN', 'NNP', 'VBD', 'JJ', 'RB', '.']"
714682310,"Amazing stay! Great location in II Parioli/Nomentano, close to everything we needed in Rome. The host was super responsive and easy to communicate with. The entire apartment was spotless and exactly as described.","[('Amazing', 'VBG'), ('stay', 'NN'), ('!', '.'), ('Great', 'NNP'), ('location', 'NN'), ('in', 'IN'), ('II', 'NNP'), ('Parioli/Nomentano', 'NNP'), (',', ','), ('close', 'RB'), ('to', 'TO'), ('everything', 'NN'), ('we', 'PRP'), ('needed', 'VBD'), ('in', 'IN'), ('Rome', 'NNP'), ('.', '.'), ('The', 'DT'), ('host', 'NN'), ('was', 'VBD'), ('super', 'JJ'), ('responsive', 'NN'), ('and', 'CC'), ('easy', 'JJ'), ('to', 'TO'), ('communicate', 'VB'), ('with', 'IN'), ('.', '.'), ('The', 'DT'), ('entire', 'JJ'), ('apartment', 'NN'), ('was', 'VBD'), ('spotless', 'JJ'), ('and', 'CC'), ('exactly', 'RB'), ('as', 'IN'), ('described', 'NN'), ('.', '.')]","['VBG', 'NN', '.', 'NNP', 'NN', 'IN', 'NNP', 'NNP', ',', 'RB', 'TO', 'NN', 'PRP', 'VBD', 'IN', 'NNP', '.', 'DT', 'NN', 'VBD', 'JJ', 'NN', 'CC', 'JJ', 'TO', 'VB', 'IN', '.', 'DT', 'JJ', 'NN', 'VBD', 'JJ', 'CC', 'RB', 'IN', 'NN', '.']"
466677109,It was okay for the price. The host was polite but slow to respond a couple of times.,"[('It', 'PRP'), ('was', 'VBD'), ('okay', 'VBN'), ('for', 'IN'), ('the', 'DT'), ('price', 'NN'), ('.', '.'), ('The', 'DT'), ('host', 'NN'), ('was', 'VBD'), ('polite', 'JJ'), ('but', 'CC'), ('slow', 'JJ'), ('to', 'TO'), ('respond', 'VB'), ('a', 'DT'), ('couple', 'NN'), ('of', 'IN'), ('times', 'NNS'), ('.', '.')]","['PRP', 'VBD', 'VBN', 'IN', 'DT', 'NN', '.', 'DT', 'NN', 'VBD', 'JJ', 'CC', 'JJ', 'TO', 'VB', 'DT', 'NN', 'IN', 'NNS', '.']"
329310643,Decent stay overall. It served its purpose for our stay in Mexico City. The host was polite but slow to respond a couple of times.,"[('Decent', 'NNP'), ('stay', 'NN'), ('overall', 'RB'), ('.', '.'), ('It', 'PRP'), ('served', 'VBD'), ('its', 'PRP$'), ('purpose', 'NN'), ('for', 'IN'), ('our', 'PRP$'), ('stay', 'NN'), ('in', 'IN'), ('Mexico', 'NNP'), ('City', 'NNP'), ('.', '.'), ('The', 'DT'), ('host', 'NN'), ('was', 'VBD'), ('polite', 'JJ'), ('but', 'CC'), ('slow', 'JJ'), ('to', 'TO'), ('respond', 'VB'), ('a', 'DT'), ('couple', 'NN'), ('of', 'IN'), ('times', 'NNS'), ('.', '.')]","['NNP', 'NN', 'RB', '.', 'PRP', 'VBD', 'PRP$', 'NN', 'IN', 'PRP$', 'NN', 'IN', 'NNP', 'NNP', '.', 'DT', 'NN', 'VBD', 'JJ', 'CC', 'JJ', 'TO', 'VB', 'DT', 'NN', 'IN', 'NNS', '.']"
43815407,Exceeded our expectations! The entire apartment was spotless and exactly as described. The place felt very cozy for 5 guests.,"[('Exceeded', 'VBD'), ('our', 'PRP$'), ('expectations', 'NNS'), ('!', '.'), ('The', 'DT'), ('entire', 'JJ'), ('apartment', 'NN'), ('was', 'VBD'), ('spotless', 'JJ'), ('and', 'CC'), ('exactly', 'RB'), ('as', 'IN'), ('described', 'VBN'), ('.', '.'), ('The', 'DT'), ('place', 'NN'), ('felt', 'VBD'), ('very', 'RB'), ('cozy', 'JJ'), ('for', 'IN'), ('5', 'CD'), ('guests', 'NNS'), ('.', '.')]","['VBD', 'PRP$', 'NNS', '.', 'DT', 'JJ', 'NN', 'VBD', 'JJ', 'CC', 'RB', 'IN', 'VBN', '.', 'DT', 'NN', 'VBD', 'RB', 'JJ', 'IN', 'CD', 'NNS', '.']"
572837919,It was okay for the price. It served its purpose for our stay in Cape Town.,"[('It', 'PRP'), ('was', 'VBD'), ('okay', 'VBN'), ('for', 'IN'), ('the', 'DT'), ('price', 'NN'), ('.', '.'), ('It', 'PRP'), ('served', 'VBD'), ('its', 'PRP$'), ('purpose', 'NN'), ('for', 'IN'), ('our', 'PRP$'), ('stay', 'NN'), ('in', 'IN'), ('Cape', 'NNP'), ('Town', 'NNP'), ('.', '.')]","['PRP', 'VBD', 'VBN', 'IN', 'DT', 'NN', '.', 'PRP', 'VBD', 'PRP$', 'NN', 'IN', 'PRP$', 'NN', 'IN', 'NNP', 'NNP', '.']"
109342211,Reasonable for a short trip. The entire apartment was fine but a little smaller than expected.,"[('Reasonable', 'JJ'), ('for', 'IN'), ('a', 'DT'), ('short', 'JJ'), ('trip', 'NN'), ('.', '.'), ('The', 'DT'), ('entire', 'JJ'), ('apartment', 'NN'), ('was', 'VBD'), ('fine', 'JJ'), ('but', 'CC'), ('a', 'DT'), ('little', 'JJ'), ('smaller', 'JJR'), ('than', 'IN'), ('expected', 'VBN'), ('.', '.')]","['JJ', 'IN', 'DT', 'JJ', 'NN', '.', 'DT', 'JJ', 'NN', 'VBD', 'JJ', 'CC', 'DT', 'JJ', 'JJR', 'IN', 'VBN', '.']"
578237716,Would not recommend. We had several issues during our stay that were never resolved. Our superhost was difficult to reach when we had issues.,"[('Would', 'MD'), ('not', 'RB'), ('recommend', 'VB'), ('.', '.'), ('We', 'PRP'), ('had', 'VBD'), ('several', 'JJ'), ('issues', 'NNS'), ('during', 'IN'), ('our', 'PRP$'), ('stay', 'NN'), ('that', 'WDT'), ('were', 'VBD'), ('never', 'RB'), ('resolved', 'VBN'), ('.', '.'), ('Our', 'PRP$'), ('superhost', 'NN'), ('was', 'VBD'), ('difficult', 'JJ'), ('to', 'TO'), ('reach', 'VB'), ('when', 'WRB'), ('we', 'PRP'), ('had', 'VBD'), ('issues', 'NNS'), ('.', '.')]","['MD', 'RB', 'VB', '.', 'PRP', 'VBD', 'JJ', 'NNS', 'IN', 'PRP$', 'NN', 'WDT', 'VBD', 'RB', 'VBN', '.', 'PRP$', 'NN', 'VBD', 'JJ', 'TO', 'VB', 'WRB', 'PRP', 'VBD', 'NNS', '.']"
358989511,Below our expectations. The location in Observatoire was noisier than expected. Check-in was confusing and delayed our arrival in Paris. The entire apartment was not as clean as the photos suggested.,"[('Below', 'IN'), ('our', 'PRP$'), ('expectations', 'NNS'), ('.', '.'), ('The', 'DT'), ('location', 'NN'), ('in', 'IN'), ('Observatoire', 'NNP'), ('was', 'VBD'), ('noisier', 'JJR'), ('than', 'IN'), ('expected', 'VBN'), ('.', '.'), ('Check-in', 'NNP'), ('was', 'VBD'), ('confusing', 'VBG'), ('and', 'CC'), ('delayed', 'VB'), ('our', 'PRP$'), ('arrival', 'NN'), ('in', 'IN'), ('Paris', 'NNP'), ('.', '.'), ('The', 'DT'), ('entire', 'JJ'), ('apartment', 'NN'), ('was', 'VBD'), ('not', 'RB'), ('as', 'RB'), ('clean', 'JJ'), ('as', 'IN'), ('the', 'DT'), ('photos', 'NN'), ('suggested', 'VBD'), ('.', '.')]","['IN', 'PRP$', 'NNS', '.', 'DT', 'NN', 'IN', 'NNP', 'VBD', 'JJR', 'IN', 'VBN', '.', 'NNP', 'VBD', 'VBG', 'CC', 'VB', 'PRP$', 'NN', 'IN', 'NNP', '.', 'DT', 'JJ', 'NN', 'VBD', 'RB', 'RB', 'JJ', 'IN', 'DT', 'NN', 'VBD', '.']"
430299528,Below our expectations. The host was difficult to reach when we had issues. We had several issues during our stay that were never resolved.,"[('Below', 'IN'), ('our', 'PRP$'), ('expectations', 'NNS'), ('.', '.'), ('The', 'DT'), ('host', 'NN'), ('was', 'VBD'), ('difficult', 'JJ'), ('to', 'TO'), ('reach', 'VB'), ('when', 'WRB'), ('we', 'PRP'), ('had', 'VBD'), ('issues', 'NNS'), ('.', '.'), ('We', 'PRP'), ('had', 'VBD'), ('several', 'JJ'), ('issues', 'NNS'), ('during', 'IN'), ('our', 'PRP$'), ('stay', 'NN'), ('that', 'WDT'), ('were', 'VBD'), ('never', 'RB'), ('resolved', 'VBN'), ('.', '.')]","['IN', 'PRP$', 'NNS', '.', 'DT', 'NN', 'VBD', 'JJ', 'TO', 'VB', 'WRB', 'PRP', 'VBD', 'NNS', '.', 'PRP', 'VBD', 'JJ', 'NNS', 'IN', 'PRP$', 'NN', 'WDT', 'VBD', 'RB', 'VBN', '.']"
725483380,We had a rough experience. Check-in was confusing and delayed our arrival in New York. The host was difficult to reach when we had issues.,"[('We', 'PRP'), ('had', 'VBD'), ('a', 'DT'), ('rough', 'JJ'), ('experience', 'NN'), ('.', '.'), ('Check-in', 'NNP'), ('was', 'VBD'), ('confusing', 'VBG'), ('and', 'CC'), ('delayed', 'VB'), ('our', 'PRP$'), ('arrival', 'NN'), ('in', 'IN'), ('New', 'NNP'), ('York', 'NNP'), ('.', '.'), ('The', 'DT'), ('host', 'NN'), ('was', 'VBD'), ('difficult', 'JJ'), ('to', 'TO'), ('reach', 'VB'), ('when', 'WRB'), ('we', 'PRP'), ('had', 'VBD'), ('issues', 'NNS'), ('.', '.')]","['PRP', 'VBD', 'DT', 'JJ', 'NN', '.', 'NNP', 'VBD', 'VBG', 'CC', 'VB', 'PRP$', 'NN', 'IN', 'NNP', 'NNP', '.', 'DT', 'NN', 'VBD', 'JJ', 'TO', 'VB', 'WRB', 'PRP', 'VBD', 'NNS', '.']"
58774457,Couldn't have asked for more. The private room in apartment was spotless and exactly as described. Check-in was smooth and the amenities were exactly what we needed.,"[('Could', 'MD'), (""n't"", 'RB'), ('have', 'VB'), ('asked', 'VBN'), ('for', 'IN'), ('more', 'RBR'), ('.', '.'), ('The', 'DT'), ('private', 'JJ'), ('room', 'NN'), ('in', 'IN'), ('apartment', 'NN'), ('was', 'VBD'), ('spotless', 'JJ'), ('and', 'CC'), ('exactly', 'RB'), ('as', 'IN'), ('described', 'VBN'), ('.', '.'), ('Check-in', 'NNP'), ('was', 'VBD'), ('smooth', 'JJ'), ('and', 'CC'), ('the', 'DT'), ('amenities', 'NNS'), ('were', 'VBD'), ('exactly', 'RB'), ('what', 'WP'), ('we', 'PRP'), ('needed', 'VBD'), ('.', '.')]","['MD', 'RB', 'VB', 'VBN', 'IN', 'RBR', '.', 'DT', 'JJ', 'NN', 'IN', 'NN', 'VBD', 'JJ', 'CC', 'RB', 'IN', 'VBN', '.', 'NNP', 'VBD', 'JJ', 'CC', 'DT', 'NNS', 'VBD', 'RB', 'WP', 'PRP', 'VBD', '.']"
107427189,It was okay for the price. The private room in apartment was fine but a little smaller than expected.,"[('It', 'PRP'), ('was', 'VBD'), ('okay', 'VBN'), ('for', 'IN'), ('the', 'DT'), ('price', 'NN'), ('.', '.'), ('The', 'DT'), ('private', 'JJ'), ('room', 'NN'), ('in', 'IN'), ('apartment', 'NN'), ('was', 'VBD'), ('fine', 'JJ'), ('but', 'CC'), ('a', 'DT'), ('little', 'JJ'), ('smaller', 'JJR'), ('than', 'IN'), ('expected', 'VBN'), ('.', '.')]","['PRP', 'VBD', 'VBN', 'IN', 'DT', 'NN', '.', 'DT', 'JJ', 'NN', 'IN', 'NN', 'VBD', 'JJ', 'CC', 'DT', 'JJ', 'JJR', 'IN', 'VBN', '.']"
200543308,Wonderful experience. We would definitely book this entire apartment again. The place felt very cozy for 3 guests. The host was super responsive and easy to communicate with.,"[('Wonderful', 'JJ'), ('experience', 'NN'), ('.', '.'), ('We', 'PRP'), ('would', 'MD'), ('definitely', 'RB'), ('book', 'NN'), ('this', 'DT'), ('entire', 'JJ'), ('apartment', 'NN'), ('again', 'RB'), ('.', '.'), ('The', 'DT'), ('place', 'NN'), ('felt', 'VBD'), ('very', 'RB'), ('cozy', 'JJ'), ('for', 'IN'), ('3', 'CD'), ('guests', 'NNS'), ('.', '.'), ('The', 'DT'), ('host', 'NN'), ('was', 'VBD'), ('super', 'JJ'), ('responsive', 'NN'), ('and', 'CC'), ('easy', 'JJ'), ('to', 'TO'), ('communicate', 'VB'), ('with', 'IN'), ('.', '.')]","['JJ', 'NN', '.', 'PRP', 'MD', 'RB', 'NN', 'DT', 'JJ', 'NN', 'RB', '.', 'DT', 'NN', 'VBD', 'RB', 'JJ', 'IN', 'CD', 'NNS', '.', 'DT', 'NN', 'VBD', 'JJ', 'NN', 'CC', 'JJ', 'TO', 'VB', 'IN', '.']"
306945953,"Wonderful experience. We would definitely book this private room in guest suite again. Great location in Passy, close to everything we needed in Paris. The host was super responsive and easy to communicate with.","[('Wonderful', 'JJ'), ('experience', 'NN'), ('.', '.'), ('We', 'PRP'), ('would', 'MD'), ('definitely', 'RB'), ('book', 'NN'), ('this', 'DT'), ('private', 'JJ'), ('room', 'NN'), ('in', 'IN'), ('guest', 'NN'), ('suite', 'NN'), ('again', 'RB'), ('.', '.'), ('Great', 'NNP'), ('location', 'NN'), ('in', 'IN'), ('Passy', 'NNP'), (',', ','), ('close', 'RB'), ('to', 'TO'), ('everything', 'NN'), ('we', 'PRP'), ('needed', 'VBD'), ('in', 'IN'), ('Paris', 'NNP'), ('.', '.'), ('The', 'DT'), ('host', 'NN'), ('was', 'VBD'), ('super', 'JJ'), ('responsive', 'NN'), ('and', 'CC'), ('easy', 'JJ'), ('to', 'TO'), ('communicate', 'VB'), ('with', 'IN'), ('.', '.')]","['JJ', 'NN', '.', 'PRP', 'MD', 'RB', 'NN', 'DT', 'JJ', 'NN', 'IN', 'NN', 'NN', 'RB', '.', 'NNP', 'NN', 'IN', 'NNP', ',', 'RB', 'TO', 'NN', 'PRP', 'VBD', 'IN', 'NNP', '.', 'DT', 'NN', 'VBD', 'JJ', 'NN', 'CC', 'JJ', 'TO', 'VB', 'IN', '.']"
316427775,Perfect for our trip. We would definitely book this entire loft again. Our superhost was super responsive and easy to communicate with. The entire loft was spotless and exactly as described.,"[('Perfect', 'NN'), ('for', 'IN'), ('our', 'PRP$'), ('trip', 'NN'), ('.', '.'), ('We', 'PRP'), ('would', 'MD'), ('definitely', 'RB'), ('book', 'NN'), ('this', 'DT'), ('entire', 'JJ'), ('loft', 'NN'), ('again', 'RB'), ('.', '.'), ('Our', 'PRP$'), ('superhost', 'NN'), ('was', 'VBD'), ('super', 'JJ'), ('responsive', 'NN'), ('and', 'CC'), ('easy', 'JJ'), ('to', 'TO'), ('communicate', 'VB'), ('with', 'IN'), ('.', '.'), ('The', 'DT'), ('entire', 'JJ'), ('loft', 'NN'), ('was', 'VBD'), ('spotless', 'JJ'), ('and', 'CC'), ('exactly', 'RB'), ('as', 'IN'), ('described', 'NN'), ('.', '.')]","['NN', 'IN', 'PRP$', 'NN', '.', 'PRP', 'MD', 'RB', 'NN', 'DT', 'JJ', 'NN', 'RB', '.', 'PRP$', 'NN', 'VBD', 'JJ', 'NN', 'CC', 'JJ', 'TO', 'VB', 'IN', '.', 'DT', 'JJ', 'NN', 'VBD', 'JJ', 'CC', 'RB', 'IN', 'NN', '.']"
112372998,It was okay for the price. The entire villa was fine but a little smaller than expected. Our superhost was polite but slow to respond a couple of times.,"[('It', 'PRP'), ('was', 'VBD'), ('okay', 'VBN'), ('for', 'IN'), ('the', 'DT'), ('price', 'NN'), ('.', '.'), ('The', 'DT'), ('entire', 'JJ'), ('villa', 'NN'), ('was', 'VBD'), ('fine', 'JJ'), ('but', 'CC'), ('a', 'DT'), ('little', 'JJ'), ('smaller', 'JJR'), ('than', 'IN'), ('expected', 'VBN'), ('.', '.'), ('Our', 'PRP$'), ('superhost', 'NN'), ('was', 'VBD'), ('polite', 'JJ'), ('but', 'CC'), ('slow', 'JJ'), ('to', 'TO'), ('respond', 'VB'), ('a', 'DT'), ('couple', 'NN'), ('of', 'IN'), ('times', 'NNS'), ('.', '.')]","['PRP', 'VBD', 'VBN', 'IN', 'DT', 'NN', '.', 'DT', 'JJ', 'NN', 'VBD', 'JJ', 'CC', 'DT', 'JJ', 'JJR', 'IN', 'VBN', '.', 'PRP$', 'NN', 'VBD', 'JJ', 'CC', 'JJ', 'TO', 'VB', 'DT', 'NN', 'IN', 'NNS', '.']"
178265689,Not worth the price. The host was difficult to reach when we had issues. The location in I Centro Storico was noisier than expected.,"[('Not', 'RB'), ('worth', 'IN'), ('the', 'DT'), ('price', 'NN'), ('.', '.'), ('The', 'DT'), ('host', 'NN'), ('was', 'VBD'), ('difficult', 'JJ'), ('to', 'TO'), ('reach', 'VB'), ('when', 'WRB'), ('we', 'PRP'), ('had', 'VBD'), ('issues', 'NNS'), ('.', '.'), ('The', 'DT'), ('location', 'NN'), ('in', 'IN'), ('I', 'PRP'), ('Centro', 'NNP'), ('Storico', 'NNP'), ('was', 'VBD'), ('noisier', 'JJR'), ('than', 'IN'), ('expected', 'VBN'), ('.', '.')]","['RB', 'IN', 'DT', 'NN', '.', 'DT', 'NN', 'VBD', 'JJ', 'TO', 'VB', 'WRB', 'PRP', 'VBD', 'NNS', '.', 'DT', 'NN', 'IN', 'PRP', 'NNP', 'NNP', 'VBD', 'JJR', 'IN', 'VBN', '.']"
474567436,It was okay for the price. It served its purpose for our stay in Paris.,"[('It', 'PRP'), ('was', 'VBD'), ('okay', 'VBN'), ('for', 'IN'), ('the', 'DT'), ('price', 'NN'), ('.', '.'), ('It', 'PRP'), ('served', 'VBD'), ('its', 'PRP$'), ('purpose', 'NN'), ('for', 'IN'), ('our', 'PRP$'), ('stay', 'NN'), ('in', 'IN'), ('Paris', 'NNP'), ('.', '.')]","['PRP', 'VBD', 'VBN', 'IN', 'DT', 'NN', '.', 'PRP', 'VBD', 'PRP$', 'NN', 'IN', 'PRP$', 'NN', 'IN', 'NNP', '.']"
360896922,Loved every minute of it. Check-in was smooth and the amenities were exactly what we needed. The room in bed and breakfast was spotless and exactly as described. The place felt very cozy for 2 guests.,"[('Loved', 'VBN'), ('every', 'DT'), ('minute', 'NN'), ('of', 'IN'), ('it', 'PRP'), ('.', '.'), ('Check-in', 'NNP'), ('was', 'VBD'), ('smooth', 'JJ'), ('and', 'CC'), ('the', 'DT'), ('amenities', 'NNS'), ('were', 'VBD'), ('exactly', 'RB'), ('what', 'WP'), ('we', 'PRP'), ('needed', 'VBD'), ('.', '.'), ('The', 'DT'), ('room', 'NN'), ('in', 'IN'), ('bed', 'NN'), ('and', 'CC'), ('breakfast', 'NN'), ('was', 'VBD'), ('spotless', 'JJ'), ('and', 'CC'), ('exactly', 'RB'), ('as', 'IN'), ('described', 'VBN'), ('.', '.'), ('The', 'DT'), ('place', 'NN'), ('felt', 'VBD'), ('very', 'RB'), ('cozy', 'JJ'), ('for', 'IN'), ('2', 'CD'), ('guests', 'NNS'), ('.', '.')]","['VBN', 'DT', 'NN', 'IN', 'PRP', '.', 'NNP', 'VBD', 'JJ', 'CC', 'DT', 'NNS', 'VBD', 'RB', 'WP', 'PRP', 'VBD', '.', 'DT', 'NN', 'IN', 'NN', 'CC', 'NN', 'VBD', 'JJ', 'CC', 'RB', 'IN', 'VBN', '.', 'DT', 'NN', 'VBD', 'RB', 'JJ', 'IN', 'CD', 'NNS', '.']"
458669441,An average experience. The host was polite but slow to respond a couple of times. Location in Enclos-St-Laurent was convenient enough.,"[('An', 'DT'), ('average', 'JJ'), ('experience', 'NN'), ('.', '.'), ('The', 'DT'), ('host', 'NN'), ('was', 'VBD'), ('polite', 'JJ'), ('but', 'CC'), ('slow', 'JJ'), ('to', 'TO'), ('respond', 'VB'), ('a', 'DT'), ('couple', 'NN'), ('of', 'IN'), ('times', 'NNS'), ('.', '.'), ('Location', 'NN'), ('in', 'IN'), ('Enclos-St-Laurent', 'NNP'), ('was', 'VBD'), ('convenient', 'JJ'), ('enough', 'RB'), ('.', '.')]","['DT', 'JJ', 'NN', '.', 'DT', 'NN', 'VBD', 'JJ', 'CC', 'JJ', 'TO', 'VB', 'DT', 'NN', 'IN', 'NNS', '.', 'NN', 'IN', 'NNP', 'VBD', 'JJ', 'RB', '.']"
284300932,Not worth the price. The host was difficult to reach when we had issues. The location in I Centro Storico was noisier than expected.,"[('Not', 'RB'), ('worth', 'IN'), ('the', 'DT'), ('price', 'NN'), ('.', '.'), ('The', 'DT'), ('host', 'NN'), ('was', 'VBD'), ('difficult', 'JJ'), ('to', 'TO'), ('reach', 'VB'), ('when', 'WRB'), ('we', 'PRP'), ('had', 'VBD'), ('issues', 'NNS'), ('.', '.'), ('The', 'DT'), ('location', 'NN'), ('in', 'IN'), ('I', 'PRP'), ('Centro', 'NNP'), ('Storico', 'NNP'), ('was', 'VBD'), ('noisier', 'JJR'), ('than', 'IN'), ('expected', 'VBN'), ('.', '.')]","['RB', 'IN', 'DT', 'NN', '.', 'DT', 'NN', 'VBD', 'JJ', 'TO', 'VB', 'WRB', 'PRP', 'VBD', 'NNS', '.', 'DT', 'NN', 'IN', 'PRP', 'NNP', 'NNP', 'VBD', 'JJR', 'IN', 'VBN', '.']"
289534844,Couldn't have asked for more. The entire condominium was spotless and exactly as described. We would definitely book this entire condominium again. Our superhost was super responsive and easy to communicate with.,"[('Could', 'MD'), (""n't"", 'RB'), ('have', 'VB'), ('asked', 'VBN'), ('for', 'IN'), ('more', 'RBR'), ('.', '.'), ('The', 'DT'), ('entire', 'JJ'), ('condominium', 'NN'), ('was', 'VBD'), ('spotless', 'JJ'), ('and', 'CC'), ('exactly', 'RB'), ('as', 'IN'), ('described', 'VBN'), ('.', '.'), ('We', 'PRP'), ('would', 'MD'), ('definitely', 'RB'), ('book', 'NN'), ('this', 'DT'), ('entire', 'JJ'), ('condominium', 'NN'), ('again', 'RB'), ('.', '.'), ('Our', 'PRP$'), ('superhost', 'NN'), ('was', 'VBD'), ('super', 'JJ'), ('responsive', 'NN'), ('and', 'CC'), ('easy', 'JJ'), ('to', 'TO'), ('communicate', 'VB'), ('with', 'IN'), ('.', '.')]","['MD', 'RB', 'VB', 'VBN', 'IN', 'RBR', '.', 'DT', 'JJ', 'NN', 'VBD', 'JJ', 'CC', 'RB', 'IN', 'VBN', '.', 'PRP', 'MD', 'RB', 'NN', 'DT', 'JJ', 'NN', 'RB', '.', 'PRP$', 'NN', 'VBD', 'JJ', 'NN', 'CC', 'JJ', 'TO', 'VB', 'IN', '.']"
58804247,"Couldn't have asked for more. We would definitely book this entire apartment again. Great location in Crown Heights, close to everything we needed in New York.","[('Could', 'MD'), (""n't"", 'RB'), ('have', 'VB'), ('asked', 'VBN'), ('for', 'IN'), ('more', 'JJR'), ('.', '.'), ('We', 'PRP'), ('would', 'MD'), ('definitely', 'RB'), ('book', 'NN'), ('this', 'DT'), ('entire', 'JJ'), ('apartment', 'NN'), ('again', 'RB'), ('.', '.'), ('Great', 'NNP'), ('location', 'NN'), ('in', 'IN'), ('Crown', 'NNP'), ('Heights', 'NNP'), (',', ','), ('close', 'RB'), ('to', 'TO'), ('everything', 'NN'), ('we', 'PRP'), ('needed', 'VBD'), ('in', 'IN'), ('New', 'NNP'), ('York', 'NNP'), ('.', '.')]","['MD', 'RB', 'VB', 'VBN', 'IN', 'JJR', '.', 'PRP', 'MD', 'RB', 'NN', 'DT', 'JJ', 'NN', 'RB', '.', 'NNP', 'NN', 'IN', 'NNP', 'NNP', ',', 'RB', 'TO', 'NN', 'PRP', 'VBD', 'IN', 'NNP', 'NNP', '.']"
114327966,"Reasonable for a short trip. Some things could be improved, like cleanliness in the entire apartment. It served its purpose for our stay in Mexico City.","[('Reasonable', 'JJ'), ('for', 'IN'), ('a', 'DT'), ('short', 'JJ'), ('trip', 'NN'), ('.', '.'), ('Some', 'DT'), ('things', 'NNS'), ('could', 'MD'), ('be', 'VB'), ('improved', 'VBN'), (',', ','), ('like', 'IN'), ('cleanliness', 'NN'), ('in', 'IN'), ('the', 'DT'), ('entire', 'JJ'), ('apartment', 'NN'), ('.', '.'), ('It', 'PRP'), ('served', 'VBD'), ('its', 'PRP$'), ('purpose', 'NN'), ('for', 'IN'), ('our', 'PRP$'), ('stay', 'NN'), ('in', 'IN'), ('Mexico', 'NNP'), ('City', 'NNP'), ('.', '.')]","['JJ', 'IN', 'DT', 'JJ', 'NN', '.', 'DT', 'NNS', 'MD', 'VB', 'VBN', ',', 'IN', 'NN', 'IN', 'DT', 'JJ', 'NN', '.', 'PRP', 'VBD', 'PRP$', 'NN', 'IN', 'PRP$', 'NN', 'IN', 'NNP', 'NNP', '.']"
420328734,Below our expectations. The host was difficult to reach when we had issues. The entire apartment was not as clean as the photos suggested. We had several issues during our stay that were never resolved.,"[('Below', 'IN'), ('our', 'PRP$'), ('expectations', 'NNS'), ('.', '.'), ('The', 'DT'), ('host', 'NN'), ('was', 'VBD'), ('difficult', 'JJ'), ('to', 'TO'), ('reach', 'VB'), ('when', 'WRB'), ('we', 'PRP'), ('had', 'VBD'), ('issues', 'NNS'), ('.', '.'), ('The', 'DT'), ('entire', 'JJ'), ('apartment', 'NN'), ('was', 'VBD'), ('not', 'RB'), ('as', 'RB'), ('clean', 'JJ'), ('as', 'IN'), ('the', 'DT'), ('photos', 'NN'), ('suggested', 'VBD'), ('.', '.'), ('We', 'PRP'), ('had', 'VBD'), ('several', 'JJ'), ('issues', 'NNS'), ('during', 'IN'), ('our', 'PRP$'), ('stay', 'NN'), ('that', 'WDT'), ('were', 'VBD'), ('never', 'RB'), ('resolved', 'VBN'), ('.', '.')]","['IN', 'PRP$', 'NNS', '.', 'DT', 'NN', 'VBD', 'JJ', 'TO', 'VB', 'WRB', 'PRP', 'VBD', 'NNS', '.', 'DT', 'JJ', 'NN', 'VBD', 'RB', 'RB', 'JJ', 'IN', 'DT', 'NN', 'VBD', '.', 'PRP', 'VBD', 'JJ', 'NNS', 'IN', 'PRP$', 'NN', 'WDT', 'VBD', 'RB', 'VBN', '.']"
19825787,Would not recommend. We had several issues during our stay that were never resolved. Check-in was confusing and delayed our arrival in Paris.,"[('Would', 'MD'), ('not', 'RB'), ('recommend', 'VB'), ('.', '.'), ('We', 'PRP'), ('had', 'VBD'), ('several', 'JJ'), ('issues', 'NNS'), ('during', 'IN'), ('our', 'PRP$'), ('stay', 'NN'), ('that', 'WDT'), ('were', 'VBD'), ('never', 'RB'), ('resolved', 'VBN'), ('.', '.'), ('Check-in', 'NNP'), ('was', 'VBD'), ('confusing', 'VBG'), ('and', 'CC'), ('delayed', 'VB'), ('our', 'PRP$'), ('arrival', 'NN'), ('in', 'IN'), ('Paris', 'NNP'), ('.', '.')]","['MD', 'RB', 'VB', '.', 'PRP', 'VBD', 'JJ', 'NNS', 'IN', 'PRP$', 'NN', 'WDT', 'VBD', 'RB', 'VBN', '.', 'NNP', 'VBD', 'VBG', 'CC', 'VB', 'PRP$', 'NN', 'IN', 'NNP', '.']"
656548093,Not worth the price. The location in Beyoglu was noisier than expected. The host was difficult to reach when we had issues. The room in boutique hotel was not as clean as the photos suggested.,"[('Not', 'RB'), ('worth', 'IN'), ('the', 'DT'), ('price', 'NN'), ('.', '.'), ('The', 'DT'), ('location', 'NN'), ('in', 'IN'), ('Beyoglu', 'NNP'), ('was', 'VBD'), ('noisier', 'JJR'), ('than', 'IN'), ('expected', 'VBN'), ('.', '.'), ('The', 'DT'), ('host', 'NN'), ('was', 'VBD'), ('difficult', 'JJ'), ('to', 'TO'), ('reach', 'VB'), ('when', 'WRB'), ('we', 'PRP'), ('had', 'VBD'), ('issues', 'NNS'), ('.', '.'), ('The', 'DT'), ('room', 'NN'), ('in', 'IN'), ('boutique', 'JJ'), ('hotel', 'NN'), ('was', 'VBD'), ('not', 'RB'), ('as', 'RB'), ('clean', 'JJ'), ('as', 'IN'), ('the', 'DT'), ('photos', 'NN'), ('suggested', 'VBD'), ('.', '.')]","['RB', 'IN', 'DT', 'NN', '.', 'DT', 'NN', 'IN', 'NNP', 'VBD', 'JJR', 'IN', 'VBN', '.', 'DT', 'NN', 'VBD', 'JJ', 'TO', 'VB', 'WRB', 'PRP', 'VBD', 'NNS', '.', 'DT', 'NN', 'IN', 'JJ', 'NN', 'VBD', 'RB', 'RB', 'JJ', 'IN', 'DT', 'NN', 'VBD', '.']"
197245937,"Decent stay overall. Some things could be improved, like cleanliness in the entire apartment.","[('Decent', 'NNP'), ('stay', 'NN'), ('overall', 'RB'), ('.', '.'), ('Some', 'DT'), ('things', 'NNS'), ('could', 'MD'), ('be', 'VB'), ('improved', 'VBN'), (',', ','), ('like', 'IN'), ('cleanliness', 'NN'), ('in', 'IN'), ('the', 'DT'), ('entire', 'JJ'), ('apartment', 'NN'), ('.', '.')]","['NNP', 'NN', 'RB', '.', 'DT', 'NNS', 'MD', 'VB', 'VBN', ',', 'IN', 'NN', 'IN', 'DT', 'JJ', 'NN', '.']"
416408744,Would not recommend. We had several issues during our stay that were never resolved. The private room in townhouse was not as clean as the photos suggested.,"[('Would', 'MD'), ('not', 'RB'), ('recommend', 'VB'), ('.', '.'), ('We', 'PRP'), ('had', 'VBD'), ('several', 'JJ'), ('issues', 'NNS'), ('during', 'IN'), ('our', 'PRP$'), ('stay', 'NN'), ('that', 'WDT'), ('were', 'VBD'), ('never', 'RB'), ('resolved', 'VBN'), ('.', '.'), ('The', 'DT'), ('private', 'JJ'), ('room', 'NN'), ('in', 'IN'), ('townhouse', 'NN'), ('was', 'VBD'), ('not', 'RB'), ('as', 'RB'), ('clean', 'JJ'), ('as', 'IN'), ('the', 'DT'), ('photos', 'NN'), ('suggested', 'VBD'), ('.', '.')]","['MD', 'RB', 'VB', '.', 'PRP', 'VBD', 'JJ', 'NNS', 'IN', 'PRP$', 'NN', 'WDT', 'VBD', 'RB', 'VBN', '.', 'DT', 'JJ', 'NN', 'IN', 'NN', 'VBD', 'RB', 'RB', 'JJ', 'IN', 'DT', 'NN', 'VBD', '.']"
482222120,Amazing stay! The entire apartment was spotless and exactly as described. Check-in was smooth and the amenities were exactly what we needed.,"[('Amazing', 'VBG'), ('stay', 'NN'), ('!', '.'), ('The', 'DT'), ('entire', 'JJ'), ('apartment', 'NN'), ('was', 'VBD'), ('spotless', 'JJ'), ('and', 'CC'), ('exactly', 'RB'), ('as', 'IN'), ('described', 'VBN'), ('.', '.'), ('Check-in', 'NNP'), ('was', 'VBD'), ('smooth', 'JJ'), ('and', 'CC'), ('the', 'DT'), ('amenities', 'NNS'), ('were', 'VBD'), ('exactly', 'RB'), ('what', 'WP'), ('we', 'PRP'), ('needed', 'VBD'), ('.', '.')]","['VBG', 'NN', '.', 'DT', 'JJ', 'NN', 'VBD', 'JJ', 'CC', 'RB', 'IN', 'VBN', '.', 'NNP', 'VBD', 'JJ', 'CC', 'DT', 'NNS', 'VBD', 'RB', 'WP', 'PRP', 'VBD', '.']"
621221369,"We had a fantastic time. The entire house was spotless and exactly as described. Our superhost was super responsive and easy to communicate with. Great location in Ward 14, close to everything we needed in Cape Town.","[('We', 'PRP'), ('had', 'VBD'), ('a', 'DT'), ('fantastic', 'JJ'), ('time', 'NN'), ('.', '.'), ('The', 'DT'), ('entire', 'JJ'), ('house', 'NN'), ('was', 'VBD'), ('spotless', 'JJ'), ('and', 'CC'), ('exactly', 'RB'), ('as', 'IN'), ('described', 'VBN'), ('.', '.'), ('Our', 'PRP$'), ('superhost', 'NN'), ('was', 'VBD'), ('super', 'JJ'), ('responsive', 'NN'), ('and', 'CC'), ('easy', 'JJ'), ('to', 'TO'), ('communicate', 'VB'), ('with', 'IN'), ('.', '.'), ('Great', 'NNP'), ('location', 'NN'), ('in', 'IN'), ('Ward', 'NNP'), ('14', 'CD'), (',', ','), ('close', 'RB'), ('to', 'TO'), ('everything', 'NN'), ('we', 'PRP'), ('needed', 'VBD'), ('in', 'IN'), ('Cape', 'NNP'), ('Town', 'NNP'), ('.', '.')]","['PRP', 'VBD', 'DT', 'JJ', 'NN', '.', 'DT', 'JJ', 'NN', 'VBD', 'JJ', 'CC', 'RB', 'IN', 'VBN', '.', 'PRP$', 'NN', 'VBD', 'JJ', 'NN', 'CC', 'JJ', 'TO', 'VB', 'IN', '.', 'NNP', 'NN', 'IN', 'NNP', 'CD', ',', 'RB', 'TO', 'NN', 'PRP', 'VBD', 'IN', 'NNP', 'NNP', '.']"
41074046,Reasonable for a short trip. The private room in bed and breakfast was fine but a little smaller than expected.,"[('Reasonable', 'JJ'), ('for', 'IN'), ('a', 'DT'), ('short', 'JJ'), ('trip', 'NN'), ('.', '.'), ('The', 'DT'), ('private', 'JJ'), ('room', 'NN'), ('in', 'IN'), ('bed', 'NN'), ('and', 'CC'), ('breakfast', 'NN'), ('was', 'VBD'), ('fine', 'JJ'), ('but', 'CC'), ('a', 'DT'), ('little', 'JJ'), ('smaller', 'JJR'), ('than', 'IN'), ('expected', 'VBN'), ('.', '.')]","['JJ', 'IN', 'DT', 'JJ', 'NN', '.', 'DT', 'JJ', 'NN', 'IN', 'NN', 'CC', 'NN', 'VBD', 'JJ', 'CC', 'DT', 'JJ', 'JJR', 'IN', 'VBN', '.']"
4298850,An average experience. The host was polite but slow to respond a couple of times. It served its purpose for our stay in Rome.,"[('An', 'DT'), ('average', 'JJ'), ('experience', 'NN'), ('.', '.'), ('The', 'DT'), ('host', 'NN'), ('was', 'VBD'), ('polite', 'JJ'), ('but', 'CC'), ('slow', 'JJ'), ('to', 'TO'), ('respond', 'VB'), ('a', 'DT'), ('couple', 'NN'), ('of', 'IN'), ('times', 'NNS'), ('.', '.'), ('It', 'PRP'), ('served', 'VBD'), ('its', 'PRP$'), ('purpose', 'NN'), ('for', 'IN'), ('our', 'PRP$'), ('stay', 'NN'), ('in', 'IN'), ('Rome', 'NNP'), ('.', '.')]","['DT', 'JJ', 'NN', '.', 'DT', 'NN', 'VBD', 'JJ', 'CC', 'JJ', 'TO', 'VB', 'DT', 'NN', 'IN', 'NNS', '.', 'PRP', 'VBD', 'PRP$', 'NN', 'IN', 'PRP$', 'NN', 'IN', 'NNP', '.']"
596080173,Not worth the price. We had several issues during our stay that were never resolved. The location in Fresh Meadows was noisier than expected. Our superhost was difficult to reach when we had issues.,"[('Not', 'RB'), ('worth', 'IN'), ('the', 'DT'), ('price', 'NN'), ('.', '.'), ('We', 'PRP'), ('had', 'VBD'), ('several', 'JJ'), ('issues', 'NNS'), ('during', 'IN'), ('our', 'PRP$'), ('stay', 'NN'), ('that', 'WDT'), ('were', 'VBD'), ('never', 'RB'), ('resolved', 'VBN'), ('.', '.'), ('The', 'DT'), ('location', 'NN'), ('in', 'IN'), ('Fresh', 'NNP'), ('Meadows', 'NNP'), ('was', 'VBD'), ('noisier', 'JJR'), ('than', 'IN'), ('expected', 'VBN'), ('.', '.'), ('Our', 'PRP$'), ('superhost', 'NN'), ('was', 'VBD'), ('difficult', 'JJ'), ('to', 'TO'), ('reach', 'VB'), ('when', 'WRB'), ('we', 'PRP'), ('had', 'VBD'), ('issues', 'NNS'), ('.', '.')]","['RB', 'IN', 'DT', 'NN', '.', 'PRP', 'VBD', 'JJ', 'NNS', 'IN', 'PRP$', 'NN', 'WDT', 'VBD', 'RB', 'VBN', '.', 'DT', 'NN', 'IN', 'NNP', 'NNP', 'VBD', 'JJR', 'IN', 'VBN', '.', 'PRP$', 'NN', 'VBD', 'JJ', 'TO', 'VB', 'WRB', 'PRP', 'VBD', 'NNS', '.']"
482430810,We had a rough experience. Our superhost was difficult to reach when we had issues. The entire serviced apartment was not as clean as the photos suggested.,"[('We', 'PRP'), ('had', 'VBD'), ('a', 'DT'), ('rough', 'JJ'), ('experience', 'NN'), ('.', '.'), ('Our', 'PRP$'), ('superhost', 'NN'), ('was', 'VBD'), ('difficult', 'JJ'), ('to', 'TO'), ('reach', 'VB'), ('when', 'WRB'), ('we', 'PRP'), ('had', 'VBD'), ('issues', 'NNS'), ('.', '.'), ('The', 'DT'), ('entire', 'JJ'), ('serviced', 'VBD'), ('apartment', 'NN'), ('was', 'VBD'), ('not', 'RB'), ('as', 'RB'), ('clean', 'JJ'), ('as', 'IN'), ('the', 'DT'), ('photos', 'NN'), ('suggested', 'VBD'), ('.', '.')]","['PRP', 'VBD', 'DT', 'JJ', 'NN', '.', 'PRP$', 'NN', 'VBD', 'JJ', 'TO', 'VB', 'WRB', 'PRP', 'VBD', 'NNS', '.', 'DT', 'JJ', 'VBD', 'NN', 'VBD', 'RB', 'RB', 'JJ', 'IN', 'DT', 'NN', 'VBD', '.']"
241421266,"Nothing special, but fine. It served its purpose for our stay in Cape Town.","[('Nothing', 'VBG'), ('special', 'JJ'), (',', ','), ('but', 'CC'), ('fine', 'JJ'), ('.', '.'), ('It', 'PRP'), ('served', 'VBD'), ('its', 'PRP$'), ('purpose', 'NN'), ('for', 'IN'), ('our', 'PRP$'), ('stay', 'NN'), ('in', 'IN'), ('Cape', 'NNP'), ('Town', 'NNP'), ('.', '.')]","['VBG', 'JJ', ',', 'CC', 'JJ', '.', 'PRP', 'VBD', 'PRP$', 'NN', 'IN', 'PRP$', 'NN', 'IN', 'NNP', 'NNP', '.']"
195998693,We had a rough experience. The location in Harlem was noisier than expected. We had several issues during our stay that were never resolved.,"[('We', 'PRP'), ('had', 'VBD'), ('a', 'DT'), ('rough', 'JJ'), ('experience', 'NN'), ('.', '.'), ('The', 'DT'), ('location', 'NN'), ('in', 'IN'), ('Harlem', 'NNP'), ('was', 'VBD'), ('noisier', 'JJR'), ('than', 'IN'), ('expected', 'VBN'), ('.', '.'), ('We', 'PRP'), ('had', 'VBD'), ('several', 'JJ'), ('issues', 'NNS'), ('during', 'IN'), ('our', 'PRP$'), ('stay', 'NN'), ('that', 'WDT'), ('were', 'VBD'), ('never', 'RB'), ('resolved', 'VBN'), ('.', '.')]","['PRP', 'VBD', 'DT', 'JJ', 'NN', '.', 'DT', 'NN', 'IN', 'NNP', 'VBD', 'JJR', 'IN', 'VBN', '.', 'PRP', 'VBD', 'JJ', 'NNS', 'IN', 'PRP$', 'NN', 'WDT', 'VBD', 'RB', 'VBN', '.']"
529492054,It was okay for the price. The host was polite but slow to respond a couple of times. It served its purpose for our stay in Sydney.,"[('It', 'PRP'), ('was', 'VBD'), ('okay', 'VBN'), ('for', 'IN'), ('the', 'DT'), ('price', 'NN'), ('.', '.'), ('The', 'DT'), ('host', 'NN'), ('was', 'VBD'), ('polite', 'JJ'), ('but', 'CC'), ('slow', 'JJ'), ('to', 'TO'), ('respond', 'VB'), ('a', 'DT'), ('couple', 'NN'), ('of', 'IN'), ('times', 'NNS'), ('.', '.'), ('It', 'PRP'), ('served', 'VBD'), ('its', 'PRP$'), ('purpose', 'NN'), ('for', 'IN'), ('our', 'PRP$'), ('stay', 'NN'), ('in', 'IN'), ('Sydney', 'NNP'), ('.', '.')]","['PRP', 'VBD', 'VBN', 'IN', 'DT', 'NN', '.', 'DT', 'NN', 'VBD', 'JJ', 'CC', 'JJ', 'TO', 'VB', 'DT', 'NN', 'IN', 'NNS', '.', 'PRP', 'VBD', 'PRP$', 'NN', 'IN', 'PRP$', 'NN', 'IN', 'NNP', '.']"
141838194,"Reasonable for a short trip. It served its purpose for our stay in Rome. Some things could be improved, like cleanliness in the private room in apartment.","[('Reasonable', 'JJ'), ('for', 'IN'), ('a', 'DT'), ('short', 'JJ'), ('trip', 'NN'), ('.', '.'), ('It', 'PRP'), ('served', 'VBD'), ('its', 'PRP$'), ('purpose', 'NN'), ('for', 'IN'), ('our', 'PRP$'), ('stay', 'NN'), ('in', 'IN'), ('Rome', 'NNP'), ('.', '.'), ('Some', 'DT'), ('things', 'NNS'), ('could', 'MD'), ('be', 'VB'), ('improved', 'VBN'), (',', ','), ('like', 'IN'), ('cleanliness', 'NN'), ('in', 'IN'), ('the', 'DT'), ('private', 'JJ'), ('room', 'NN'), ('in', 'IN'), ('apartment', 'NN'), ('.', '.')]","['JJ', 'IN', 'DT', 'JJ', 'NN', '.', 'PRP', 'VBD', 'PRP$', 'NN', 'IN', 'PRP$', 'NN', 'IN', 'NNP', '.', 'DT', 'NNS', 'MD', 'VB', 'VBN', ',', 'IN', 'NN', 'IN', 'DT', 'JJ', 'NN', 'IN', 'NN', '.']"
591727197,Not worth the price. Check-in was confusing and delayed our arrival in Sydney. The entire house was not as clean as the photos suggested.,"[('Not', 'RB'), ('worth', 'IN'), ('the', 'DT'), ('price', 'NN'), ('.', '.'), ('Check-in', 'NNP'), ('was', 'VBD'), ('confusing', 'VBG'), ('and', 'CC'), ('delayed', 'VB'), ('our', 'PRP$'), ('arrival', 'NN'), ('in', 'IN'), ('Sydney', 'NNP'), ('.', '.'), ('The', 'DT'), ('entire', 'JJ'), ('house', 'NN'), ('was', 'VBD'), ('not', 'RB'), ('as', 'RB'), ('clean', 'JJ'), ('as', 'IN'), ('the', 'DT'), ('photos', 'NN'), ('suggested', 'VBD'), ('.', '.')]","['RB', 'IN', 'DT', 'NN', '.', 'NNP', 'VBD', 'VBG', 'CC', 'VB', 'PRP$', 'NN', 'IN', 'NNP', '.', 'DT', 'JJ', 'NN', 'VBD', 'RB', 'RB', 'JJ', 'IN', 'DT', 'NN', 'VBD', '.']"
564067554,It was okay for the price. Our superhost was polite but slow to respond a couple of times.,"[('It', 'PRP'), ('was', 'VBD'), ('okay', 'VBN'), ('for', 'IN'), ('the', 'DT'), ('price', 'NN'), ('.', '.'), ('Our', 'PRP$'), ('superhost', 'NN'), ('was', 'VBD'), ('polite', 'JJ'), ('but', 'CC'), ('slow', 'JJ'), ('to', 'TO'), ('respond', 'VB'), ('a', 'DT'), ('couple', 'NN'), ('of', 'IN'), ('times', 'NNS'), ('.', '.')]","['PRP', 'VBD', 'VBN', 'IN', 'DT', 'NN', '.', 'PRP$', 'NN', 'VBD', 'JJ', 'CC', 'JJ', 'TO', 'VB', 'DT', 'NN', 'IN', 'NNS', '.']"
225480965,It was okay for the price. Our superhost was polite but slow to respond a couple of times.,"[('It', 'PRP'), ('was', 'VBD'), ('okay', 'VBN'), ('for', 'IN'), ('the', 'DT'), ('price', 'NN'), ('.', '.'), ('Our', 'PRP$'), ('superhost', 'NN'), ('was', 'VBD'), ('polite', 'JJ'), ('but', 'CC'), ('slow', 'JJ'), ('to', 'TO'), ('respond', 'VB'), ('a', 'DT'), ('couple', 'NN'), ('of', 'IN'), ('times', 'NNS'), ('.', '.')]","['PRP', 'VBD', 'VBN', 'IN', 'DT', 'NN', '.', 'PRP$', 'NN', 'VBD', 'JJ', 'CC', 'JJ', 'TO', 'VB', 'DT', 'NN', 'IN', 'NNS', '.']"
568203024,Decent stay overall. It served its purpose for our stay in Paris.,"[('Decent', 'NNP'), ('stay', 'NN'), ('overall', 'RB'), ('.', '.'), ('It', 'PRP'), ('served', 'VBD'), ('its', 'PRP$'), ('purpose', 'NN'), ('for', 'IN'), ('our', 'PRP$'), ('stay', 'NN'), ('in', 'IN'), ('Paris', 'NNP'), ('.', '.')]","['NNP', 'NN', 'RB', '.', 'PRP', 'VBD', 'PRP$', 'NN', 'IN', 'PRP$', 'NN', 'IN', 'NNP', '.']"
442338466,Amazing stay! The place felt very cozy for 5 guests. The entire apartment was spotless and exactly as described. Check-in was smooth and the amenities were exactly what we needed.,"[('Amazing', 'VBG'), ('stay', 'NN'), ('!', '.'), ('The', 'DT'), ('place', 'NN'), ('felt', 'VBD'), ('very', 'RB'), ('cozy', 'JJ'), ('for', 'IN'), ('5', 'CD'), ('guests', 'NNS'), ('.', '.'), ('The', 'DT'), ('entire', 'JJ'), ('apartment', 'NN'), ('was', 'VBD'), ('spotless', 'JJ'), ('and', 'CC'), ('exactly', 'RB'), ('as', 'IN'), ('described', 'VBN'), ('.', '.'), ('Check-in', 'NNP'), ('was', 'VBD'), ('smooth', 'JJ'), ('and', 'CC'), ('the', 'DT'), ('amenities', 'NNS'), ('were', 'VBD'), ('exactly', 'RB'), ('what', 'WP'), ('we', 'PRP'), ('needed', 'VBD'), ('.', '.')]","['VBG', 'NN', '.', 'DT', 'NN', 'VBD', 'RB', 'JJ', 'IN', 'CD', 'NNS', '.', 'DT', 'JJ', 'NN', 'VBD', 'JJ', 'CC', 'RB', 'IN', 'VBN', '.', 'NNP', 'VBD', 'JJ', 'CC', 'DT', 'NNS', 'VBD', 'RB', 'WP', 'PRP', 'VBD', '.']"
354477542,Below our expectations. The location in Pittwater was noisier than expected. The host was difficult to reach when we had issues. The entire house was not as clean as the photos suggested.,"[('Below', 'IN'), ('our', 'PRP$'), ('expectations', 'NNS'), ('.', '.'), ('The', 'DT'), ('location', 'NN'), ('in', 'IN'), ('Pittwater', 'NNP'), ('was', 'VBD'), ('noisier', 'JJR'), ('than', 'IN'), ('expected', 'VBN'), ('.', '.'), ('The', 'DT'), ('host', 'NN'), ('was', 'VBD'), ('difficult', 'JJ'), ('to', 'TO'), ('reach', 'VB'), ('when', 'WRB'), ('we', 'PRP'), ('had', 'VBD'), ('issues', 'NNS'), ('.', '.'), ('The', 'DT'), ('entire', 'JJ'), ('house', 'NN'), ('was', 'VBD'), ('not', 'RB'), ('as', 'RB'), ('clean', 'JJ'), ('as', 'IN'), ('the', 'DT'), ('photos', 'NN'), ('suggested', 'VBD'), ('.', '.')]","['IN', 'PRP$', 'NNS', '.', 'DT', 'NN', 'IN', 'NNP', 'VBD', 'JJR', 'IN', 'VBN', '.', 'DT', 'NN', 'VBD', 'JJ', 'TO', 'VB', 'WRB', 'PRP', 'VBD', 'NNS', '.', 'DT', 'JJ', 'NN', 'VBD', 'RB', 'RB', 'JJ', 'IN', 'DT', 'NN', 'VBD', '.']"
354006446,We had a rough experience. Our superhost was difficult to reach when we had issues. The location in Temple was noisier than expected. We had several issues during our stay that were never resolved.,"[('We', 'PRP'), ('had', 'VBD'), ('a', 'DT'), ('rough', 'JJ'), ('experience', 'NN'), ('.', '.'), ('Our', 'PRP$'), ('superhost', 'NN'), ('was', 'VBD'), ('difficult', 'JJ'), ('to', 'TO'), ('reach', 'VB'), ('when', 'WRB'), ('we', 'PRP'), ('had', 'VBD'), ('issues', 'NNS'), ('.', '.'), ('The', 'DT'), ('location', 'NN'), ('in', 'IN'), ('Temple', 'NNP'), ('was', 'VBD'), ('noisier', 'JJR'), ('than', 'IN'), ('expected', 'VBN'), ('.', '.'), ('We', 'PRP'), ('had', 'VBD'), ('several', 'JJ'), ('issues', 'NNS'), ('during', 'IN'), ('our', 'PRP$'), ('stay', 'NN'), ('that', 'WDT'), ('were', 'VBD'), ('never', 'RB'), ('resolved', 'VBN'), ('.', '.')]","['PRP', 'VBD', 'DT', 'JJ', 'NN', '.', 'PRP$', 'NN', 'VBD', 'JJ', 'TO', 'VB', 'WRB', 'PRP', 'VBD', 'NNS', '.', 'DT', 'NN', 'IN', 'NNP', 'VBD', 'JJR', 'IN', 'VBN', '.', 'PRP', 'VBD', 'JJ', 'NNS', 'IN', 'PRP$', 'NN', 'WDT', 'VBD', 'RB', 'VBN', '.']"
445989154,Decent stay overall. The host was polite but slow to respond a couple of times.,"[('Decent', 'NNP'), ('stay', 'NN'), ('overall', 'RB'), ('.', '.'), ('The', 'DT'), ('host', 'NN'), ('was', 'VBD'), ('polite', 'JJ'), ('but', 'CC'), ('slow', 'JJ'), ('to', 'TO'), ('respond', 'VB'), ('a', 'DT'), ('couple', 'NN'), ('of', 'IN'), ('times', 'NNS'), ('.', '.')]","['NNP', 'NN', 'RB', '.', 'DT', 'NN', 'VBD', 'JJ', 'CC', 'JJ', 'TO', 'VB', 'DT', 'NN', 'IN', 'NNS', '.']"
651258796,"An average experience. Some things could be improved, like cleanliness in the entire apartment. It served its purpose for our stay in Paris.","[('An', 'DT'), ('average', 'JJ'), ('experience', 'NN'), ('.', '.'), ('Some', 'DT'), ('things', 'NNS'), ('could', 'MD'), ('be', 'VB'), ('improved', 'VBN'), (',', ','), ('like', 'IN'), ('cleanliness', 'NN'), ('in', 'IN'), ('the', 'DT'), ('entire', 'JJ'), ('apartment', 'NN'), ('.', '.'), ('It', 'PRP'), ('served', 'VBD'), ('its', 'PRP$'), ('purpose', 'NN'), ('for', 'IN'), ('our', 'PRP$'), ('stay', 'NN'), ('in', 'IN'), ('Paris', 'NNP'), ('.', '.')]","['DT', 'JJ', 'NN', '.', 'DT', 'NNS', 'MD', 'VB', 'VBN', ',', 'IN', 'NN', 'IN', 'DT', 'JJ', 'NN', '.', 'PRP', 'VBD', 'PRP$', 'NN', 'IN', 'PRP$', 'NN', 'IN', 'NNP', '.']"
723266448,Highly recommend this place! The entire apartment was spotless and exactly as described. Check-in was smooth and the amenities were exactly what we needed. We would definitely book this entire apartment again.,"[('Highly', 'RB'), ('recommend', 'VB'), ('this', 'DT'), ('place', 'NN'), ('!', '.'), ('The', 'DT'), ('entire', 'JJ'), ('apartment', 'NN'), ('was', 'VBD'), ('spotless', 'JJ'), ('and', 'CC'), ('exactly', 'RB'), ('as', 'IN'), ('described', 'VBN'), ('.', '.'), ('Check-in', 'NNP'), ('was', 'VBD'), ('smooth', 'JJ'), ('and', 'CC'), ('the', 'DT'), ('amenities', 'NNS'), ('were', 'VBD'), ('exactly', 'RB'), ('what', 'WP'), ('we', 'PRP'), ('needed', 'VBD'), ('.', '.'), ('We', 'PRP'), ('would', 'MD'), ('definitely', 'RB'), ('book', 'NN'), ('this', 'DT'), ('entire', 'JJ'), ('apartment', 'NN'), ('again', 'RB'), ('.', '.')]","['RB', 'VB', 'DT', 'NN', '.', 'DT', 'JJ', 'NN', 'VBD', 'JJ', 'CC', 'RB', 'IN', 'VBN', '.', 'NNP', 'VBD', 'JJ', 'CC', 'DT', 'NNS', 'VBD', 'RB', 'WP', 'PRP', 'VBD', '.', 'PRP', 'MD', 'RB', 'NN', 'DT', 'JJ', 'NN', 'RB', '.']"
615228038,Decent stay overall. The entire apartment was fine but a little smaller than expected.,"[('Decent', 'NNP'), ('stay', 'NN'), ('overall', 'RB'), ('.', '.'), ('The', 'DT'), ('entire', 'JJ'), ('apartment', 'NN'), ('was', 'VBD'), ('fine', 'JJ'), ('but', 'CC'), ('a', 'DT'), ('little', 'JJ'), ('smaller', 'JJR'), ('than', 'IN'), ('expected', 'VBN'), ('.', '.')]","['NNP', 'NN', 'RB', '.', 'DT', 'JJ', 'NN', 'VBD', 'JJ', 'CC', 'DT', 'JJ', 'JJR', 'IN', 'VBN', '.']"
579689105,Wonderful experience. The place felt very cozy for 4 guests. The entire apartment was spotless and exactly as described. The host was super responsive and easy to communicate with.,"[('Wonderful', 'JJ'), ('experience', 'NN'), ('.', '.'), ('The', 'DT'), ('place', 'NN'), ('felt', 'VBD'), ('very', 'RB'), ('cozy', 'JJ'), ('for', 'IN'), ('4', 'CD'), ('guests', 'NNS'), ('.', '.'), ('The', 'DT'), ('entire', 'JJ'), ('apartment', 'NN'), ('was', 'VBD'), ('spotless', 'JJ'), ('and', 'CC'), ('exactly', 'RB'), ('as', 'IN'), ('described', 'VBN'), ('.', '.'), ('The', 'DT'), ('host', 'NN'), ('was', 'VBD'), ('super', 'JJ'), ('responsive', 'NN'), ('and', 'CC'), ('easy', 'JJ'), ('to', 'TO'), ('communicate', 'VB'), ('with', 'IN'), ('.', '.')]","['JJ', 'NN', '.', 'DT', 'NN', 'VBD', 'RB', 'JJ', 'IN', 'CD', 'NNS', '.', 'DT', 'JJ', 'NN', 'VBD', 'JJ', 'CC', 'RB', 'IN', 'VBN', '.', 'DT', 'NN', 'VBD', 'JJ', 'NN', 'CC', 'JJ', 'TO', 'VB', 'IN', '.']"
534011291,Below our expectations. The host was difficult to reach when we had issues. We had several issues during our stay that were never resolved.,"[('Below', 'IN'), ('our', 'PRP$'), ('expectations', 'NNS'), ('.', '.'), ('The', 'DT'), ('host', 'NN'), ('was', 'VBD'), ('difficult', 'JJ'), ('to', 'TO'), ('reach', 'VB'), ('when', 'WRB'), ('we', 'PRP'), ('had', 'VBD'), ('issues', 'NNS'), ('.', '.'), ('We', 'PRP'), ('had', 'VBD'), ('several', 'JJ'), ('issues', 'NNS'), ('during', 'IN'), ('our', 'PRP$'), ('stay', 'NN'), ('that', 'WDT'), ('were', 'VBD'), ('never', 'RB'), ('resolved', 'VBN'), ('.', '.')]","['IN', 'PRP$', 'NNS', '.', 'DT', 'NN', 'VBD', 'JJ', 'TO', 'VB', 'WRB', 'PRP', 'VBD', 'NNS', '.', 'PRP', 'VBD', 'JJ', 'NNS', 'IN', 'PRP$', 'NN', 'WDT', 'VBD', 'RB', 'VBN', '.']"
408603624,"We had a fantastic time. The place felt very cozy for 4 guests. Great location in Sydney, close to everything we needed in Sydney.","[('We', 'PRP'), ('had', 'VBD'), ('a', 'DT'), ('fantastic', 'JJ'), ('time', 'NN'), ('.', '.'), ('The', 'DT'), ('place', 'NN'), ('felt', 'VBD'), ('very', 'RB'), ('cozy', 'JJ'), ('for', 'IN'), ('4', 'CD'), ('guests', 'NNS'), ('.', '.'), ('Great', 'NNP'), ('location', 'NN'), ('in', 'IN'), ('Sydney', 'NNP'), (',', ','), ('close', 'RB'), ('to', 'TO'), ('everything', 'NN'), ('we', 'PRP'), ('needed', 'VBD'), ('in', 'IN'), ('Sydney', 'NNP'), ('.', '.')]","['PRP', 'VBD', 'DT', 'JJ', 'NN', '.', 'DT', 'NN', 'VBD', 'RB', 'JJ', 'IN', 'CD', 'NNS', '.', 'NNP', 'NN', 'IN', 'NNP', ',', 'RB', 'TO', 'NN', 'PRP', 'VBD', 'IN', 'NNP', '.']"
38942338,Exceeded our expectations! We would definitely book this entire apartment again. The place felt very cozy for 2 guests. Our superhost was super responsive and easy to communicate with.,"[('Exceeded', 'VBD'), ('our', 'PRP$'), ('expectations', 'NNS'), ('!', '.'), ('We', 'PRP'), ('would', 'MD'), ('definitely', 'RB'), ('book', 'NN'), ('this', 'DT'), ('entire', 'JJ'), ('apartment', 'NN'), ('again', 'RB'), ('.', '.'), ('The', 'DT'), ('place', 'NN'), ('felt', 'VBD'), ('very', 'RB'), ('cozy', 'JJ'), ('for', 'IN'), ('2', 'CD'), ('guests', 'NNS'), ('.', '.'), ('Our', 'PRP$'), ('superhost', 'NN'), ('was', 'VBD'), ('super', 'JJ'), ('responsive', 'NN'), ('and', 'CC'), ('easy', 'JJ'), ('to', 'TO'), ('communicate', 'VB'), ('with', 'IN'), ('.', '.')]","['VBD', 'PRP$', 'NNS', '.', 'PRP', 'MD', 'RB', 'NN', 'DT', 'JJ', 'NN', 'RB', '.', 'DT', 'NN', 'VBD', 'RB', 'JJ', 'IN', 'CD', 'NNS', '.', 'PRP$', 'NN', 'VBD', 'JJ', 'NN', 'CC', 'JJ', 'TO', 'VB', 'IN', '.']"
35363706,We had a rough experience. Check-in was confusing and delayed our arrival in New York. The host was difficult to reach when we had issues. The location in Williamsburg was noisier than expected.,"[('We', 'PRP'), ('had', 'VBD'), ('a', 'DT'), ('rough', 'JJ'), ('experience', 'NN'), ('.', '.'), ('Check-in', 'NNP'), ('was', 'VBD'), ('confusing', 'VBG'), ('and', 'CC'), ('delayed', 'VB'), ('our', 'PRP$'), ('arrival', 'NN'), ('in', 'IN'), ('New', 'NNP'), ('York', 'NNP'), ('.', '.'), ('The', 'DT'), ('host', 'NN'), ('was', 'VBD'), ('difficult', 'JJ'), ('to', 'TO'), ('reach', 'VB'), ('when', 'WRB'), ('we', 'PRP'), ('had', 'VBD'), ('issues', 'NNS'), ('.', '.'), ('The', 'DT'), ('location', 'NN'), ('in', 'IN'), ('Williamsburg', 'NNP'), ('was', 'VBD'), ('noisier', 'JJR'), ('than', 'IN'), ('expected', 'VBN'), ('.', '.')]","['PRP', 'VBD', 'DT', 'JJ', 'NN', '.', 'NNP', 'VBD', 'VBG', 'CC', 'VB', 'PRP$', 'NN', 'IN', 'NNP', 'NNP', '.', 'DT', 'NN', 'VBD', 'JJ', 'TO', 'VB', 'WRB', 'PRP', 'VBD', 'NNS', '.', 'DT', 'NN', 'IN', 'NNP', 'VBD', 'JJR', 'IN', 'VBN', '.']"
658656702,"Nothing special, but fine. It served its purpose for our stay in New York. The room in hotel was fine but a little smaller than expected.","[('Nothing', 'VBG'), ('special', 'JJ'), (',', ','), ('but', 'CC'), ('fine', 'JJ'), ('.', '.'), ('It', 'PRP'), ('served', 'VBD'), ('its', 'PRP$'), ('purpose', 'NN'), ('for', 'IN'), ('our', 'PRP$'), ('stay', 'NN'), ('in', 'IN'), ('New', 'NNP'), ('York', 'NNP'), ('.', '.'), ('The', 'DT'), ('room', 'NN'), ('in', 'IN'), ('hotel', 'NN'), ('was', 'VBD'), ('fine', 'JJ'), ('but', 'CC'), ('a', 'DT'), ('little', 'JJ'), ('smaller', 'JJR'), ('than', 'IN'), ('expected', 'VBN'), ('.', '.')]","['VBG', 'JJ', ',', 'CC', 'JJ', '.', 'PRP', 'VBD', 'PRP$', 'NN', 'IN', 'PRP$', 'NN', 'IN', 'NNP', 'NNP', '.', 'DT', 'NN', 'IN', 'NN', 'VBD', 'JJ', 'CC', 'DT', 'JJ', 'JJR', 'IN', 'VBN', '.']"
282987325,Would not recommend. The entire apartment was not as clean as the photos suggested. The location in Leichhardt was noisier than expected.,"[('Would', 'MD'), ('not', 'RB'), ('recommend', 'VB'), ('.', '.'), ('The', 'DT'), ('entire', 'JJ'), ('apartment', 'NN'), ('was', 'VBD'), ('not', 'RB'), ('as', 'RB'), ('clean', 'JJ'), ('as', 'IN'), ('the', 'DT'), ('photos', 'NN'), ('suggested', 'VBD'), ('.', '.'), ('The', 'DT'), ('location', 'NN'), ('in', 'IN'), ('Leichhardt', 'NNP'), ('was', 'VBD'), ('noisier', 'JJR'), ('than', 'IN'), ('expected', 'VBN'), ('.', '.')]","['MD', 'RB', 'VB', '.', 'DT', 'JJ', 'NN', 'VBD', 'RB', 'RB', 'JJ', 'IN', 'DT', 'NN', 'VBD', '.', 'DT', 'NN', 'IN', 'NNP', 'VBD', 'JJR', 'IN', 'VBN', '.']"
29478501,It was okay for the price. The entire apartment was fine but a little smaller than expected.,"[('It', 'PRP'), ('was', 'VBD'), ('okay', 'VBN'), ('for', 'IN'), ('the', 'DT'), ('price', 'NN'), ('.', '.'), ('The', 'DT'), ('entire', 'JJ'), ('apartment', 'NN'), ('was', 'VBD'), ('fine', 'JJ'), ('but', 'CC'), ('a', 'DT'), ('little', 'JJ'), ('smaller', 'JJR'), ('than', 'IN'), ('expected', 'VBN'), ('.', '.')]","['PRP', 'VBD', 'VBN', 'IN', 'DT', 'NN', '.', 'DT', 'JJ', 'NN', 'VBD', 'JJ', 'CC', 'DT', 'JJ', 'JJR', 'IN', 'VBN', '.']"
604240577,Not worth the price. The location in Coyoacan was noisier than expected. Our superhost was difficult to reach when we had issues.,"[('Not', 'RB'), ('worth', 'IN'), ('the', 'DT'), ('price', 'NN'), ('.', '.'), ('The', 'DT'), ('location', 'NN'), ('in', 'IN'), ('Coyoacan', 'NNP'), ('was', 'VBD'), ('noisier', 'JJR'), ('than', 'IN'), ('expected', 'VBN'), ('.', '.'), ('Our', 'PRP$'), ('superhost', 'NN'), ('was', 'VBD'), ('difficult', 'JJ'), ('to', 'TO'), ('reach', 'VB'), ('when', 'WRB'), ('we', 'PRP'), ('had', 'VBD'), ('issues', 'NNS'), ('.', '.')]","['RB', 'IN', 'DT', 'NN', '.', 'DT', 'NN', 'IN', 'NNP', 'VBD', 'JJR', 'IN', 'VBN', '.', 'PRP$', 'NN', 'VBD', 'JJ', 'TO', 'VB', 'WRB', 'PRP', 'VBD', 'NNS', '.']"
441626238,It was okay for the price. The host was polite but slow to respond a couple of times.,"[('It', 'PRP'), ('was', 'VBD'), ('okay', 'VBN'), ('for', 'IN'), ('the', 'DT'), ('price', 'NN'), ('.', '.'), ('The', 'DT'), ('host', 'NN'), ('was', 'VBD'), ('polite', 'JJ'), ('but', 'CC'), ('slow', 'JJ'), ('to', 'TO'), ('respond', 'VB'), ('a', 'DT'), ('couple', 'NN'), ('of', 'IN'), ('times', 'NNS'), ('.', '.')]","['PRP', 'VBD', 'VBN', 'IN', 'DT', 'NN', '.', 'DT', 'NN', 'VBD', 'JJ', 'CC', 'JJ', 'TO', 'VB', 'DT', 'NN', 'IN', 'NNS', '.']"
648772340,Below our expectations. Check-in was confusing and delayed our arrival in Paris. The entire apartment was not as clean as the photos suggested.,"[('Below', 'IN'), ('our', 'PRP$'), ('expectations', 'NNS'), ('.', '.'), ('Check-in', 'NNP'), ('was', 'VBD'), ('confusing', 'VBG'), ('and', 'CC'), ('delayed', 'VB'), ('our', 'PRP$'), ('arrival', 'NN'), ('in', 'IN'), ('Paris', 'NNP'), ('.', '.'), ('The', 'DT'), ('entire', 'JJ'), ('apartment', 'NN'), ('was', 'VBD'), ('not', 'RB'), ('as', 'RB'), ('clean', 'JJ'), ('as', 'IN'), ('the', 'DT'), ('photos', 'NN'), ('suggested', 'VBD'), ('.', '.')]","['IN', 'PRP$', 'NNS', '.', 'NNP', 'VBD', 'VBG', 'CC', 'VB', 'PRP$', 'NN', 'IN', 'NNP', '.', 'DT', 'JJ', 'NN', 'VBD', 'RB', 'RB', 'JJ', 'IN', 'DT', 'NN', 'VBD', '.']"
289313949,"Reasonable for a short trip. Some things could be improved, like cleanliness in the entire apartment. It served its purpose for our stay in Paris.","[('Reasonable', 'JJ'), ('for', 'IN'), ('a', 'DT'), ('short', 'JJ'), ('trip', 'NN'), ('.', '.'), ('Some', 'DT'), ('things', 'NNS'), ('could', 'MD'), ('be', 'VB'), ('improved', 'VBN'), (',', ','), ('like', 'IN'), ('cleanliness', 'NN'), ('in', 'IN'), ('the', 'DT'), ('entire', 'JJ'), ('apartment', 'NN'), ('.', '.'), ('It', 'PRP'), ('served', 'VBD'), ('its', 'PRP$'), ('purpose', 'NN'), ('for', 'IN'), ('our', 'PRP$'), ('stay', 'NN'), ('in', 'IN'), ('Paris', 'NNP'), ('.', '.')]","['JJ', 'IN', 'DT', 'JJ', 'NN', '.', 'DT', 'NNS', 'MD', 'VB', 'VBN', ',', 'IN', 'NN', 'IN', 'DT', 'JJ', 'NN', '.', 'PRP', 'VBD', 'PRP$', 'NN', 'IN', 'PRP$', 'NN', 'IN', 'NNP', '.']"
650748027,Amazing stay! Check-in was smooth and the amenities were exactly what we needed. We would definitely book this entire apartment again. The place felt very cozy for 7 guests.,"[('Amazing', 'VBG'), ('stay', 'NN'), ('!', '.'), ('Check-in', 'NNP'), ('was', 'VBD'), ('smooth', 'JJ'), ('and', 'CC'), ('the', 'DT'), ('amenities', 'NNS'), ('were', 'VBD'), ('exactly', 'RB'), ('what', 'WP'), ('we', 'PRP'), ('needed', 'VBD'), ('.', '.'), ('We', 'PRP'), ('would', 'MD'), ('definitely', 'RB'), ('book', 'NN'), ('this', 'DT'), ('entire', 'JJ'), ('apartment', 'NN'), ('again', 'RB'), ('.', '.'), ('The', 'DT'), ('place', 'NN'), ('felt', 'VBD'), ('very', 'RB'), ('cozy', 'JJ'), ('for', 'IN'), ('7', 'CD'), ('guests', 'NNS'), ('.', '.')]","['VBG', 'NN', '.', 'NNP', 'VBD', 'JJ', 'CC', 'DT', 'NNS', 'VBD', 'RB', 'WP', 'PRP', 'VBD', '.', 'PRP', 'MD', 'RB', 'NN', 'DT', 'JJ', 'NN', 'RB', '.', 'DT', 'NN', 'VBD', 'RB', 'JJ', 'IN', 'CD', 'NNS', '.']"
229730900,Decent stay overall. The host was polite but slow to respond a couple of times.,"[('Decent', 'NNP'), ('stay', 'NN'), ('overall', 'RB'), ('.', '.'), ('The', 'DT'), ('host', 'NN'), ('was', 'VBD'), ('polite', 'JJ'), ('but', 'CC'), ('slow', 'JJ'), ('to', 'TO'), ('respond', 'VB'), ('a', 'DT'), ('couple', 'NN'), ('of', 'IN'), ('times', 'NNS'), ('.', '.')]","['NNP', 'NN', 'RB', '.', 'DT', 'NN', 'VBD', 'JJ', 'CC', 'JJ', 'TO', 'VB', 'DT', 'NN', 'IN', 'NNS', '.']"
83657813,Disappointing stay. Check-in was confusing and delayed our arrival in New York. Our superhost was difficult to reach when we had issues. The location in Bushwick was noisier than expected.,"[('Disappointing', 'VBG'), ('stay', 'NN'), ('.', '.'), ('Check-in', 'NNP'), ('was', 'VBD'), ('confusing', 'VBG'), ('and', 'CC'), ('delayed', 'VB'), ('our', 'PRP$'), ('arrival', 'NN'), ('in', 'IN'), ('New', 'NNP'), ('York', 'NNP'), ('.', '.'), ('Our', 'PRP$'), ('superhost', 'NN'), ('was', 'VBD'), ('difficult', 'JJ'), ('to', 'TO'), ('reach', 'VB'), ('when', 'WRB'), ('we', 'PRP'), ('had', 'VBD'), ('issues', 'NNS'), ('.', '.'), ('The', 'DT'), ('location', 'NN'), ('in', 'IN'), ('Bushwick', 'NNP'), ('was', 'VBD'), ('noisier', 'JJR'), ('than', 'IN'), ('expected', 'VBN'), ('.', '.')]","['VBG', 'NN', '.', 'NNP', 'VBD', 'VBG', 'CC', 'VB', 'PRP$', 'NN', 'IN', 'NNP', 'NNP', '.', 'PRP$', 'NN', 'VBD', 'JJ', 'TO', 'VB', 'WRB', 'PRP', 'VBD', 'NNS', '.', 'DT', 'NN', 'IN', 'NNP', 'VBD', 'JJR', 'IN', 'VBN', '.']"
519440575,"Highly recommend this place! The private room in house was spotless and exactly as described. Our superhost was super responsive and easy to communicate with. Great location in East Elmhurst, close to everything we needed in New York.","[('Highly', 'RB'), ('recommend', 'VB'), ('this', 'DT'), ('place', 'NN'), ('!', '.'), ('The', 'DT'), ('private', 'JJ'), ('room', 'NN'), ('in', 'IN'), ('house', 'NN'), ('was', 'VBD'), ('spotless', 'JJ'), ('and', 'CC'), ('exactly', 'RB'), ('as', 'IN'), ('described', 'VBN'), ('.', '.'), ('Our', 'PRP$'), ('superhost', 'NN'), ('was', 'VBD'), ('super', 'JJ'), ('responsive', 'NN'), ('and', 'CC'), ('easy', 'JJ'), ('to', 'TO'), ('communicate', 'VB'), ('with', 'IN'), ('.', '.'), ('Great', 'NNP'), ('location', 'NN'), ('in', 'IN'), ('East', 'NNP'), ('Elmhurst', 'NNP'), (',', ','), ('close', 'RB'), ('to', 'TO'), ('everything', 'NN'), ('we', 'PRP'), ('needed', 'VBD'), ('in', 'IN'), ('New', 'NNP'), ('York', 'NNP'), ('.', '.')]","['RB', 'VB', 'DT', 'NN', '.', 'DT', 'JJ', 'NN', 'IN', 'NN', 'VBD', 'JJ', 'CC', 'RB', 'IN', 'VBN', '.', 'PRP$', 'NN', 'VBD', 'JJ', 'NN', 'CC', 'JJ', 'TO', 'VB', 'IN', '.', 'NNP', 'NN', 'IN', 'NNP', 'NNP', ',', 'RB', 'TO', 'NN', 'PRP', 'VBD', 'IN', 'NNP', 'NNP', '.']"
125640153,An average experience. Location in Sydney was convenient enough. The private room in house was fine but a little smaller than expected.,"[('An', 'DT'), ('average', 'JJ'), ('experience', 'NN'), ('.', '.'), ('Location', 'NN'), ('in', 'IN'), ('Sydney', 'NNP'), ('was', 'VBD'), ('convenient', 'JJ'), ('enough', 'RB'), ('.', '.'), ('The', 'DT'), ('private', 'JJ'), ('room', 'NN'), ('in', 'IN'), ('house', 'NN'), ('was', 'VBD'), ('fine', 'JJ'), ('but', 'CC'), ('a', 'DT'), ('little', 'JJ'), ('smaller', 'JJR'), ('than', 'IN'), ('expected', 'VBN'), ('.', '.')]","['DT', 'JJ', 'NN', '.', 'NN', 'IN', 'NNP', 'VBD', 'JJ', 'RB', '.', 'DT', 'JJ', 'NN', 'IN', 'NN', 'VBD', 'JJ', 'CC', 'DT', 'JJ', 'JJR', 'IN', 'VBN', '.']"
23219700,We had a rough experience. Check-in was confusing and delayed our arrival in Sydney. We had several issues during our stay that were never resolved.,"[('We', 'PRP'), ('had', 'VBD'), ('a', 'DT'), ('rough', 'JJ'), ('experience', 'NN'), ('.', '.'), ('Check-in', 'NNP'), ('was', 'VBD'), ('confusing', 'VBG'), ('and', 'CC'), ('delayed', 'VB'), ('our', 'PRP$'), ('arrival', 'NN'), ('in', 'IN'), ('Sydney', 'NNP'), ('.', '.'), ('We', 'PRP'), ('had', 'VBD'), ('several', 'JJ'), ('issues', 'NNS'), ('during', 'IN'), ('our', 'PRP$'), ('stay', 'NN'), ('that', 'WDT'), ('were', 'VBD'), ('never', 'RB'), ('resolved', 'VBN'), ('.', '.')]","['PRP', 'VBD', 'DT', 'JJ', 'NN', '.', 'NNP', 'VBD', 'VBG', 'CC', 'VB', 'PRP$', 'NN', 'IN', 'NNP', '.', 'PRP', 'VBD', 'JJ', 'NNS', 'IN', 'PRP$', 'NN', 'WDT', 'VBD', 'RB', 'VBN', '.']"
446239808,"Highly recommend this place! The place felt very cozy for 3 guests. Check-in was smooth and the amenities were exactly what we needed. Great location in Parthum Wan, close to everything we needed in Bangkok.","[('Highly', 'RB'), ('recommend', 'VB'), ('this', 'DT'), ('place', 'NN'), ('!', '.'), ('The', 'DT'), ('place', 'NN'), ('felt', 'VBD'), ('very', 'RB'), ('cozy', 'JJ'), ('for', 'IN'), ('3', 'CD'), ('guests', 'NNS'), ('.', '.'), ('Check-in', 'NNP'), ('was', 'VBD'), ('smooth', 'JJ'), ('and', 'CC'), ('the', 'DT'), ('amenities', 'NNS'), ('were', 'VBD'), ('exactly', 'RB'), ('what', 'WP'), ('we', 'PRP'), ('needed', 'VBD'), ('.', '.'), ('Great', 'NNP'), ('location', 'NN'), ('in', 'IN'), ('Parthum', 'NNP'), ('Wan', 'NNP'), (',', ','), ('close', 'RB'), ('to', 'TO'), ('everything', 'NN'), ('we', 'PRP'), ('needed', 'VBD'), ('in', 'IN'), ('Bangkok', 'NNP'), ('.', '.')]","['RB', 'VB', 'DT', 'NN', '.', 'DT', 'NN', 'VBD', 'RB', 'JJ', 'IN', 'CD', 'NNS', '.', 'NNP', 'VBD', 'JJ', 'CC', 'DT', 'NNS', 'VBD', 'RB', 'WP', 'PRP', 'VBD', '.', 'NNP', 'NN', 'IN', 'NNP', 'NNP', ',', 'RB', 'TO', 'NN', 'PRP', 'VBD', 'IN', 'NNP', '.']"
553364476,Would not recommend. The entire condominium was not as clean as the photos suggested. We had several issues during our stay that were never resolved.,"[('Would', 'MD'), ('not', 'RB'), ('recommend', 'VB'), ('.', '.'), ('The', 'DT'), ('entire', 'JJ'), ('condominium', 'NN'), ('was', 'VBD'), ('not', 'RB'), ('as', 'RB'), ('clean', 'JJ'), ('as', 'IN'), ('the', 'DT'), ('photos', 'NN'), ('suggested', 'VBD'), ('.', '.'), ('We', 'PRP'), ('had', 'VBD'), ('several', 'JJ'), ('issues', 'NNS'), ('during', 'IN'), ('our', 'PRP$'), ('stay', 'NN'), ('that', 'WDT'), ('were', 'VBD'), ('never', 'RB'), ('resolved', 'VBN'), ('.', '.')]","['MD', 'RB', 'VB', '.', 'DT', 'JJ', 'NN', 'VBD', 'RB', 'RB', 'JJ', 'IN', 'DT', 'NN', 'VBD', '.', 'PRP', 'VBD', 'JJ', 'NNS', 'IN', 'PRP$', 'NN', 'WDT', 'VBD', 'RB', 'VBN', '.']"
218401633,"Perfect for our trip. Check-in was smooth and the amenities were exactly what we needed. We would definitely book this entire condominium again. Great location in Lower East Side, close to everything we needed in New York.","[('Perfect', 'NN'), ('for', 'IN'), ('our', 'PRP$'), ('trip', 'NN'), ('.', '.'), ('Check-in', 'NNP'), ('was', 'VBD'), ('smooth', 'JJ'), ('and', 'CC'), ('the', 'DT'), ('amenities', 'NNS'), ('were', 'VBD'), ('exactly', 'RB'), ('what', 'WP'), ('we', 'PRP'), ('needed', 'VBD'), ('.', '.'), ('We', 'PRP'), ('would', 'MD'), ('definitely', 'RB'), ('book', 'NN'), ('this', 'DT'), ('entire', 'JJ'), ('condominium', 'NN'), ('again', 'RB'), ('.', '.'), ('Great', 'NNP'), ('location', 'NN'), ('in', 'IN'), ('Lower', 'NNP'), ('East', 'NNP'), ('Side', 'NNP'), (',', ','), ('close', 'RB'), ('to', 'TO'), ('everything', 'NN'), ('we', 'PRP'), ('needed', 'VBD'), ('in', 'IN'), ('New', 'NNP'), ('York', 'NNP'), ('.', '.')]","['NN', 'IN', 'PRP$', 'NN', '.', 'NNP', 'VBD', 'JJ', 'CC', 'DT', 'NNS', 'VBD', 'RB', 'WP', 'PRP', 'VBD', '.', 'PRP', 'MD', 'RB', 'NN', 'DT', 'JJ', 'NN', 'RB', '.', 'NNP', 'NN', 'IN', 'NNP', 'NNP', 'NNP', ',', 'RB', 'TO', 'NN', 'PRP', 'VBD', 'IN', 'NNP', 'NNP', '.']"
707171325,Not worth the price. The private room in guest suite was not as clean as the photos suggested. Check-in was confusing and delayed our arrival in Mexico City. The location in Cuauhtemoc was noisier than expected.,"[('Not', 'RB'), ('worth', 'IN'), ('the', 'DT'), ('price', 'NN'), ('.', '.'), ('The', 'DT'), ('private', 'JJ'), ('room', 'NN'), ('in', 'IN'), ('guest', 'JJS'), ('suite', 'NN'), ('was', 'VBD'), ('not', 'RB'), ('as', 'RB'), ('clean', 'JJ'), ('as', 'IN'), ('the', 'DT'), ('photos', 'NN'), ('suggested', 'VBD'), ('.', '.'), ('Check-in', 'NNP'), ('was', 'VBD'), ('confusing', 'VBG'), ('and', 'CC'), ('delayed', 'VB'), ('our', 'PRP$'), ('arrival', 'NN'), ('in', 'IN'), ('Mexico', 'NNP'), ('City', 'NNP'), ('.', '.'), ('The', 'DT'), ('location', 'NN'), ('in', 'IN'), ('Cuauhtemoc', 'NNP'), ('was', 'VBD'), ('noisier', 'JJR'), ('than', 'IN'), ('expected', 'VBN'), ('.', '.')]","['RB', 'IN', 'DT', 'NN', '.', 'DT', 'JJ', 'NN', 'IN', 'JJS', 'NN', 'VBD', 'RB', 'RB', 'JJ', 'IN', 'DT', 'NN', 'VBD', '.', 'NNP', 'VBD', 'VBG', 'CC', 'VB', 'PRP$', 'NN', 'IN', 'NNP', 'NNP', '.', 'DT', 'NN', 'IN', 'NNP', 'VBD', 'JJR', 'IN', 'VBN', '.']"
600168441,"Wonderful experience. The entire loft was spotless and exactly as described. Great location in Ward 115, close to everything we needed in Cape Town.","[('Wonderful', 'JJ'), ('experience', 'NN'), ('.', '.'), ('The', 'DT'), ('entire', 'JJ'), ('loft', 'NN'), ('was', 'VBD'), ('spotless', 'JJ'), ('and', 'CC'), ('exactly', 'RB'), ('as', 'IN'), ('described', 'VBN'), ('.', '.'), ('Great', 'NNP'), ('location', 'NN'), ('in', 'IN'), ('Ward', 'NNP'), ('115', 'CD'), (',', ','), ('close', 'RB'), ('to', 'TO'), ('everything', 'NN'), ('we', 'PRP'), ('needed', 'VBD'), ('in', 'IN'), ('Cape', 'NNP'), ('Town', 'NNP'), ('.', '.')]","['JJ', 'NN', '.', 'DT', 'JJ', 'NN', 'VBD', 'JJ', 'CC', 'RB', 'IN', 'VBN', '.', 'NNP', 'NN', 'IN', 'NNP', 'CD', ',', 'RB', 'TO', 'NN', 'PRP', 'VBD', 'IN', 'NNP', 'NNP', '.']"
472990736,Reasonable for a short trip. Location in Botany Bay was convenient enough. Our superhost was polite but slow to respond a couple of times.,"[('Reasonable', 'JJ'), ('for', 'IN'), ('a', 'DT'), ('short', 'JJ'), ('trip', 'NN'), ('.', '.'), ('Location', 'NN'), ('in', 'IN'), ('Botany', 'NNP'), ('Bay', 'NNP'), ('was', 'VBD'), ('convenient', 'JJ'), ('enough', 'RB'), ('.', '.'), ('Our', 'PRP$'), ('superhost', 'NN'), ('was', 'VBD'), ('polite', 'JJ'), ('but', 'CC'), ('slow', 'JJ'), ('to', 'TO'), ('respond', 'VB'), ('a', 'DT'), ('couple', 'NN'), ('of', 'IN'), ('times', 'NNS'), ('.', '.')]","['JJ', 'IN', 'DT', 'JJ', 'NN', '.', 'NN', 'IN', 'NNP', 'NNP', 'VBD', 'JJ', 'RB', '.', 'PRP$', 'NN', 'VBD', 'JJ', 'CC', 'JJ', 'TO', 'VB', 'DT', 'NN', 'IN', 'NNS', '.']"
126556772,"Decent stay overall. The private room in condominium was fine but a little smaller than expected. Some things could be improved, like cleanliness in the private room in condominium.","[('Decent', 'NNP'), ('stay', 'NN'), ('overall', 'RB'), ('.', '.'), ('The', 'DT'), ('private', 'JJ'), ('room', 'NN'), ('in', 'IN'), ('condominium', 'NN'), ('was', 'VBD'), ('fine', 'JJ'), ('but', 'CC'), ('a', 'DT'), ('little', 'JJ'), ('smaller', 'JJR'), ('than', 'IN'), ('expected', 'VBN'), ('.', '.'), ('Some', 'DT'), ('things', 'NNS'), ('could', 'MD'), ('be', 'VB'), ('improved', 'VBN'), (',', ','), ('like', 'IN'), ('cleanliness', 'NN'), ('in', 'IN'), ('the', 'DT'), ('private', 'JJ'), ('room', 'NN'), ('in', 'IN'), ('condominium', 'NN'), ('.', '.')]","['NNP', 'NN', 'RB', '.', 'DT', 'JJ', 'NN', 'IN', 'NN', 'VBD', 'JJ', 'CC', 'DT', 'JJ', 'JJR', 'IN', 'VBN', '.', 'DT', 'NNS', 'MD', 'VB', 'VBN', ',', 'IN', 'NN', 'IN', 'DT', 'JJ', 'NN', 'IN', 'NN', '.']"
447564383,Loved every minute of it. The entire apartment was spotless and exactly as described. We would definitely book this entire apartment again. Check-in was smooth and the amenities were exactly what we needed.,"[('Loved', 'VBN'), ('every', 'DT'), ('minute', 'NN'), ('of', 'IN'), ('it', 'PRP'), ('.', '.'), ('The', 'DT'), ('entire', 'JJ'), ('apartment', 'NN'), ('was', 'VBD'), ('spotless', 'JJ'), ('and', 'CC'), ('exactly', 'RB'), ('as', 'IN'), ('described', 'VBN'), ('.', '.'), ('We', 'PRP'), ('would', 'MD'), ('definitely', 'RB'), ('book', 'NN'), ('this', 'DT'), ('entire', 'JJ'), ('apartment', 'NN'), ('again', 'RB'), ('.', '.'), ('Check-in', 'NNP'), ('was', 'VBD'), ('smooth', 'JJ'), ('and', 'CC'), ('the', 'DT'), ('amenities', 'NNS'), ('were', 'VBD'), ('exactly', 'RB'), ('what', 'WP'), ('we', 'PRP'), ('needed', 'VBD'), ('.', '.')]","['VBN', 'DT', 'NN', 'IN', 'PRP', '.', 'DT', 'JJ', 'NN', 'VBD', 'JJ', 'CC', 'RB', 'IN', 'VBN', '.', 'PRP', 'MD', 'RB', 'NN', 'DT', 'JJ', 'NN', 'RB', '.', 'NNP', 'VBD', 'JJ', 'CC', 'DT', 'NNS', 'VBD', 'RB', 'WP', 'PRP', 'VBD', '.']"
356240318,An average experience. The entire apartment was fine but a little smaller than expected. The host was polite but slow to respond a couple of times.,"[('An', 'DT'), ('average', 'JJ'), ('experience', 'NN'), ('.', '.'), ('The', 'DT'), ('entire', 'JJ'), ('apartment', 'NN'), ('was', 'VBD'), ('fine', 'JJ'), ('but', 'CC'), ('a', 'DT'), ('little', 'JJ'), ('smaller', 'JJR'), ('than', 'IN'), ('expected', 'VBN'), ('.', '.'), ('The', 'DT'), ('host', 'NN'), ('was', 'VBD'), ('polite', 'JJ'), ('but', 'CC'), ('slow', 'JJ'), ('to', 'TO'), ('respond', 'VB'), ('a', 'DT'), ('couple', 'NN'), ('of', 'IN'), ('times', 'NNS'), ('.', '.')]","['DT', 'JJ', 'NN', '.', 'DT', 'JJ', 'NN', 'VBD', 'JJ', 'CC', 'DT', 'JJ', 'JJR', 'IN', 'VBN', '.', 'DT', 'NN', 'VBD', 'JJ', 'CC', 'JJ', 'TO', 'VB', 'DT', 'NN', 'IN', 'NNS', '.']"
504444329,Wonderful experience. The entire apartment was spotless and exactly as described. The host was super responsive and easy to communicate with.,"[('Wonderful', 'JJ'), ('experience', 'NN'), ('.', '.'), ('The', 'DT'), ('entire', 'JJ'), ('apartment', 'NN'), ('was', 'VBD'), ('spotless', 'JJ'), ('and', 'CC'), ('exactly', 'RB'), ('as', 'IN'), ('described', 'VBN'), ('.', '.'), ('The', 'DT'), ('host', 'NN'), ('was', 'VBD'), ('super', 'JJ'), ('responsive', 'NN'), ('and', 'CC'), ('easy', 'JJ'), ('to', 'TO'), ('communicate', 'VB'), ('with', 'IN'), ('.', '.')]","['JJ', 'NN', '.', 'DT', 'JJ', 'NN', 'VBD', 'JJ', 'CC', 'RB', 'IN', 'VBN', '.', 'DT', 'NN', 'VBD', 'JJ', 'NN', 'CC', 'JJ', 'TO', 'VB', 'IN', '.']"
25033513,"Loved every minute of it. Great location in Hotel-de-Ville, close to everything we needed in Paris. Our superhost was super responsive and easy to communicate with.","[('Loved', 'VBN'), ('every', 'DT'), ('minute', 'NN'), ('of', 'IN'), ('it', 'PRP'), ('.', '.'), ('Great', 'NNP'), ('location', 'NN'), ('in', 'IN'), ('Hotel-de-Ville', 'NNP'), (',', ','), ('close', 'RB'), ('to', 'TO'), ('everything', 'NN'), ('we', 'PRP'), ('needed', 'VBD'), ('in', 'IN'), ('Paris', 'NNP'), ('.', '.'), ('Our', 'PRP$'), ('superhost', 'NN'), ('was', 'VBD'), ('super', 'JJ'), ('responsive', 'NN'), ('and', 'CC'), ('easy', 'JJ'), ('to', 'TO'), ('communicate', 'VB'), ('with', 'IN'), ('.', '.')]","['VBN', 'DT', 'NN', 'IN', 'PRP', '.', 'NNP', 'NN', 'IN', 'NNP', ',', 'RB', 'TO', 'NN', 'PRP', 'VBD', 'IN', 'NNP', '.', 'PRP$', 'NN', 'VBD', 'JJ', 'NN', 'CC', 'JJ', 'TO', 'VB', 'IN', '.']"
537635403,Decent stay overall. Location in Huai Khwang was convenient enough. It served its purpose for our stay in Bangkok.,"[('Decent', 'NNP'), ('stay', 'NN'), ('overall', 'RB'), ('.', '.'), ('Location', 'NN'), ('in', 'IN'), ('Huai', 'NNP'), ('Khwang', 'NNP'), ('was', 'VBD'), ('convenient', 'JJ'), ('enough', 'RB'), ('.', '.'), ('It', 'PRP'), ('served', 'VBD'), ('its', 'PRP$'), ('purpose', 'NN'), ('for', 'IN'), ('our', 'PRP$'), ('stay', 'NN'), ('in', 'IN'), ('Bangkok', 'NNP'), ('.', '.')]","['NNP', 'NN', 'RB', '.', 'NN', 'IN', 'NNP', 'NNP', 'VBD', 'JJ', 'RB', '.', 'PRP', 'VBD', 'PRP$', 'NN', 'IN', 'PRP$', 'NN', 'IN', 'NNP', '.']"
298295167,"We had a fantastic time. Great location in I Centro Storico, close to everything we needed in Rome. The entire apartment was spotless and exactly as described. Check-in was smooth and the amenities were exactly what we needed.","[('We', 'PRP'), ('had', 'VBD'), ('a', 'DT'), ('fantastic', 'JJ'), ('time', 'NN'), ('.', '.'), ('Great', 'NNP'), ('location', 'NN'), ('in', 'IN'), ('I', 'PRP'), ('Centro', 'NNP'), ('Storico', 'NNP'), (',', ','), ('close', 'RB'), ('to', 'TO'), ('everything', 'NN'), ('we', 'PRP'), ('needed', 'VBD'), ('in', 'IN'), ('Rome', 'NNP'), ('.', '.'), ('The', 'DT'), ('entire', 'JJ'), ('apartment', 'NN'), ('was', 'VBD'), ('spotless', 'JJ'), ('and', 'CC'), ('exactly', 'RB'), ('as', 'IN'), ('described', 'VBN'), ('.', '.'), ('Check-in', 'NNP'), ('was', 'VBD'), ('smooth', 'JJ'), ('and', 'CC'), ('the', 'DT'), ('amenities', 'NNS'), ('were', 'VBD'), ('exactly', 'RB'), ('what', 'WP'), ('we', 'PRP'), ('needed', 'VBD'), ('.', '.')]","['PRP', 'VBD', 'DT', 'JJ', 'NN', '.', 'NNP', 'NN', 'IN', 'PRP', 'NNP', 'NNP', ',', 'RB', 'TO', 'NN', 'PRP', 'VBD', 'IN', 'NNP', '.', 'DT', 'JJ', 'NN', 'VBD', 'JJ', 'CC', 'RB', 'IN', 'VBN', '.', 'NNP', 'VBD', 'JJ', 'CC', 'DT', 'NNS', 'VBD', 'RB', 'WP', 'PRP', 'VBD', '.']"
439770325,Would not recommend. The location in Miguel Hidalgo was noisier than expected. The private room in condominium was not as clean as the photos suggested. We had several issues during our stay that were never resolved.,"[('Would', 'MD'), ('not', 'RB'), ('recommend', 'VB'), ('.', '.'), ('The', 'DT'), ('location', 'NN'), ('in', 'IN'), ('Miguel', 'NNP'), ('Hidalgo', 'NNP'), ('was', 'VBD'), ('noisier', 'JJR'), ('than', 'IN'), ('expected', 'VBN'), ('.', '.'), ('The', 'DT'), ('private', 'JJ'), ('room', 'NN'), ('in', 'IN'), ('condominium', 'NN'), ('was', 'VBD'), ('not', 'RB'), ('as', 'RB'), ('clean', 'JJ'), ('as', 'IN'), ('the', 'DT'), ('photos', 'NN'), ('suggested', 'VBD'), ('.', '.'), ('We', 'PRP'), ('had', 'VBD'), ('several', 'JJ'), ('issues', 'NNS'), ('during', 'IN'), ('our', 'PRP$'), ('stay', 'NN'), ('that', 'WDT'), ('were', 'VBD'), ('never', 'RB'), ('resolved', 'VBN'), ('.', '.')]","['MD', 'RB', 'VB', '.', 'DT', 'NN', 'IN', 'NNP', 'NNP', 'VBD', 'JJR', 'IN', 'VBN', '.', 'DT', 'JJ', 'NN', 'IN', 'NN', 'VBD', 'RB', 'RB', 'JJ', 'IN', 'DT', 'NN', 'VBD', '.', 'PRP', 'VBD', 'JJ', 'NNS', 'IN', 'PRP$', 'NN', 'WDT', 'VBD', 'RB', 'VBN', '.']"
78279859,Wonderful experience. The host was super responsive and easy to communicate with. The entire apartment was spotless and exactly as described. We would definitely book this entire apartment again.,"[('Wonderful', 'JJ'), ('experience', 'NN'), ('.', '.'), ('The', 'DT'), ('host', 'NN'), ('was', 'VBD'), ('super', 'JJ'), ('responsive', 'NN'), ('and', 'CC'), ('easy', 'JJ'), ('to', 'TO'), ('communicate', 'VB'), ('with', 'IN'), ('.', '.'), ('The', 'DT'), ('entire', 'JJ'), ('apartment', 'NN'), ('was', 'VBD'), ('spotless', 'JJ'), ('and', 'CC'), ('exactly', 'RB'), ('as', 'IN'), ('described', 'VBN'), ('.', '.'), ('We', 'PRP'), ('would', 'MD'), ('definitely', 'RB'), ('book', 'NN'), ('this', 'DT'), ('entire', 'JJ'), ('apartment', 'NN'), ('again', 'RB'), ('.', '.')]","['JJ', 'NN', '.', 'DT', 'NN', 'VBD', 'JJ', 'NN', 'CC', 'JJ', 'TO', 'VB', 'IN', '.', 'DT', 'JJ', 'NN', 'VBD', 'JJ', 'CC', 'RB', 'IN', 'VBN', '.', 'PRP', 'MD', 'RB', 'NN', 'DT', 'JJ', 'NN', 'RB', '.']"
351825412,We had a rough experience. The entire apartment was not as clean as the photos suggested. The location in Vadhana was noisier than expected. We had several issues during our stay that were never resolved.,"[('We', 'PRP'), ('had', 'VBD'), ('a', 'DT'), ('rough', 'JJ'), ('experience', 'NN'), ('.', '.'), ('The', 'DT'), ('entire', 'JJ'), ('apartment', 'NN'), ('was', 'VBD'), ('not', 'RB'), ('as', 'RB'), ('clean', 'JJ'), ('as', 'IN'), ('the', 'DT'), ('photos', 'NN'), ('suggested', 'VBD'), ('.', '.'), ('The', 'DT'), ('location', 'NN'), ('in', 'IN'), ('Vadhana', 'NNP'), ('was', 'VBD'), ('noisier', 'JJR'), ('than', 'IN'), ('expected', 'VBN'), ('.', '.'), ('We', 'PRP'), ('had', 'VBD'), ('several', 'JJ'), ('issues', 'NNS'), ('during', 'IN'), ('our', 'PRP$'), ('stay', 'NN'), ('that', 'WDT'), ('were', 'VBD'), ('never', 'RB'), ('resolved', 'VBN'), ('.', '.')]","['PRP', 'VBD', 'DT', 'JJ', 'NN', '.', 'DT', 'JJ', 'NN', 'VBD', 'RB', 'RB', 'JJ', 'IN', 'DT', 'NN', 'VBD', '.', 'DT', 'NN', 'IN', 'NNP', 'VBD', 'JJR', 'IN', 'VBN', '.', 'PRP', 'VBD', 'JJ', 'NNS', 'IN', 'PRP$', 'NN', 'WDT', 'VBD', 'RB', 'VBN', '.']"
573272931,It was okay for the price. The entire loft was fine but a little smaller than expected. The host was polite but slow to respond a couple of times.,"[('It', 'PRP'), ('was', 'VBD'), ('okay', 'VBN'), ('for', 'IN'), ('the', 'DT'), ('price', 'NN'), ('.', '.'), ('The', 'DT'), ('entire', 'JJ'), ('loft', 'NN'), ('was', 'VBD'), ('fine', 'JJ'), ('but', 'CC'), ('a', 'DT'), ('little', 'JJ'), ('smaller', 'JJR'), ('than', 'IN'), ('expected', 'VBN'), ('.', '.'), ('The', 'DT'), ('host', 'NN'), ('was', 'VBD'), ('polite', 'JJ'), ('but', 'CC'), ('slow', 'JJ'), ('to', 'TO'), ('respond', 'VB'), ('a', 'DT'), ('couple', 'NN'), ('of', 'IN'), ('times', 'NNS'), ('.', '.')]","['PRP', 'VBD', 'VBN', 'IN', 'DT', 'NN', '.', 'DT', 'JJ', 'NN', 'VBD', 'JJ', 'CC', 'DT', 'JJ', 'JJR', 'IN', 'VBN', '.', 'DT', 'NN', 'VBD', 'JJ', 'CC', 'JJ', 'TO', 'VB', 'DT', 'NN', 'IN', 'NNS', '.']"
572195030,Disappointing stay. We had several issues during our stay that were never resolved. The entire apartment was not as clean as the photos suggested. Check-in was confusing and delayed our arrival in Rome.,"[('Disappointing', 'VBG'), ('stay', 'NN'), ('.', '.'), ('We', 'PRP'), ('had', 'VBD'), ('several', 'JJ'), ('issues', 'NNS'), ('during', 'IN'), ('our', 'PRP$'), ('stay', 'NN'), ('that', 'WDT'), ('were', 'VBD'), ('never', 'RB'), ('resolved', 'VBN'), ('.', '.'), ('The', 'DT'), ('entire', 'JJ'), ('apartment', 'NN'), ('was', 'VBD'), ('not', 'RB'), ('as', 'RB'), ('clean', 'JJ'), ('as', 'IN'), ('the', 'DT'), ('photos', 'NN'), ('suggested', 'VBD'), ('.', '.'), ('Check-in', 'NNP'), ('was', 'VBD'), ('confusing', 'VBG'), ('and', 'CC'), ('delayed', 'VB'), ('our', 'PRP$'), ('arrival', 'NN'), ('in', 'IN'), ('Rome', 'NNP'), ('.', '.')]","['VBG', 'NN', '.', 'PRP', 'VBD', 'JJ', 'NNS', 'IN', 'PRP$', 'NN', 'WDT', 'VBD', 'RB', 'VBN', '.', 'DT', 'JJ', 'NN', 'VBD', 'RB', 'RB', 'JJ', 'IN', 'DT', 'NN', 'VBD', '.', 'NNP', 'VBD', 'VBG', 'CC', 'VB', 'PRP$', 'NN', 'IN', 'NNP', '.']"
126982132,Below our expectations. The private room in house was not as clean as the photos suggested. Check-in was confusing and delayed our arrival in New York.,"[('Below', 'IN'), ('our', 'PRP$'), ('expectations', 'NNS'), ('.', '.'), ('The', 'DT'), ('private', 'JJ'), ('room', 'NN'), ('in', 'IN'), ('house', 'NN'), ('was', 'VBD'), ('not', 'RB'), ('as', 'RB'), ('clean', 'JJ'), ('as', 'IN'), ('the', 'DT'), ('photos', 'NN'), ('suggested', 'VBD'), ('.', '.'), ('Check-in', 'NNP'), ('was', 'VBD'), ('confusing', 'VBG'), ('and', 'CC'), ('delayed', 'VB'), ('our', 'PRP$'), ('arrival', 'NN'), ('in', 'IN'), ('New', 'NNP'), ('York', 'NNP'), ('.', '.')]","['IN', 'PRP$', 'NNS', '.', 'DT', 'JJ', 'NN', 'IN', 'NN', 'VBD', 'RB', 'RB', 'JJ', 'IN', 'DT', 'NN', 'VBD', '.', 'NNP', 'VBD', 'VBG', 'CC', 'VB', 'PRP$', 'NN', 'IN', 'NNP', 'NNP', '.']"
406345951,"Reasonable for a short trip. Some things could be improved, like cleanliness in the entire loft. Location in Batignolles-Monceau was convenient enough.","[('Reasonable', 'JJ'), ('for', 'IN'), ('a', 'DT'), ('short', 'JJ'), ('trip', 'NN'), ('.', '.'), ('Some', 'DT'), ('things', 'NNS'), ('could', 'MD'), ('be', 'VB'), ('improved', 'VBN'), (',', ','), ('like', 'IN'), ('cleanliness', 'NN'), ('in', 'IN'), ('the', 'DT'), ('entire', 'JJ'), ('loft', 'NN'), ('.', '.'), ('Location', 'NN'), ('in', 'IN'), ('Batignolles-Monceau', 'NNP'), ('was', 'VBD'), ('convenient', 'JJ'), ('enough', 'RB'), ('.', '.')]","['JJ', 'IN', 'DT', 'JJ', 'NN', '.', 'DT', 'NNS', 'MD', 'VB', 'VBN', ',', 'IN', 'NN', 'IN', 'DT', 'JJ', 'NN', '.', 'NN', 'IN', 'NNP', 'VBD', 'JJ', 'RB', '.']"
164478220,Wonderful experience. Check-in was smooth and the amenities were exactly what we needed. The place felt very cozy for 2 guests.,"[('Wonderful', 'JJ'), ('experience', 'NN'), ('.', '.'), ('Check-in', 'NNP'), ('was', 'VBD'), ('smooth', 'JJ'), ('and', 'CC'), ('the', 'DT'), ('amenities', 'NNS'), ('were', 'VBD'), ('exactly', 'RB'), ('what', 'WP'), ('we', 'PRP'), ('needed', 'VBD'), ('.', '.'), ('The', 'DT'), ('place', 'NN'), ('felt', 'VBD'), ('very', 'RB'), ('cozy', 'JJ'), ('for', 'IN'), ('2', 'CD'), ('guests', 'NNS'), ('.', '.')]","['JJ', 'NN', '.', 'NNP', 'VBD', 'JJ', 'CC', 'DT', 'NNS', 'VBD', 'RB', 'WP', 'PRP', 'VBD', '.', 'DT', 'NN', 'VBD', 'RB', 'JJ', 'IN', 'CD', 'NNS', '.']"
163881233,Not worth the price. We had several issues during our stay that were never resolved. The entire apartment was not as clean as the photos suggested.,"[('Not', 'RB'), ('worth', 'IN'), ('the', 'DT'), ('price', 'NN'), ('.', '.'), ('We', 'PRP'), ('had', 'VBD'), ('several', 'JJ'), ('issues', 'NNS'), ('during', 'IN'), ('our', 'PRP$'), ('stay', 'NN'), ('that', 'WDT'), ('were', 'VBD'), ('never', 'RB'), ('resolved', 'VBN'), ('.', '.'), ('The', 'DT'), ('entire', 'JJ'), ('apartment', 'NN'), ('was', 'VBD'), ('not', 'RB'), ('as', 'RB'), ('clean', 'JJ'), ('as', 'IN'), ('the', 'DT'), ('photos', 'NN'), ('suggested', 'VBD'), ('.', '.')]","['RB', 'IN', 'DT', 'NN', '.', 'PRP', 'VBD', 'JJ', 'NNS', 'IN', 'PRP$', 'NN', 'WDT', 'VBD', 'RB', 'VBN', '.', 'DT', 'JJ', 'NN', 'VBD', 'RB', 'RB', 'JJ', 'IN', 'DT', 'NN', 'VBD', '.']"
273361538,"Highly recommend this place! Great location in City Of Kogarah, close to everything we needed in Sydney. Our superhost was super responsive and easy to communicate with. Check-in was smooth and the amenities were exactly what we needed.","[('Highly', 'RB'), ('recommend', 'VB'), ('this', 'DT'), ('place', 'NN'), ('!', '.'), ('Great', 'NNP'), ('location', 'NN'), ('in', 'IN'), ('City', 'NNP'), ('Of', 'IN'), ('Kogarah', 'NNP'), (',', ','), ('close', 'RB'), ('to', 'TO'), ('everything', 'NN'), ('we', 'PRP'), ('needed', 'VBD'), ('in', 'IN'), ('Sydney', 'NNP'), ('.', '.'), ('Our', 'PRP$'), ('superhost', 'NN'), ('was', 'VBD'), ('super', 'JJ'), ('responsive', 'NN'), ('and', 'CC'), ('easy', 'JJ'), ('to', 'TO'), ('communicate', 'VB'), ('with', 'IN'), ('.', '.'), ('Check-in', 'NNP'), ('was', 'VBD'), ('smooth', 'JJ'), ('and', 'CC'), ('the', 'DT'), ('amenities', 'NNS'), ('were', 'VBD'), ('exactly', 'RB'), ('what', 'WP'), ('we', 'PRP'), ('needed', 'VBD'), ('.', '.')]","['RB', 'VB', 'DT', 'NN', '.', 'NNP', 'NN', 'IN', 'NNP', 'IN', 'NNP', ',', 'RB', 'TO', 'NN', 'PRP', 'VBD', 'IN', 'NNP', '.', 'PRP$', 'NN', 'VBD', 'JJ', 'NN', 'CC', 'JJ', 'TO', 'VB', 'IN', '.', 'NNP', 'VBD', 'JJ', 'CC', 'DT', 'NNS', 'VBD', 'RB', 'WP', 'PRP', 'VBD', '.']"
13404635,Decent stay overall. It served its purpose for our stay in Rome.,"[('Decent', 'NNP'), ('stay', 'NN'), ('overall', 'RB'), ('.', '.'), ('It', 'PRP'), ('served', 'VBD'), ('its', 'PRP$'), ('purpose', 'NN'), ('for', 'IN'), ('our', 'PRP$'), ('stay', 'NN'), ('in', 'IN'), ('Rome', 'NNP'), ('.', '.')]","['NNP', 'NN', 'RB', '.', 'PRP', 'VBD', 'PRP$', 'NN', 'IN', 'PRP$', 'NN', 'IN', 'NNP', '.']"
146217853,We had a rough experience. Check-in was confusing and delayed our arrival in Rome. The entire apartment was not as clean as the photos suggested. The location in I Centro Storico was noisier than expected.,"[('We', 'PRP'), ('had', 'VBD'), ('a', 'DT'), ('rough', 'JJ'), ('experience', 'NN'), ('.', '.'), ('Check-in', 'NNP'), ('was', 'VBD'), ('confusing', 'VBG'), ('and', 'CC'), ('delayed', 'VB'), ('our', 'PRP$'), ('arrival', 'NN'), ('in', 'IN'), ('Rome', 'NNP'), ('.', '.'), ('The', 'DT'), ('entire', 'JJ'), ('apartment', 'NN'), ('was', 'VBD'), ('not', 'RB'), ('as', 'RB'), ('clean', 'JJ'), ('as', 'IN'), ('the', 'DT'), ('photos', 'NN'), ('suggested', 'VBD'), ('.', '.'), ('The', 'DT'), ('location', 'NN'), ('in', 'IN'), ('I', 'PRP'), ('Centro', 'NNP'), ('Storico', 'NNP'), ('was', 'VBD'), ('noisier', 'JJR'), ('than', 'IN'), ('expected', 'VBN'), ('.', '.')]","['PRP', 'VBD', 'DT', 'JJ', 'NN', '.', 'NNP', 'VBD', 'VBG', 'CC', 'VB', 'PRP$', 'NN', 'IN', 'NNP', '.', 'DT', 'JJ', 'NN', 'VBD', 'RB', 'RB', 'JJ', 'IN', 'DT', 'NN', 'VBD', '.', 'DT', 'NN', 'IN', 'PRP', 'NNP', 'NNP', 'VBD', 'JJR', 'IN', 'VBN', '.']"
88522455,It was okay for the price. The entire apartment was fine but a little smaller than expected. It served its purpose for our stay in Rome.,"[('It', 'PRP'), ('was', 'VBD'), ('okay', 'VBN'), ('for', 'IN'), ('the', 'DT'), ('price', 'NN'), ('.', '.'), ('The', 'DT'), ('entire', 'JJ'), ('apartment', 'NN'), ('was', 'VBD'), ('fine', 'JJ'), ('but', 'CC'), ('a', 'DT'), ('little', 'JJ'), ('smaller', 'JJR'), ('than', 'IN'), ('expected', 'VBN'), ('.', '.'), ('It', 'PRP'), ('served', 'VBD'), ('its', 'PRP$'), ('purpose', 'NN'), ('for', 'IN'), ('our', 'PRP$'), ('stay', 'NN'), ('in', 'IN'), ('Rome', 'NNP'), ('.', '.')]","['PRP', 'VBD', 'VBN', 'IN', 'DT', 'NN', '.', 'DT', 'JJ', 'NN', 'VBD', 'JJ', 'CC', 'DT', 'JJ', 'JJR', 'IN', 'VBN', '.', 'PRP', 'VBD', 'PRP$', 'NN', 'IN', 'PRP$', 'NN', 'IN', 'NNP', '.']"
227072920,Loved every minute of it. The private room in apartment was spotless and exactly as described. Check-in was smooth and the amenities were exactly what we needed.,"[('Loved', 'VBN'), ('every', 'DT'), ('minute', 'NN'), ('of', 'IN'), ('it', 'PRP'), ('.', '.'), ('The', 'DT'), ('private', 'JJ'), ('room', 'NN'), ('in', 'IN'), ('apartment', 'NN'), ('was', 'VBD'), ('spotless', 'JJ'), ('and', 'CC'), ('exactly', 'RB'), ('as', 'IN'), ('described', 'VBN'), ('.', '.'), ('Check-in', 'NNP'), ('was', 'VBD'), ('smooth', 'JJ'), ('and', 'CC'), ('the', 'DT'), ('amenities', 'NNS'), ('were', 'VBD'), ('exactly', 'RB'), ('what', 'WP'), ('we', 'PRP'), ('needed', 'VBD'), ('.', '.')]","['VBN', 'DT', 'NN', 'IN', 'PRP', '.', 'DT', 'JJ', 'NN', 'IN', 'NN', 'VBD', 'JJ', 'CC', 'RB', 'IN', 'VBN', '.', 'NNP', 'VBD', 'JJ', 'CC', 'DT', 'NNS', 'VBD', 'RB', 'WP', 'PRP', 'VBD', '.']"
581188577,Wonderful experience. Check-in was smooth and the amenities were exactly what we needed. We would definitely book this entire apartment again.,"[('Wonderful', 'JJ'), ('experience', 'NN'), ('.', '.'), ('Check-in', 'NNP'), ('was', 'VBD'), ('smooth', 'JJ'), ('and', 'CC'), ('the', 'DT'), ('amenities', 'NNS'), ('were', 'VBD'), ('exactly', 'RB'), ('what', 'WP'), ('we', 'PRP'), ('needed', 'VBD'), ('.', '.'), ('We', 'PRP'), ('would', 'MD'), ('definitely', 'RB'), ('book', 'NN'), ('this', 'DT'), ('entire', 'JJ'), ('apartment', 'NN'), ('again', 'RB'), ('.', '.')]","['JJ', 'NN', '.', 'NNP', 'VBD', 'JJ', 'CC', 'DT', 'NNS', 'VBD', 'RB', 'WP', 'PRP', 'VBD', '.', 'PRP', 'MD', 'RB', 'NN', 'DT', 'JJ', 'NN', 'RB', '.']"
638011490,Perfect for our trip. The entire apartment was spotless and exactly as described. The host was super responsive and easy to communicate with. We would definitely book this entire apartment again.,"[('Perfect', 'NN'), ('for', 'IN'), ('our', 'PRP$'), ('trip', 'NN'), ('.', '.'), ('The', 'DT'), ('entire', 'JJ'), ('apartment', 'NN'), ('was', 'VBD'), ('spotless', 'JJ'), ('and', 'CC'), ('exactly', 'RB'), ('as', 'IN'), ('described', 'VBN'), ('.', '.'), ('The', 'DT'), ('host', 'NN'), ('was', 'VBD'), ('super', 'JJ'), ('responsive', 'NN'), ('and', 'CC'), ('easy', 'JJ'), ('to', 'TO'), ('communicate', 'VB'), ('with', 'IN'), ('.', '.'), ('We', 'PRP'), ('would', 'MD'), ('definitely', 'RB'), ('book', 'NN'), ('this', 'DT'), ('entire', 'JJ'), ('apartment', 'NN'), ('again', 'RB'), ('.', '.')]","['NN', 'IN', 'PRP$', 'NN', '.', 'DT', 'JJ', 'NN', 'VBD', 'JJ', 'CC', 'RB', 'IN', 'VBN', '.', 'DT', 'NN', 'VBD', 'JJ', 'NN', 'CC', 'JJ', 'TO', 'VB', 'IN', '.', 'PRP', 'MD', 'RB', 'NN', 'DT', 'JJ', 'NN', 'RB', '.']"
546818233,"Decent stay overall. Some things could be improved, like cleanliness in the entire apartment.","[('Decent', 'NNP'), ('stay', 'NN'), ('overall', 'RB'), ('.', '.'), ('Some', 'DT'), ('things', 'NNS'), ('could', 'MD'), ('be', 'VB'), ('improved', 'VBN'), (',', ','), ('like', 'IN'), ('cleanliness', 'NN'), ('in', 'IN'), ('the', 'DT'), ('entire', 'JJ'), ('apartment', 'NN'), ('.', '.')]","['NNP', 'NN', 'RB', '.', 'DT', 'NNS', 'MD', 'VB', 'VBN', ',', 'IN', 'NN', 'IN', 'DT', 'JJ', 'NN', '.']"
553341156,Below our expectations. Our superhost was difficult to reach when we had issues. We had several issues during our stay that were never resolved.,"[('Below', 'IN'), ('our', 'PRP$'), ('expectations', 'NNS'), ('.', '.'), ('Our', 'PRP$'), ('superhost', 'NN'), ('was', 'VBD'), ('difficult', 'JJ'), ('to', 'TO'), ('reach', 'VB'), ('when', 'WRB'), ('we', 'PRP'), ('had', 'VBD'), ('issues', 'NNS'), ('.', '.'), ('We', 'PRP'), ('had', 'VBD'), ('several', 'JJ'), ('issues', 'NNS'), ('during', 'IN'), ('our', 'PRP$'), ('stay', 'NN'), ('that', 'WDT'), ('were', 'VBD'), ('never', 'RB'), ('resolved', 'VBN'), ('.', '.')]","['IN', 'PRP$', 'NNS', '.', 'PRP$', 'NN', 'VBD', 'JJ', 'TO', 'VB', 'WRB', 'PRP', 'VBD', 'NNS', '.', 'PRP', 'VBD', 'JJ', 'NNS', 'IN', 'PRP$', 'NN', 'WDT', 'VBD', 'RB', 'VBN', '.']"
99213800,Reasonable for a short trip. It served its purpose for our stay in Cape Town.,"[('Reasonable', 'JJ'), ('for', 'IN'), ('a', 'DT'), ('short', 'JJ'), ('trip', 'NN'), ('.', '.'), ('It', 'PRP'), ('served', 'VBD'), ('its', 'PRP$'), ('purpose', 'NN'), ('for', 'IN'), ('our', 'PRP$'), ('stay', 'NN'), ('in', 'IN'), ('Cape', 'NNP'), ('Town', 'NNP'), ('.', '.')]","['JJ', 'IN', 'DT', 'JJ', 'NN', '.', 'PRP', 'VBD', 'PRP$', 'NN', 'IN', 'PRP$', 'NN', 'IN', 'NNP', 'NNP', '.']"
299877999,"Amazing stay! The place felt very cozy for 4 guests. Great location in Manly, close to everything we needed in Sydney.","[('Amazing', 'VBG'), ('stay', 'NN'), ('!', '.'), ('The', 'DT'), ('place', 'NN'), ('felt', 'VBD'), ('very', 'RB'), ('cozy', 'JJ'), ('for', 'IN'), ('4', 'CD'), ('guests', 'NNS'), ('.', '.'), ('Great', 'NNP'), ('location', 'NN'), ('in', 'IN'), ('Manly', 'NNP'), (',', ','), ('close', 'RB'), ('to', 'TO'), ('everything', 'NN'), ('we', 'PRP'), ('needed', 'VBD'), ('in', 'IN'), ('Sydney', 'NNP'), ('.', '.')]","['VBG', 'NN', '.', 'DT', 'NN', 'VBD', 'RB', 'JJ', 'IN', 'CD', 'NNS', '.', 'NNP', 'NN', 'IN', 'NNP', ',', 'RB', 'TO', 'NN', 'PRP', 'VBD', 'IN', 'NNP', '.']"
593503504,Not worth the price. Check-in was confusing and delayed our arrival in Istanbul. The location in Beyoglu was noisier than expected.,"[('Not', 'RB'), ('worth', 'IN'), ('the', 'DT'), ('price', 'NN'), ('.', '.'), ('Check-in', 'NNP'), ('was', 'VBD'), ('confusing', 'VBG'), ('and', 'CC'), ('delayed', 'VB'), ('our', 'PRP$'), ('arrival', 'NN'), ('in', 'IN'), ('Istanbul', 'NNP'), ('.', '.'), ('The', 'DT'), ('location', 'NN'), ('in', 'IN'), ('Beyoglu', 'NNP'), ('was', 'VBD'), ('noisier', 'JJR'), ('than', 'IN'), ('expected', 'VBN'), ('.', '.')]","['RB', 'IN', 'DT', 'NN', '.', 'NNP', 'VBD', 'VBG', 'CC', 'VB', 'PRP$', 'NN', 'IN', 'NNP', '.', 'DT', 'NN', 'IN', 'NNP', 'VBD', 'JJR', 'IN', 'VBN', '.']"
490840351,Disappointing stay. Check-in was confusing and delayed our arrival in Rome. We had several issues during our stay that were never resolved.,"[('Disappointing', 'VBG'), ('stay', 'NN'), ('.', '.'), ('Check-in', 'NNP'), ('was', 'VBD'), ('confusing', 'VBG'), ('and', 'CC'), ('delayed', 'VB'), ('our', 'PRP$'), ('arrival', 'NN'), ('in', 'IN'), ('Rome', 'NNP'), ('.', '.'), ('We', 'PRP'), ('had', 'VBD'), ('several', 'JJ'), ('issues', 'NNS'), ('during', 'IN'), ('our', 'PRP$'), ('stay', 'NN'), ('that', 'WDT'), ('were', 'VBD'), ('never', 'RB'), ('resolved', 'VBN'), ('.', '.')]","['VBG', 'NN', '.', 'NNP', 'VBD', 'VBG', 'CC', 'VB', 'PRP$', 'NN', 'IN', 'NNP', '.', 'PRP', 'VBD', 'JJ', 'NNS', 'IN', 'PRP$', 'NN', 'WDT', 'VBD', 'RB', 'VBN', '.']"
356496303,Amazing stay! The private room in apartment was spotless and exactly as described. The place felt very cozy for 4 guests.,"[('Amazing', 'VBG'), ('stay', 'NN'), ('!', '.'), ('The', 'DT'), ('private', 'JJ'), ('room', 'NN'), ('in', 'IN'), ('apartment', 'NN'), ('was', 'VBD'), ('spotless', 'JJ'), ('and', 'CC'), ('exactly', 'RB'), ('as', 'IN'), ('described', 'VBN'), ('.', '.'), ('The', 'DT'), ('place', 'NN'), ('felt', 'VBD'), ('very', 'RB'), ('cozy', 'JJ'), ('for', 'IN'), ('4', 'CD'), ('guests', 'NNS'), ('.', '.')]","['VBG', 'NN', '.', 'DT', 'JJ', 'NN', 'IN', 'NN', 'VBD', 'JJ', 'CC', 'RB', 'IN', 'VBN', '.', 'DT', 'NN', 'VBD', 'RB', 'JJ', 'IN', 'CD', 'NNS', '.']"
419660542,It was okay for the price. The entire apartment was fine but a little smaller than expected.,"[('It', 'PRP'), ('was', 'VBD'), ('okay', 'VBN'), ('for', 'IN'), ('the', 'DT'), ('price', 'NN'), ('.', '.'), ('The', 'DT'), ('entire', 'JJ'), ('apartment', 'NN'), ('was', 'VBD'), ('fine', 'JJ'), ('but', 'CC'), ('a', 'DT'), ('little', 'JJ'), ('smaller', 'JJR'), ('than', 'IN'), ('expected', 'VBN'), ('.', '.')]","['PRP', 'VBD', 'VBN', 'IN', 'DT', 'NN', '.', 'DT', 'JJ', 'NN', 'VBD', 'JJ', 'CC', 'DT', 'JJ', 'JJR', 'IN', 'VBN', '.']"
257602798,An average experience. Our superhost was polite but slow to respond a couple of times. The entire apartment was fine but a little smaller than expected.,"[('An', 'DT'), ('average', 'JJ'), ('experience', 'NN'), ('.', '.'), ('Our', 'PRP$'), ('superhost', 'NN'), ('was', 'VBD'), ('polite', 'JJ'), ('but', 'CC'), ('slow', 'JJ'), ('to', 'TO'), ('respond', 'VB'), ('a', 'DT'), ('couple', 'NN'), ('of', 'IN'), ('times', 'NNS'), ('.', '.'), ('The', 'DT'), ('entire', 'JJ'), ('apartment', 'NN'), ('was', 'VBD'), ('fine', 'JJ'), ('but', 'CC'), ('a', 'DT'), ('little', 'JJ'), ('smaller', 'JJR'), ('than', 'IN'), ('expected', 'VBN'), ('.', '.')]","['DT', 'JJ', 'NN', '.', 'PRP$', 'NN', 'VBD', 'JJ', 'CC', 'JJ', 'TO', 'VB', 'DT', 'NN', 'IN', 'NNS', '.', 'DT', 'JJ', 'NN', 'VBD', 'JJ', 'CC', 'DT', 'JJ', 'JJR', 'IN', 'VBN', '.']"
69995103,Wonderful experience. The entire apartment was spotless and exactly as described. Check-in was smooth and the amenities were exactly what we needed. We would definitely book this entire apartment again.,"[('Wonderful', 'JJ'), ('experience', 'NN'), ('.', '.'), ('The', 'DT'), ('entire', 'JJ'), ('apartment', 'NN'), ('was', 'VBD'), ('spotless', 'JJ'), ('and', 'CC'), ('exactly', 'RB'), ('as', 'IN'), ('described', 'VBN'), ('.', '.'), ('Check-in', 'NNP'), ('was', 'VBD'), ('smooth', 'JJ'), ('and', 'CC'), ('the', 'DT'), ('amenities', 'NNS'), ('were', 'VBD'), ('exactly', 'RB'), ('what', 'WP'), ('we', 'PRP'), ('needed', 'VBD'), ('.', '.'), ('We', 'PRP'), ('would', 'MD'), ('definitely', 'RB'), ('book', 'NN'), ('this', 'DT'), ('entire', 'JJ'), ('apartment', 'NN'), ('again', 'RB'), ('.', '.')]","['JJ', 'NN', '.', 'DT', 'JJ', 'NN', 'VBD', 'JJ', 'CC', 'RB', 'IN', 'VBN', '.', 'NNP', 'VBD', 'JJ', 'CC', 'DT', 'NNS', 'VBD', 'RB', 'WP', 'PRP', 'VBD', '.', 'PRP', 'MD', 'RB', 'NN', 'DT', 'JJ', 'NN', 'RB', '.']"
412144910,"Wonderful experience. Check-in was smooth and the amenities were exactly what we needed. Great location in Sydney, close to everything we needed in Sydney. The place felt very cozy for 5 guests.","[('Wonderful', 'JJ'), ('experience', 'NN'), ('.', '.'), ('Check-in', 'NNP'), ('was', 'VBD'), ('smooth', 'JJ'), ('and', 'CC'), ('the', 'DT'), ('amenities', 'NNS'), ('were', 'VBD'), ('exactly', 'RB'), ('what', 'WP'), ('we', 'PRP'), ('needed', 'VBD'), ('.', '.'), ('Great', 'NNP'), ('location', 'NN'), ('in', 'IN'), ('Sydney', 'NNP'), (',', ','), ('close', 'RB'), ('to', 'TO'), ('everything', 'NN'), ('we', 'PRP'), ('needed', 'VBD'), ('in', 'IN'), ('Sydney', 'NNP'), ('.', '.'), ('The', 'DT'), ('place', 'NN'), ('felt', 'VBD'), ('very', 'RB'), ('cozy', 'JJ'), ('for', 'IN'), ('5', 'CD'), ('guests', 'NNS'), ('.', '.')]","['JJ', 'NN', '.', 'NNP', 'VBD', 'JJ', 'CC', 'DT', 'NNS', 'VBD', 'RB', 'WP', 'PRP', 'VBD', '.', 'NNP', 'NN', 'IN', 'NNP', ',', 'RB', 'TO', 'NN', 'PRP', 'VBD', 'IN', 'NNP', '.', 'DT', 'NN', 'VBD', 'RB', 'JJ', 'IN', 'CD', 'NNS', '.']"
559013486,Decent stay overall. Location in Benito Juarez was convenient enough.,"[('Decent', 'NNP'), ('stay', 'NN'), ('overall', 'RB'), ('.', '.'), ('Location', 'NN'), ('in', 'IN'), ('Benito', 'NNP'), ('Juarez', 'NNP'), ('was', 'VBD'), ('convenient', 'JJ'), ('enough', 'RB'), ('.', '.')]","['NNP', 'NN', 'RB', '.', 'NN', 'IN', 'NNP', 'NNP', 'VBD', 'JJ', 'RB', '.']"
218639361,"An average experience. It served its purpose for our stay in Bangkok. Some things could be improved, like cleanliness in the private room in house.","[('An', 'DT'), ('average', 'JJ'), ('experience', 'NN'), ('.', '.'), ('It', 'PRP'), ('served', 'VBD'), ('its', 'PRP$'), ('purpose', 'NN'), ('for', 'IN'), ('our', 'PRP$'), ('stay', 'NN'), ('in', 'IN'), ('Bangkok', 'NNP'), ('.', '.'), ('Some', 'DT'), ('things', 'NNS'), ('could', 'MD'), ('be', 'VB'), ('improved', 'VBN'), (',', ','), ('like', 'IN'), ('cleanliness', 'NN'), ('in', 'IN'), ('the', 'DT'), ('private', 'JJ'), ('room', 'NN'), ('in', 'IN'), ('house', 'NN'), ('.', '.')]","['DT', 'JJ', 'NN', '.', 'PRP', 'VBD', 'PRP$', 'NN', 'IN', 'PRP$', 'NN', 'IN', 'NNP', '.', 'DT', 'NNS', 'MD', 'VB', 'VBN', ',', 'IN', 'NN', 'IN', 'DT', 'JJ', 'NN', 'IN', 'NN', '.']"
325716443,Would not recommend. Our superhost was difficult to reach when we had issues. The location in Joa was noisier than expected.,"[('Would', 'MD'), ('not', 'RB'), ('recommend', 'VB'), ('.', '.'), ('Our', 'PRP$'), ('superhost', 'NN'), ('was', 'VBD'), ('difficult', 'JJ'), ('to', 'TO'), ('reach', 'VB'), ('when', 'WRB'), ('we', 'PRP'), ('had', 'VBD'), ('issues', 'NNS'), ('.', '.'), ('The', 'DT'), ('location', 'NN'), ('in', 'IN'), ('Joa', 'NNP'), ('was', 'VBD'), ('noisier', 'JJR'), ('than', 'IN'), ('expected', 'VBN'), ('.', '.')]","['MD', 'RB', 'VB', '.', 'PRP$', 'NN', 'VBD', 'JJ', 'TO', 'VB', 'WRB', 'PRP', 'VBD', 'NNS', '.', 'DT', 'NN', 'IN', 'NNP', 'VBD', 'JJR', 'IN', 'VBN', '.']"
718536507,"Highly recommend this place! Great location in Sydney, close to everything we needed in Sydney. We would definitely book this entire house again.","[('Highly', 'RB'), ('recommend', 'VB'), ('this', 'DT'), ('place', 'NN'), ('!', '.'), ('Great', 'NNP'), ('location', 'NN'), ('in', 'IN'), ('Sydney', 'NNP'), (',', ','), ('close', 'RB'), ('to', 'TO'), ('everything', 'NN'), ('we', 'PRP'), ('needed', 'VBD'), ('in', 'IN'), ('Sydney', 'NNP'), ('.', '.'), ('We', 'PRP'), ('would', 'MD'), ('definitely', 'RB'), ('book', 'NN'), ('this', 'DT'), ('entire', 'JJ'), ('house', 'NN'), ('again', 'RB'), ('.', '.')]","['RB', 'VB', 'DT', 'NN', '.', 'NNP', 'NN', 'IN', 'NNP', ',', 'RB', 'TO', 'NN', 'PRP', 'VBD', 'IN', 'NNP', '.', 'PRP', 'MD', 'RB', 'NN', 'DT', 'JJ', 'NN', 'RB', '.']"
323014047,"It was okay for the price. Some things could be improved, like cleanliness in the private room in apartment.","[('It', 'PRP'), ('was', 'VBD'), ('okay', 'VBN'), ('for', 'IN'), ('the', 'DT'), ('price', 'NN'), ('.', '.'), ('Some', 'DT'), ('things', 'NNS'), ('could', 'MD'), ('be', 'VB'), ('improved', 'VBN'), (',', ','), ('like', 'IN'), ('cleanliness', 'NN'), ('in', 'IN'), ('the', 'DT'), ('private', 'JJ'), ('room', 'NN'), ('in', 'IN'), ('apartment', 'NN'), ('.', '.')]","['PRP', 'VBD', 'VBN', 'IN', 'DT', 'NN', '.', 'DT', 'NNS', 'MD', 'VB', 'VBN', ',', 'IN', 'NN', 'IN', 'DT', 'JJ', 'NN', 'IN', 'NN', '.']"
50018245,"An average experience. Some things could be improved, like cleanliness in the private room in apartment.","[('An', 'DT'), ('average', 'JJ'), ('experience', 'NN'), ('.', '.'), ('Some', 'DT'), ('things', 'NNS'), ('could', 'MD'), ('be', 'VB'), ('improved', 'VBN'), (',', ','), ('like', 'IN'), ('cleanliness', 'NN'), ('in', 'IN'), ('the', 'DT'), ('private', 'JJ'), ('room', 'NN'), ('in', 'IN'), ('apartment', 'NN'), ('.', '.')]","['DT', 'JJ', 'NN', '.', 'DT', 'NNS', 'MD', 'VB', 'VBN', ',', 'IN', 'NN', 'IN', 'DT', 'JJ', 'NN', 'IN', 'NN', '.']"
413692397,"Nothing special, but fine. Our superhost was polite but slow to respond a couple of times.","[('Nothing', 'VBG'), ('special', 'JJ'), (',', ','), ('but', 'CC'), ('fine', 'JJ'), ('.', '.'), ('Our', 'PRP$'), ('superhost', 'NN'), ('was', 'VBD'), ('polite', 'JJ'), ('but', 'CC'), ('slow', 'JJ'), ('to', 'TO'), ('respond', 'VB'), ('a', 'DT'), ('couple', 'NN'), ('of', 'IN'), ('times', 'NNS'), ('.', '.')]","['VBG', 'JJ', ',', 'CC', 'JJ', '.', 'PRP$', 'NN', 'VBD', 'JJ', 'CC', 'JJ', 'TO', 'VB', 'DT', 'NN', 'IN', 'NNS', '.']"
186395448,Below our expectations. Check-in was confusing and delayed our arrival in Rome. We had several issues during our stay that were never resolved.,"[('Below', 'IN'), ('our', 'PRP$'), ('expectations', 'NNS'), ('.', '.'), ('Check-in', 'NNP'), ('was', 'VBD'), ('confusing', 'VBG'), ('and', 'CC'), ('delayed', 'VB'), ('our', 'PRP$'), ('arrival', 'NN'), ('in', 'IN'), ('Rome', 'NNP'), ('.', '.'), ('We', 'PRP'), ('had', 'VBD'), ('several', 'JJ'), ('issues', 'NNS'), ('during', 'IN'), ('our', 'PRP$'), ('stay', 'NN'), ('that', 'WDT'), ('were', 'VBD'), ('never', 'RB'), ('resolved', 'VBN'), ('.', '.')]","['IN', 'PRP$', 'NNS', '.', 'NNP', 'VBD', 'VBG', 'CC', 'VB', 'PRP$', 'NN', 'IN', 'NNP', '.', 'PRP', 'VBD', 'JJ', 'NNS', 'IN', 'PRP$', 'NN', 'WDT', 'VBD', 'RB', 'VBN', '.']"
569805920,Decent stay overall. It served its purpose for our stay in Mexico City.,"[('Decent', 'NNP'), ('stay', 'NN'), ('overall', 'RB'), ('.', '.'), ('It', 'PRP'), ('served', 'VBD'), ('its', 'PRP$'), ('purpose', 'NN'), ('for', 'IN'), ('our', 'PRP$'), ('stay', 'NN'), ('in', 'IN'), ('Mexico', 'NNP'), ('City', 'NNP'), ('.', '.')]","['NNP', 'NN', 'RB', '.', 'PRP', 'VBD', 'PRP$', 'NN', 'IN', 'PRP$', 'NN', 'IN', 'NNP', 'NNP', '.']"
14232708,We had a rough experience. We had several issues during our stay that were never resolved. The private room in apartment was not as clean as the photos suggested.,"[('We', 'PRP'), ('had', 'VBD'), ('a', 'DT'), ('rough', 'JJ'), ('experience', 'NN'), ('.', '.'), ('We', 'PRP'), ('had', 'VBD'), ('several', 'JJ'), ('issues', 'NNS'), ('during', 'IN'), ('our', 'PRP$'), ('stay', 'NN'), ('that', 'WDT'), ('were', 'VBD'), ('never', 'RB'), ('resolved', 'VBN'), ('.', '.'), ('The', 'DT'), ('private', 'JJ'), ('room', 'NN'), ('in', 'IN'), ('apartment', 'NN'), ('was', 'VBD'), ('not', 'RB'), ('as', 'RB'), ('clean', 'JJ'), ('as', 'IN'), ('the', 'DT'), ('photos', 'NN'), ('suggested', 'VBD'), ('.', '.')]","['PRP', 'VBD', 'DT', 'JJ', 'NN', '.', 'PRP', 'VBD', 'JJ', 'NNS', 'IN', 'PRP$', 'NN', 'WDT', 'VBD', 'RB', 'VBN', '.', 'DT', 'JJ', 'NN', 'IN', 'NN', 'VBD', 'RB', 'RB', 'JJ', 'IN', 'DT', 'NN', 'VBD', '.']"
524073869,We had a rough experience. Check-in was confusing and delayed our arrival in Rome. We had several issues during our stay that were never resolved.,"[('We', 'PRP'), ('had', 'VBD'), ('a', 'DT'), ('rough', 'JJ'), ('experience', 'NN'), ('.', '.'), ('Check-in', 'NNP'), ('was', 'VBD'), ('confusing', 'VBG'), ('and', 'CC'), ('delayed', 'VB'), ('our', 'PRP$'), ('arrival', 'NN'), ('in', 'IN'), ('Rome', 'NNP'), ('.', '.'), ('We', 'PRP'), ('had', 'VBD'), ('several', 'JJ'), ('issues', 'NNS'), ('during', 'IN'), ('our', 'PRP$'), ('stay', 'NN'), ('that', 'WDT'), ('were', 'VBD'), ('never', 'RB'), ('resolved', 'VBN'), ('.', '.')]","['PRP', 'VBD', 'DT', 'JJ', 'NN', '.', 'NNP', 'VBD', 'VBG', 'CC', 'VB', 'PRP$', 'NN', 'IN', 'NNP', '.', 'PRP', 'VBD', 'JJ', 'NNS', 'IN', 'PRP$', 'NN', 'WDT', 'VBD', 'RB', 'VBN', '.']"
432521272,It was okay for the price. The entire apartment was fine but a little smaller than expected. It served its purpose for our stay in Rome.,"[('It', 'PRP'), ('was', 'VBD'), ('okay', 'VBN'), ('for', 'IN'), ('the', 'DT'), ('price', 'NN'), ('.', '.'), ('The', 'DT'), ('entire', 'JJ'), ('apartment', 'NN'), ('was', 'VBD'), ('fine', 'JJ'), ('but', 'CC'), ('a', 'DT'), ('little', 'JJ'), ('smaller', 'JJR'), ('than', 'IN'), ('expected', 'VBN'), ('.', '.'), ('It', 'PRP'), ('served', 'VBD'), ('its', 'PRP$'), ('purpose', 'NN'), ('for', 'IN'), ('our', 'PRP$'), ('stay', 'NN'), ('in', 'IN'), ('Rome', 'NNP'), ('.', '.')]","['PRP', 'VBD', 'VBN', 'IN', 'DT', 'NN', '.', 'DT', 'JJ', 'NN', 'VBD', 'JJ', 'CC', 'DT', 'JJ', 'JJR', 'IN', 'VBN', '.', 'PRP', 'VBD', 'PRP$', 'NN', 'IN', 'PRP$', 'NN', 'IN', 'NNP', '.']"
512860396,Not worth the price. Our superhost was difficult to reach when we had issues. We had several issues during our stay that were never resolved.,"[('Not', 'RB'), ('worth', 'IN'), ('the', 'DT'), ('price', 'NN'), ('.', '.'), ('Our', 'PRP$'), ('superhost', 'NN'), ('was', 'VBD'), ('difficult', 'JJ'), ('to', 'TO'), ('reach', 'VB'), ('when', 'WRB'), ('we', 'PRP'), ('had', 'VBD'), ('issues', 'NNS'), ('.', '.'), ('We', 'PRP'), ('had', 'VBD'), ('several', 'JJ'), ('issues', 'NNS'), ('during', 'IN'), ('our', 'PRP$'), ('stay', 'NN'), ('that', 'WDT'), ('were', 'VBD'), ('never', 'RB'), ('resolved', 'VBN'), ('.', '.')]","['RB', 'IN', 'DT', 'NN', '.', 'PRP$', 'NN', 'VBD', 'JJ', 'TO', 'VB', 'WRB', 'PRP', 'VBD', 'NNS', '.', 'PRP', 'VBD', 'JJ', 'NNS', 'IN', 'PRP$', 'NN', 'WDT', 'VBD', 'RB', 'VBN', '.']"
199005302,"Nothing special, but fine. The host was polite but slow to respond a couple of times.","[('Nothing', 'VBG'), ('special', 'JJ'), (',', ','), ('but', 'CC'), ('fine', 'JJ'), ('.', '.'), ('The', 'DT'), ('host', 'NN'), ('was', 'VBD'), ('polite', 'JJ'), ('but', 'CC'), ('slow', 'JJ'), ('to', 'TO'), ('respond', 'VB'), ('a', 'DT'), ('couple', 'NN'), ('of', 'IN'), ('times', 'NNS'), ('.', '.')]","['VBG', 'JJ', ',', 'CC', 'JJ', '.', 'DT', 'NN', 'VBD', 'JJ', 'CC', 'JJ', 'TO', 'VB', 'DT', 'NN', 'IN', 'NNS', '.']"
634257699,Not worth the price. The host was difficult to reach when we had issues. The location in Hell's Kitchen was noisier than expected. Check-in was confusing and delayed our arrival in New York.,"[('Not', 'RB'), ('worth', 'IN'), ('the', 'DT'), ('price', 'NN'), ('.', '.'), ('The', 'DT'), ('host', 'NN'), ('was', 'VBD'), ('difficult', 'JJ'), ('to', 'TO'), ('reach', 'VB'), ('when', 'WRB'), ('we', 'PRP'), ('had', 'VBD'), ('issues', 'NNS'), ('.', '.'), ('The', 'DT'), ('location', 'NN'), ('in', 'IN'), ('Hell', 'NNP'), (""'s"", 'POS'), ('Kitchen', 'NNP'), ('was', 'VBD'), ('noisier', 'JJR'), ('than', 'IN'), ('expected', 'VBN'), ('.', '.'), ('Check-in', 'NNP'), ('was', 'VBD'), ('confusing', 'VBG'), ('and', 'CC'), ('delayed', 'VB'), ('our', 'PRP$'), ('arrival', 'NN'), ('in', 'IN'), ('New', 'NNP'), ('York', 'NNP'), ('.', '.')]","['RB', 'IN', 'DT', 'NN', '.', 'DT', 'NN', 'VBD', 'JJ', 'TO', 'VB', 'WRB', 'PRP', 'VBD', 'NNS', '.', 'DT', 'NN', 'IN', 'NNP', 'POS', 'NNP', 'VBD', 'JJR', 'IN', 'VBN', '.', 'NNP', 'VBD', 'VBG', 'CC', 'VB', 'PRP$', 'NN', 'IN', 'NNP', 'NNP', '.']"
571719170,"Reasonable for a short trip. Some things could be improved, like cleanliness in the private room in apartment.","[('Reasonable', 'JJ'), ('for', 'IN'), ('a', 'DT'), ('short', 'JJ'), ('trip', 'NN'), ('.', '.'), ('Some', 'DT'), ('things', 'NNS'), ('could', 'MD'), ('be', 'VB'), ('improved', 'VBN'), (',', ','), ('like', 'IN'), ('cleanliness', 'NN'), ('in', 'IN'), ('the', 'DT'), ('private', 'JJ'), ('room', 'NN'), ('in', 'IN'), ('apartment', 'NN'), ('.', '.')]","['JJ', 'IN', 'DT', 'JJ', 'NN', '.', 'DT', 'NNS', 'MD', 'VB', 'VBN', ',', 'IN', 'NN', 'IN', 'DT', 'JJ', 'NN', 'IN', 'NN', '.']"
464764579,"Highly recommend this place! The place felt very cozy for 2 guests. We would definitely book this private room in condominium again. Great location in I Centro Storico, close to everything we needed in Rome.","[('Highly', 'RB'), ('recommend', 'VB'), ('this', 'DT'), ('place', 'NN'), ('!', '.'), ('The', 'DT'), ('place', 'NN'), ('felt', 'VBD'), ('very', 'RB'), ('cozy', 'JJ'), ('for', 'IN'), ('2', 'CD'), ('guests', 'NNS'), ('.', '.'), ('We', 'PRP'), ('would', 'MD'), ('definitely', 'RB'), ('book', 'NN'), ('this', 'DT'), ('private', 'JJ'), ('room', 'NN'), ('in', 'IN'), ('condominium', 'NN'), ('again', 'RB'), ('.', '.'), ('Great', 'NNP'), ('location', 'NN'), ('in', 'IN'), ('I', 'PRP'), ('Centro', 'NNP'), ('Storico', 'NNP'), (',', ','), ('close', 'RB'), ('to', 'TO'), ('everything', 'NN'), ('we', 'PRP'), ('needed', 'VBD'), ('in', 'IN'), ('Rome', 'NNP'), ('.', '.')]","['RB', 'VB', 'DT', 'NN', '.', 'DT', 'NN', 'VBD', 'RB', 'JJ', 'IN', 'CD', 'NNS', '.', 'PRP', 'MD', 'RB', 'NN', 'DT', 'JJ', 'NN', 'IN', 'NN', 'RB', '.', 'NNP', 'NN', 'IN', 'PRP', 'NNP', 'NNP', ',', 'RB', 'TO', 'NN', 'PRP', 'VBD', 'IN', 'NNP', '.']"
621157134,Below our expectations. Check-in was confusing and delayed our arrival in Mexico City. We had several issues during our stay that were never resolved.,"[('Below', 'IN'), ('our', 'PRP$'), ('expectations', 'NNS'), ('.', '.'), ('Check-in', 'NNP'), ('was', 'VBD'), ('confusing', 'VBG'), ('and', 'CC'), ('delayed', 'VB'), ('our', 'PRP$'), ('arrival', 'NN'), ('in', 'IN'), ('Mexico', 'NNP'), ('City', 'NNP'), ('.', '.'), ('We', 'PRP'), ('had', 'VBD'), ('several', 'JJ'), ('issues', 'NNS'), ('during', 'IN'), ('our', 'PRP$'), ('stay', 'NN'), ('that', 'WDT'), ('were', 'VBD'), ('never', 'RB'), ('resolved', 'VBN'), ('.', '.')]","['IN', 'PRP$', 'NNS', '.', 'NNP', 'VBD', 'VBG', 'CC', 'VB', 'PRP$', 'NN', 'IN', 'NNP', 'NNP', '.', 'PRP', 'VBD', 'JJ', 'NNS', 'IN', 'PRP$', 'NN', 'WDT', 'VBD', 'RB', 'VBN', '.']"
110435766,"Nothing special, but fine. The private room in apartment was fine but a little smaller than expected. It served its purpose for our stay in Rome.","[('Nothing', 'VBG'), ('special', 'JJ'), (',', ','), ('but', 'CC'), ('fine', 'JJ'), ('.', '.'), ('The', 'DT'), ('private', 'JJ'), ('room', 'NN'), ('in', 'IN'), ('apartment', 'NN'), ('was', 'VBD'), ('fine', 'JJ'), ('but', 'CC'), ('a', 'DT'), ('little', 'JJ'), ('smaller', 'JJR'), ('than', 'IN'), ('expected', 'VBN'), ('.', '.'), ('It', 'PRP'), ('served', 'VBD'), ('its', 'PRP$'), ('purpose', 'NN'), ('for', 'IN'), ('our', 'PRP$'), ('stay', 'NN'), ('in', 'IN'), ('Rome', 'NNP'), ('.', '.')]","['VBG', 'JJ', ',', 'CC', 'JJ', '.', 'DT', 'JJ', 'NN', 'IN', 'NN', 'VBD', 'JJ', 'CC', 'DT', 'JJ', 'JJR', 'IN', 'VBN', '.', 'PRP', 'VBD', 'PRP$', 'NN', 'IN', 'PRP$', 'NN', 'IN', 'NNP', '.']"
315083070,It was okay for the price. The host was polite but slow to respond a couple of times.,"[('It', 'PRP'), ('was', 'VBD'), ('okay', 'VBN'), ('for', 'IN'), ('the', 'DT'), ('price', 'NN'), ('.', '.'), ('The', 'DT'), ('host', 'NN'), ('was', 'VBD'), ('polite', 'JJ'), ('but', 'CC'), ('slow', 'JJ'), ('to', 'TO'), ('respond', 'VB'), ('a', 'DT'), ('couple', 'NN'), ('of', 'IN'), ('times', 'NNS'), ('.', '.')]","['PRP', 'VBD', 'VBN', 'IN', 'DT', 'NN', '.', 'DT', 'NN', 'VBD', 'JJ', 'CC', 'JJ', 'TO', 'VB', 'DT', 'NN', 'IN', 'NNS', '.']"
440883045,We had a rough experience. The host was difficult to reach when we had issues. We had several issues during our stay that were never resolved. The entire apartment was not as clean as the photos suggested.,"[('We', 'PRP'), ('had', 'VBD'), ('a', 'DT'), ('rough', 'JJ'), ('experience', 'NN'), ('.', '.'), ('The', 'DT'), ('host', 'NN'), ('was', 'VBD'), ('difficult', 'JJ'), ('to', 'TO'), ('reach', 'VB'), ('when', 'WRB'), ('we', 'PRP'), ('had', 'VBD'), ('issues', 'NNS'), ('.', '.'), ('We', 'PRP'), ('had', 'VBD'), ('several', 'JJ'), ('issues', 'NNS'), ('during', 'IN'), ('our', 'PRP$'), ('stay', 'NN'), ('that', 'WDT'), ('were', 'VBD'), ('never', 'RB'), ('resolved', 'VBN'), ('.', '.'), ('The', 'DT'), ('entire', 'JJ'), ('apartment', 'NN'), ('was', 'VBD'), ('not', 'RB'), ('as', 'RB'), ('clean', 'JJ'), ('as', 'IN'), ('the', 'DT'), ('photos', 'NN'), ('suggested', 'VBD'), ('.', '.')]","['PRP', 'VBD', 'DT', 'JJ', 'NN', '.', 'DT', 'NN', 'VBD', 'JJ', 'TO', 'VB', 'WRB', 'PRP', 'VBD', 'NNS', '.', 'PRP', 'VBD', 'JJ', 'NNS', 'IN', 'PRP$', 'NN', 'WDT', 'VBD', 'RB', 'VBN', '.', 'DT', 'JJ', 'NN', 'VBD', 'RB', 'RB', 'JJ', 'IN', 'DT', 'NN', 'VBD', '.']"
617717709,"Highly recommend this place! Great location in Cuauhtemoc, close to everything we needed in Mexico City. Check-in was smooth and the amenities were exactly what we needed. Our superhost was super responsive and easy to communicate with.","[('Highly', 'RB'), ('recommend', 'VB'), ('this', 'DT'), ('place', 'NN'), ('!', '.'), ('Great', 'NNP'), ('location', 'NN'), ('in', 'IN'), ('Cuauhtemoc', 'NNP'), (',', ','), ('close', 'RB'), ('to', 'TO'), ('everything', 'NN'), ('we', 'PRP'), ('needed', 'VBD'), ('in', 'IN'), ('Mexico', 'NNP'), ('City', 'NNP'), ('.', '.'), ('Check-in', 'NNP'), ('was', 'VBD'), ('smooth', 'JJ'), ('and', 'CC'), ('the', 'DT'), ('amenities', 'NNS'), ('were', 'VBD'), ('exactly', 'RB'), ('what', 'WP'), ('we', 'PRP'), ('needed', 'VBD'), ('.', '.'), ('Our', 'PRP$'), ('superhost', 'NN'), ('was', 'VBD'), ('super', 'JJ'), ('responsive', 'NN'), ('and', 'CC'), ('easy', 'JJ'), ('to', 'TO'), ('communicate', 'VB'), ('with', 'IN'), ('.', '.')]","['RB', 'VB', 'DT', 'NN', '.', 'NNP', 'NN', 'IN', 'NNP', ',', 'RB', 'TO', 'NN', 'PRP', 'VBD', 'IN', 'NNP', 'NNP', '.', 'NNP', 'VBD', 'JJ', 'CC', 'DT', 'NNS', 'VBD', 'RB', 'WP', 'PRP', 'VBD', '.', 'PRP$', 'NN', 'VBD', 'JJ', 'NN', 'CC', 'JJ', 'TO', 'VB', 'IN', '.']"
200991415,Decent stay overall. Location in Ward 115 was convenient enough.,"[('Decent', 'NNP'), ('stay', 'NN'), ('overall', 'RB'), ('.', '.'), ('Location', 'NN'), ('in', 'IN'), ('Ward', 'NNP'), ('115', 'CD'), ('was', 'VBD'), ('convenient', 'JJ'), ('enough', 'RB'), ('.', '.')]","['NNP', 'NN', 'RB', '.', 'NN', 'IN', 'NNP', 'CD', 'VBD', 'JJ', 'RB', '.']"
432894285,Couldn't have asked for more. The entire house was spotless and exactly as described. Our superhost was super responsive and easy to communicate with.,"[('Could', 'MD'), (""n't"", 'RB'), ('have', 'VB'), ('asked', 'VBN'), ('for', 'IN'), ('more', 'RBR'), ('.', '.'), ('The', 'DT'), ('entire', 'JJ'), ('house', 'NN'), ('was', 'VBD'), ('spotless', 'JJ'), ('and', 'CC'), ('exactly', 'RB'), ('as', 'IN'), ('described', 'VBN'), ('.', '.'), ('Our', 'PRP$'), ('superhost', 'NN'), ('was', 'VBD'), ('super', 'JJ'), ('responsive', 'NN'), ('and', 'CC'), ('easy', 'JJ'), ('to', 'TO'), ('communicate', 'VB'), ('with', 'IN'), ('.', '.')]","['MD', 'RB', 'VB', 'VBN', 'IN', 'RBR', '.', 'DT', 'JJ', 'NN', 'VBD', 'JJ', 'CC', 'RB', 'IN', 'VBN', '.', 'PRP$', 'NN', 'VBD', 'JJ', 'NN', 'CC', 'JJ', 'TO', 'VB', 'IN', '.']"
104904147,Decent stay overall. It served its purpose for our stay in Rome.,"[('Decent', 'NNP'), ('stay', 'NN'), ('overall', 'RB'), ('.', '.'), ('It', 'PRP'), ('served', 'VBD'), ('its', 'PRP$'), ('purpose', 'NN'), ('for', 'IN'), ('our', 'PRP$'), ('stay', 'NN'), ('in', 'IN'), ('Rome', 'NNP'), ('.', '.')]","['NNP', 'NN', 'RB', '.', 'PRP', 'VBD', 'PRP$', 'NN', 'IN', 'PRP$', 'NN', 'IN', 'NNP', '.']"
175536974,Amazing stay! The place felt very cozy for 4 guests. Our superhost was super responsive and easy to communicate with. The entire apartment was spotless and exactly as described.,"[('Amazing', 'VBG'), ('stay', 'NN'), ('!', '.'), ('The', 'DT'), ('place', 'NN'), ('felt', 'VBD'), ('very', 'RB'), ('cozy', 'JJ'), ('for', 'IN'), ('4', 'CD'), ('guests', 'NNS'), ('.', '.'), ('Our', 'PRP$'), ('superhost', 'NN'), ('was', 'VBD'), ('super', 'JJ'), ('responsive', 'NN'), ('and', 'CC'), ('easy', 'JJ'), ('to', 'TO'), ('communicate', 'VB'), ('with', 'IN'), ('.', '.'), ('The', 'DT'), ('entire', 'JJ'), ('apartment', 'NN'), ('was', 'VBD'), ('spotless', 'JJ'), ('and', 'CC'), ('exactly', 'RB'), ('as', 'IN'), ('described', 'NN'), ('.', '.')]","['VBG', 'NN', '.', 'DT', 'NN', 'VBD', 'RB', 'JJ', 'IN', 'CD', 'NNS', '.', 'PRP$', 'NN', 'VBD', 'JJ', 'NN', 'CC', 'JJ', 'TO', 'VB', 'IN', '.', 'DT', 'JJ', 'NN', 'VBD', 'JJ', 'CC', 'RB', 'IN', 'NN', '.']"
258994366,It was okay for the price. It served its purpose for our stay in Istanbul. Location in Beyoglu was convenient enough.,"[('It', 'PRP'), ('was', 'VBD'), ('okay', 'VBN'), ('for', 'IN'), ('the', 'DT'), ('price', 'NN'), ('.', '.'), ('It', 'PRP'), ('served', 'VBD'), ('its', 'PRP$'), ('purpose', 'NN'), ('for', 'IN'), ('our', 'PRP$'), ('stay', 'NN'), ('in', 'IN'), ('Istanbul', 'NNP'), ('.', '.'), ('Location', 'NN'), ('in', 'IN'), ('Beyoglu', 'NNP'), ('was', 'VBD'), ('convenient', 'JJ'), ('enough', 'RB'), ('.', '.')]","['PRP', 'VBD', 'VBN', 'IN', 'DT', 'NN', '.', 'PRP', 'VBD', 'PRP$', 'NN', 'IN', 'PRP$', 'NN', 'IN', 'NNP', '.', 'NN', 'IN', 'NNP', 'VBD', 'JJ', 'RB', '.']"
556073638,It was okay for the price. Our superhost was polite but slow to respond a couple of times.,"[('It', 'PRP'), ('was', 'VBD'), ('okay', 'VBN'), ('for', 'IN'), ('the', 'DT'), ('price', 'NN'), ('.', '.'), ('Our', 'PRP$'), ('superhost', 'NN'), ('was', 'VBD'), ('polite', 'JJ'), ('but', 'CC'), ('slow', 'JJ'), ('to', 'TO'), ('respond', 'VB'), ('a', 'DT'), ('couple', 'NN'), ('of', 'IN'), ('times', 'NNS'), ('.', '.')]","['PRP', 'VBD', 'VBN', 'IN', 'DT', 'NN', '.', 'PRP$', 'NN', 'VBD', 'JJ', 'CC', 'JJ', 'TO', 'VB', 'DT', 'NN', 'IN', 'NNS', '.']"
583825525,We had a rough experience. The entire apartment was not as clean as the photos suggested. The host was difficult to reach when we had issues.,"[('We', 'PRP'), ('had', 'VBD'), ('a', 'DT'), ('rough', 'JJ'), ('experience', 'NN'), ('.', '.'), ('The', 'DT'), ('entire', 'JJ'), ('apartment', 'NN'), ('was', 'VBD'), ('not', 'RB'), ('as', 'RB'), ('clean', 'JJ'), ('as', 'IN'), ('the', 'DT'), ('photos', 'NN'), ('suggested', 'VBD'), ('.', '.'), ('The', 'DT'), ('host', 'NN'), ('was', 'VBD'), ('difficult', 'JJ'), ('to', 'TO'), ('reach', 'VB'), ('when', 'WRB'), ('we', 'PRP'), ('had', 'VBD'), ('issues', 'NNS'), ('.', '.')]","['PRP', 'VBD', 'DT', 'JJ', 'NN', '.', 'DT', 'JJ', 'NN', 'VBD', 'RB', 'RB', 'JJ', 'IN', 'DT', 'NN', 'VBD', '.', 'DT', 'NN', 'VBD', 'JJ', 'TO', 'VB', 'WRB', 'PRP', 'VBD', 'NNS', '.']"
156907194,Couldn't have asked for more. The host was super responsive and easy to communicate with. Check-in was smooth and the amenities were exactly what we needed. We would definitely book this private room in house again.,"[('Could', 'MD'), (""n't"", 'RB'), ('have', 'VB'), ('asked', 'VBN'), ('for', 'IN'), ('more', 'RBR'), ('.', '.'), ('The', 'DT'), ('host', 'NN'), ('was', 'VBD'), ('super', 'JJ'), ('responsive', 'NN'), ('and', 'CC'), ('easy', 'JJ'), ('to', 'TO'), ('communicate', 'VB'), ('with', 'IN'), ('.', '.'), ('Check-in', 'NNP'), ('was', 'VBD'), ('smooth', 'JJ'), ('and', 'CC'), ('the', 'DT'), ('amenities', 'NNS'), ('were', 'VBD'), ('exactly', 'RB'), ('what', 'WP'), ('we', 'PRP'), ('needed', 'VBD'), ('.', '.'), ('We', 'PRP'), ('would', 'MD'), ('definitely', 'RB'), ('book', 'NN'), ('this', 'DT'), ('private', 'JJ'), ('room', 'NN'), ('in', 'IN'), ('house', 'NN'), ('again', 'RB'), ('.', '.')]","['MD', 'RB', 'VB', 'VBN', 'IN', 'RBR', '.', 'DT', 'NN', 'VBD', 'JJ', 'NN', 'CC', 'JJ', 'TO', 'VB', 'IN', '.', 'NNP', 'VBD', 'JJ', 'CC', 'DT', 'NNS', 'VBD', 'RB', 'WP', 'PRP', 'VBD', '.', 'PRP', 'MD', 'RB', 'NN', 'DT', 'JJ', 'NN', 'IN', 'NN', 'RB', '.']"
20456279,"It was okay for the price. Some things could be improved, like cleanliness in the entire loft. Location in I Centro Storico was convenient enough.","[('It', 'PRP'), ('was', 'VBD'), ('okay', 'VBN'), ('for', 'IN'), ('the', 'DT'), ('price', 'NN'), ('.', '.'), ('Some', 'DT'), ('things', 'NNS'), ('could', 'MD'), ('be', 'VB'), ('improved', 'VBN'), (',', ','), ('like', 'IN'), ('cleanliness', 'NN'), ('in', 'IN'), ('the', 'DT'), ('entire', 'JJ'), ('loft', 'NN'), ('.', '.'), ('Location', 'NN'), ('in', 'IN'), ('I', 'PRP'), ('Centro', 'NNP'), ('Storico', 'NNP'), ('was', 'VBD'), ('convenient', 'JJ'), ('enough', 'RB'), ('.', '.')]","['PRP', 'VBD', 'VBN', 'IN', 'DT', 'NN', '.', 'DT', 'NNS', 'MD', 'VB', 'VBN', ',', 'IN', 'NN', 'IN', 'DT', 'JJ', 'NN', '.', 'NN', 'IN', 'PRP', 'NNP', 'NNP', 'VBD', 'JJ', 'RB', '.']"
578069563,Would not recommend. The private room in apartment was not as clean as the photos suggested. We had several issues during our stay that were never resolved.,"[('Would', 'MD'), ('not', 'RB'), ('recommend', 'VB'), ('.', '.'), ('The', 'DT'), ('private', 'JJ'), ('room', 'NN'), ('in', 'IN'), ('apartment', 'NN'), ('was', 'VBD'), ('not', 'RB'), ('as', 'RB'), ('clean', 'JJ'), ('as', 'IN'), ('the', 'DT'), ('photos', 'NN'), ('suggested', 'VBD'), ('.', '.'), ('We', 'PRP'), ('had', 'VBD'), ('several', 'JJ'), ('issues', 'NNS'), ('during', 'IN'), ('our', 'PRP$'), ('stay', 'NN'), ('that', 'WDT'), ('were', 'VBD'), ('never', 'RB'), ('resolved', 'VBN'), ('.', '.')]","['MD', 'RB', 'VB', '.', 'DT', 'JJ', 'NN', 'IN', 'NN', 'VBD', 'RB', 'RB', 'JJ', 'IN', 'DT', 'NN', 'VBD', '.', 'PRP', 'VBD', 'JJ', 'NNS', 'IN', 'PRP$', 'NN', 'WDT', 'VBD', 'RB', 'VBN', '.']"
105142370,Decent stay overall. The private room in apartment was fine but a little smaller than expected.,"[('Decent', 'NNP'), ('stay', 'NN'), ('overall', 'RB'), ('.', '.'), ('The', 'DT'), ('private', 'JJ'), ('room', 'NN'), ('in', 'IN'), ('apartment', 'NN'), ('was', 'VBD'), ('fine', 'JJ'), ('but', 'CC'), ('a', 'DT'), ('little', 'JJ'), ('smaller', 'JJR'), ('than', 'IN'), ('expected', 'VBN'), ('.', '.')]","['NNP', 'NN', 'RB', '.', 'DT', 'JJ', 'NN', 'IN', 'NN', 'VBD', 'JJ', 'CC', 'DT', 'JJ', 'JJR', 'IN', 'VBN', '.']"
507726966,"Nothing special, but fine. The entire apartment was fine but a little smaller than expected. The host was polite but slow to respond a couple of times.","[('Nothing', 'VBG'), ('special', 'JJ'), (',', ','), ('but', 'CC'), ('fine', 'JJ'), ('.', '.'), ('The', 'DT'), ('entire', 'JJ'), ('apartment', 'NN'), ('was', 'VBD'), ('fine', 'JJ'), ('but', 'CC'), ('a', 'DT'), ('little', 'JJ'), ('smaller', 'JJR'), ('than', 'IN'), ('expected', 'VBN'), ('.', '.'), ('The', 'DT'), ('host', 'NN'), ('was', 'VBD'), ('polite', 'JJ'), ('but', 'CC'), ('slow', 'JJ'), ('to', 'TO'), ('respond', 'VB'), ('a', 'DT'), ('couple', 'NN'), ('of', 'IN'), ('times', 'NNS'), ('.', '.')]","['VBG', 'JJ', ',', 'CC', 'JJ', '.', 'DT', 'JJ', 'NN', 'VBD', 'JJ', 'CC', 'DT', 'JJ', 'JJR', 'IN', 'VBN', '.', 'DT', 'NN', 'VBD', 'JJ', 'CC', 'JJ', 'TO', 'VB', 'DT', 'NN', 'IN', 'NNS', '.']"
253385194,Wonderful experience. We would definitely book this entire apartment again. The host was super responsive and easy to communicate with. The place felt very cozy for 6 guests.,"[('Wonderful', 'JJ'), ('experience', 'NN'), ('.', '.'), ('We', 'PRP'), ('would', 'MD'), ('definitely', 'RB'), ('book', 'NN'), ('this', 'DT'), ('entire', 'JJ'), ('apartment', 'NN'), ('again', 'RB'), ('.', '.'), ('The', 'DT'), ('host', 'NN'), ('was', 'VBD'), ('super', 'JJ'), ('responsive', 'NN'), ('and', 'CC'), ('easy', 'JJ'), ('to', 'TO'), ('communicate', 'VB'), ('with', 'IN'), ('.', '.'), ('The', 'DT'), ('place', 'NN'), ('felt', 'VBD'), ('very', 'RB'), ('cozy', 'JJ'), ('for', 'IN'), ('6', 'CD'), ('guests', 'NNS'), ('.', '.')]","['JJ', 'NN', '.', 'PRP', 'MD', 'RB', 'NN', 'DT', 'JJ', 'NN', 'RB', '.', 'DT', 'NN', 'VBD', 'JJ', 'NN', 'CC', 'JJ', 'TO', 'VB', 'IN', '.', 'DT', 'NN', 'VBD', 'RB', 'JJ', 'IN', 'CD', 'NNS', '.']"
307993863,An average experience. It served its purpose for our stay in New York.,"[('An', 'DT'), ('average', 'JJ'), ('experience', 'NN'), ('.', '.'), ('It', 'PRP'), ('served', 'VBD'), ('its', 'PRP$'), ('purpose', 'NN'), ('for', 'IN'), ('our', 'PRP$'), ('stay', 'NN'), ('in', 'IN'), ('New', 'NNP'), ('York', 'NNP'), ('.', '.')]","['DT', 'JJ', 'NN', '.', 'PRP', 'VBD', 'PRP$', 'NN', 'IN', 'PRP$', 'NN', 'IN', 'NNP', 'NNP', '.']"
13357153,"Decent stay overall. Location in Reuilly was convenient enough. Some things could be improved, like cleanliness in the private room in bed and breakfast.","[('Decent', 'NNP'), ('stay', 'NN'), ('overall', 'RB'), ('.', '.'), ('Location', 'NN'), ('in', 'IN'), ('Reuilly', 'NNP'), ('was', 'VBD'), ('convenient', 'JJ'), ('enough', 'RB'), ('.', '.'), ('Some', 'DT'), ('things', 'NNS'), ('could', 'MD'), ('be', 'VB'), ('improved', 'VBN'), (',', ','), ('like', 'IN'), ('cleanliness', 'NN'), ('in', 'IN'), ('the', 'DT'), ('private', 'JJ'), ('room', 'NN'), ('in', 'IN'), ('bed', 'NN'), ('and', 'CC'), ('breakfast', 'NN'), ('.', '.')]","['NNP', 'NN', 'RB', '.', 'NN', 'IN', 'NNP', 'VBD', 'JJ', 'RB', '.', 'DT', 'NNS', 'MD', 'VB', 'VBN', ',', 'IN', 'NN', 'IN', 'DT', 'JJ', 'NN', 'IN', 'NN', 'CC', 'NN', '.']"
498086350,Decent stay overall. Location in Buttes-Montmartre was convenient enough.,"[('Decent', 'NNP'), ('stay', 'NN'), ('overall', 'RB'), ('.', '.'), ('Location', 'NN'), ('in', 'IN'), ('Buttes-Montmartre', 'NNP'), ('was', 'VBD'), ('convenient', 'JJ'), ('enough', 'RB'), ('.', '.')]","['NNP', 'NN', 'RB', '.', 'NN', 'IN', 'NNP', 'VBD', 'JJ', 'RB', '.']"
413893603,Highly recommend this place! The place felt very cozy for 4 guests. Check-in was smooth and the amenities were exactly what we needed. The entire apartment was spotless and exactly as described.,"[('Highly', 'RB'), ('recommend', 'VB'), ('this', 'DT'), ('place', 'NN'), ('!', '.'), ('The', 'DT'), ('place', 'NN'), ('felt', 'VBD'), ('very', 'RB'), ('cozy', 'JJ'), ('for', 'IN'), ('4', 'CD'), ('guests', 'NNS'), ('.', '.'), ('Check-in', 'NNP'), ('was', 'VBD'), ('smooth', 'JJ'), ('and', 'CC'), ('the', 'DT'), ('amenities', 'NNS'), ('were', 'VBD'), ('exactly', 'RB'), ('what', 'WP'), ('we', 'PRP'), ('needed', 'VBD'), ('.', '.'), ('The', 'DT'), ('entire', 'JJ'), ('apartment', 'NN'), ('was', 'VBD'), ('spotless', 'JJ'), ('and', 'CC'), ('exactly', 'RB'), ('as', 'IN'), ('described', 'NN'), ('.', '.')]","['RB', 'VB', 'DT', 'NN', '.', 'DT', 'NN', 'VBD', 'RB', 'JJ', 'IN', 'CD', 'NNS', '.', 'NNP', 'VBD', 'JJ', 'CC', 'DT', 'NNS', 'VBD', 'RB', 'WP', 'PRP', 'VBD', '.', 'DT', 'JJ', 'NN', 'VBD', 'JJ', 'CC', 'RB', 'IN', 'NN', '.']"
150028329,"Perfect for our trip. Great location in Elysee, close to everything we needed in Paris. Our superhost was super responsive and easy to communicate with. The place felt very cozy for 4 guests.","[('Perfect', 'NN'), ('for', 'IN'), ('our', 'PRP$'), ('trip', 'NN'), ('.', '.'), ('Great', 'NNP'), ('location', 'NN'), ('in', 'IN'), ('Elysee', 'NNP'), (',', ','), ('close', 'RB'), ('to', 'TO'), ('everything', 'NN'), ('we', 'PRP'), ('needed', 'VBD'), ('in', 'IN'), ('Paris', 'NNP'), ('.', '.'), ('Our', 'PRP$'), ('superhost', 'NN'), ('was', 'VBD'), ('super', 'JJ'), ('responsive', 'NN'), ('and', 'CC'), ('easy', 'JJ'), ('to', 'TO'), ('communicate', 'VB'), ('with', 'IN'), ('.', '.'), ('The', 'DT'), ('place', 'NN'), ('felt', 'VBD'), ('very', 'RB'), ('cozy', 'JJ'), ('for', 'IN'), ('4', 'CD'), ('guests', 'NNS'), ('.', '.')]","['NN', 'IN', 'PRP$', 'NN', '.', 'NNP', 'NN', 'IN', 'NNP', ',', 'RB', 'TO', 'NN', 'PRP', 'VBD', 'IN', 'NNP', '.', 'PRP$', 'NN', 'VBD', 'JJ', 'NN', 'CC', 'JJ', 'TO', 'VB', 'IN', '.', 'DT', 'NN', 'VBD', 'RB', 'JJ', 'IN', 'CD', 'NNS', '.']"
410338304,Decent stay overall. Our superhost was polite but slow to respond a couple of times.,"[('Decent', 'NNP'), ('stay', 'NN'), ('overall', 'RB'), ('.', '.'), ('Our', 'PRP$'), ('superhost', 'NN'), ('was', 'VBD'), ('polite', 'JJ'), ('but', 'CC'), ('slow', 'JJ'), ('to', 'TO'), ('respond', 'VB'), ('a', 'DT'), ('couple', 'NN'), ('of', 'IN'), ('times', 'NNS'), ('.', '.')]","['NNP', 'NN', 'RB', '.', 'PRP$', 'NN', 'VBD', 'JJ', 'CC', 'JJ', 'TO', 'VB', 'DT', 'NN', 'IN', 'NNS', '.']"
151415858,Disappointing stay. The location in Washington Heights was noisier than expected. Our superhost was difficult to reach when we had issues. Check-in was confusing and delayed our arrival in New York.,"[('Disappointing', 'VBG'), ('stay', 'NN'), ('.', '.'), ('The', 'DT'), ('location', 'NN'), ('in', 'IN'), ('Washington', 'NNP'), ('Heights', 'NNP'), ('was', 'VBD'), ('noisier', 'JJR'), ('than', 'IN'), ('expected', 'VBN'), ('.', '.'), ('Our', 'PRP$'), ('superhost', 'NN'), ('was', 'VBD'), ('difficult', 'JJ'), ('to', 'TO'), ('reach', 'VB'), ('when', 'WRB'), ('we', 'PRP'), ('had', 'VBD'), ('issues', 'NNS'), ('.', '.'), ('Check-in', 'NNP'), ('was', 'VBD'), ('confusing', 'VBG'), ('and', 'CC'), ('delayed', 'VB'), ('our', 'PRP$'), ('arrival', 'NN'), ('in', 'IN'), ('New', 'NNP'), ('York', 'NNP'), ('.', '.')]","['VBG', 'NN', '.', 'DT', 'NN', 'IN', 'NNP', 'NNP', 'VBD', 'JJR', 'IN', 'VBN', '.', 'PRP$', 'NN', 'VBD', 'JJ', 'TO', 'VB', 'WRB', 'PRP', 'VBD', 'NNS', '.', 'NNP', 'VBD', 'VBG', 'CC', 'VB', 'PRP$', 'NN', 'IN', 'NNP', 'NNP', '.']"
215882106,We had a rough experience. The location in Elysee was noisier than expected. Check-in was confusing and delayed our arrival in Paris. The entire apartment was not as clean as the photos suggested.,"[('We', 'PRP'), ('had', 'VBD'), ('a', 'DT'), ('rough', 'JJ'), ('experience', 'NN'), ('.', '.'), ('The', 'DT'), ('location', 'NN'), ('in', 'IN'), ('Elysee', 'NNP'), ('was', 'VBD'), ('noisier', 'JJR'), ('than', 'IN'), ('expected', 'VBN'), ('.', '.'), ('Check-in', 'NNP'), ('was', 'VBD'), ('confusing', 'VBG'), ('and', 'CC'), ('delayed', 'VB'), ('our', 'PRP$'), ('arrival', 'NN'), ('in', 'IN'), ('Paris', 'NNP'), ('.', '.'), ('The', 'DT'), ('entire', 'JJ'), ('apartment', 'NN'), ('was', 'VBD'), ('not', 'RB'), ('as', 'RB'), ('clean', 'JJ'), ('as', 'IN'), ('the', 'DT'), ('photos', 'NN'), ('suggested', 'VBD'), ('.', '.')]","['PRP', 'VBD', 'DT', 'JJ', 'NN', '.', 'DT', 'NN', 'IN', 'NNP', 'VBD', 'JJR', 'IN', 'VBN', '.', 'NNP', 'VBD', 'VBG', 'CC', 'VB', 'PRP$', 'NN', 'IN', 'NNP', '.', 'DT', 'JJ', 'NN', 'VBD', 'RB', 'RB', 'JJ', 'IN', 'DT', 'NN', 'VBD', '.']"
641159161,Not worth the price. Check-in was confusing and delayed our arrival in New York. The room in hotel was not as clean as the photos suggested.,"[('Not', 'RB'), ('worth', 'IN'), ('the', 'DT'), ('price', 'NN'), ('.', '.'), ('Check-in', 'NNP'), ('was', 'VBD'), ('confusing', 'VBG'), ('and', 'CC'), ('delayed', 'VB'), ('our', 'PRP$'), ('arrival', 'NN'), ('in', 'IN'), ('New', 'NNP'), ('York', 'NNP'), ('.', '.'), ('The', 'DT'), ('room', 'NN'), ('in', 'IN'), ('hotel', 'NN'), ('was', 'VBD'), ('not', 'RB'), ('as', 'RB'), ('clean', 'JJ'), ('as', 'IN'), ('the', 'DT'), ('photos', 'NN'), ('suggested', 'VBD'), ('.', '.')]","['RB', 'IN', 'DT', 'NN', '.', 'NNP', 'VBD', 'VBG', 'CC', 'VB', 'PRP$', 'NN', 'IN', 'NNP', 'NNP', '.', 'DT', 'NN', 'IN', 'NN', 'VBD', 'RB', 'RB', 'JJ', 'IN', 'DT', 'NN', 'VBD', '.']"
432443426,"Decent stay overall. Our superhost was polite but slow to respond a couple of times. Some things could be improved, like cleanliness in the entire apartment.","[('Decent', 'NNP'), ('stay', 'NN'), ('overall', 'RB'), ('.', '.'), ('Our', 'PRP$'), ('superhost', 'NN'), ('was', 'VBD'), ('polite', 'JJ'), ('but', 'CC'), ('slow', 'JJ'), ('to', 'TO'), ('respond', 'VB'), ('a', 'DT'), ('couple', 'NN'), ('of', 'IN'), ('times', 'NNS'), ('.', '.'), ('Some', 'DT'), ('things', 'NNS'), ('could', 'MD'), ('be', 'VB'), ('improved', 'VBN'), (',', ','), ('like', 'IN'), ('cleanliness', 'NN'), ('in', 'IN'), ('the', 'DT'), ('entire', 'JJ'), ('apartment', 'NN'), ('.', '.')]","['NNP', 'NN', 'RB', '.', 'PRP$', 'NN', 'VBD', 'JJ', 'CC', 'JJ', 'TO', 'VB', 'DT', 'NN', 'IN', 'NNS', '.', 'DT', 'NNS', 'MD', 'VB', 'VBN', ',', 'IN', 'NN', 'IN', 'DT', 'JJ', 'NN', '.']"
75994228,We had a rough experience. Our superhost was difficult to reach when we had issues. Check-in was confusing and delayed our arrival in Rome.,"[('We', 'PRP'), ('had', 'VBD'), ('a', 'DT'), ('rough', 'JJ'), ('experience', 'NN'), ('.', '.'), ('Our', 'PRP$'), ('superhost', 'NN'), ('was', 'VBD'), ('difficult', 'JJ'), ('to', 'TO'), ('reach', 'VB'), ('when', 'WRB'), ('we', 'PRP'), ('had', 'VBD'), ('issues', 'NNS'), ('.', '.'), ('Check-in', 'NNP'), ('was', 'VBD'), ('confusing', 'VBG'), ('and', 'CC'), ('delayed', 'VB'), ('our', 'PRP$'), ('arrival', 'NN'), ('in', 'IN'), ('Rome', 'NNP'), ('.', '.')]","['PRP', 'VBD', 'DT', 'JJ', 'NN', '.', 'PRP$', 'NN', 'VBD', 'JJ', 'TO', 'VB', 'WRB', 'PRP', 'VBD', 'NNS', '.', 'NNP', 'VBD', 'VBG', 'CC', 'VB', 'PRP$', 'NN', 'IN', 'NNP', '.']"
411280000,Decent stay overall. Location in Sydney was convenient enough.,"[('Decent', 'NNP'), ('stay', 'NN'), ('overall', 'RB'), ('.', '.'), ('Location', 'NN'), ('in', 'IN'), ('Sydney', 'NNP'), ('was', 'VBD'), ('convenient', 'JJ'), ('enough', 'RB'), ('.', '.')]","['NNP', 'NN', 'RB', '.', 'NN', 'IN', 'NNP', 'VBD', 'JJ', 'RB', '.']"
138775064,We had a rough experience. The location in I Centro Storico was noisier than expected. The host was difficult to reach when we had issues.,"[('We', 'PRP'), ('had', 'VBD'), ('a', 'DT'), ('rough', 'JJ'), ('experience', 'NN'), ('.', '.'), ('The', 'DT'), ('location', 'NN'), ('in', 'IN'), ('I', 'PRP'), ('Centro', 'NNP'), ('Storico', 'NNP'), ('was', 'VBD'), ('noisier', 'JJR'), ('than', 'IN'), ('expected', 'VBN'), ('.', '.'), ('The', 'DT'), ('host', 'NN'), ('was', 'VBD'), ('difficult', 'JJ'), ('to', 'TO'), ('reach', 'VB'), ('when', 'WRB'), ('we', 'PRP'), ('had', 'VBD'), ('issues', 'NNS'), ('.', '.')]","['PRP', 'VBD', 'DT', 'JJ', 'NN', '.', 'DT', 'NN', 'IN', 'PRP', 'NNP', 'NNP', 'VBD', 'JJR', 'IN', 'VBN', '.', 'DT', 'NN', 'VBD', 'JJ', 'TO', 'VB', 'WRB', 'PRP', 'VBD', 'NNS', '.']"
216565557,Wonderful experience. Check-in was smooth and the amenities were exactly what we needed. The entire apartment was spotless and exactly as described. The place felt very cozy for 4 guests.,"[('Wonderful', 'JJ'), ('experience', 'NN'), ('.', '.'), ('Check-in', 'NNP'), ('was', 'VBD'), ('smooth', 'JJ'), ('and', 'CC'), ('the', 'DT'), ('amenities', 'NNS'), ('were', 'VBD'), ('exactly', 'RB'), ('what', 'WP'), ('we', 'PRP'), ('needed', 'VBD'), ('.', '.'), ('The', 'DT'), ('entire', 'JJ'), ('apartment', 'NN'), ('was', 'VBD'), ('spotless', 'JJ'), ('and', 'CC'), ('exactly', 'RB'), ('as', 'IN'), ('described', 'VBN'), ('.', '.'), ('The', 'DT'), ('place', 'NN'), ('felt', 'VBD'), ('very', 'RB'), ('cozy', 'JJ'), ('for', 'IN'), ('4', 'CD'), ('guests', 'NNS'), ('.', '.')]","['JJ', 'NN', '.', 'NNP', 'VBD', 'JJ', 'CC', 'DT', 'NNS', 'VBD', 'RB', 'WP', 'PRP', 'VBD', '.', 'DT', 'JJ', 'NN', 'VBD', 'JJ', 'CC', 'RB', 'IN', 'VBN', '.', 'DT', 'NN', 'VBD', 'RB', 'JJ', 'IN', 'CD', 'NNS', '.']"
455737819,"Highly recommend this place! Check-in was smooth and the amenities were exactly what we needed. The entire apartment was spotless and exactly as described. Great location in I Centro Storico, close to everything we needed in Rome.","[('Highly', 'RB'), ('recommend', 'VB'), ('this', 'DT'), ('place', 'NN'), ('!', '.'), ('Check-in', 'NN'), ('was', 'VBD'), ('smooth', 'JJ'), ('and', 'CC'), ('the', 'DT'), ('amenities', 'NNS'), ('were', 'VBD'), ('exactly', 'RB'), ('what', 'WP'), ('we', 'PRP'), ('needed', 'VBD'), ('.', '.'), ('The', 'DT'), ('entire', 'JJ'), ('apartment', 'NN'), ('was', 'VBD'), ('spotless', 'JJ'), ('and', 'CC'), ('exactly', 'RB'), ('as', 'IN'), ('described', 'VBN'), ('.', '.'), ('Great', 'NNP'), ('location', 'NN'), ('in', 'IN'), ('I', 'PRP'), ('Centro', 'NNP'), ('Storico', 'NNP'), (',', ','), ('close', 'RB'), ('to', 'TO'), ('everything', 'NN'), ('we', 'PRP'), ('needed', 'VBD'), ('in', 'IN'), ('Rome', 'NNP'), ('.', '.')]","['RB', 'VB', 'DT', 'NN', '.', 'NN', 'VBD', 'JJ', 'CC', 'DT', 'NNS', 'VBD', 'RB', 'WP', 'PRP', 'VBD', '.', 'DT', 'JJ', 'NN', 'VBD', 'JJ', 'CC', 'RB', 'IN', 'VBN', '.', 'NNP', 'NN', 'IN', 'PRP', 'NNP', 'NNP', ',', 'RB', 'TO', 'NN', 'PRP', 'VBD', 'IN', 'NNP', '.']"
502987451,"Exceeded our expectations! Great location in Bourse, close to everything we needed in Paris. Check-in was smooth and the amenities were exactly what we needed.","[('Exceeded', 'VBD'), ('our', 'PRP$'), ('expectations', 'NNS'), ('!', '.'), ('Great', 'NNP'), ('location', 'NN'), ('in', 'IN'), ('Bourse', 'NNP'), (',', ','), ('close', 'RB'), ('to', 'TO'), ('everything', 'NN'), ('we', 'PRP'), ('needed', 'VBD'), ('in', 'IN'), ('Paris', 'NNP'), ('.', '.'), ('Check-in', 'NNP'), ('was', 'VBD'), ('smooth', 'JJ'), ('and', 'CC'), ('the', 'DT'), ('amenities', 'NNS'), ('were', 'VBD'), ('exactly', 'RB'), ('what', 'WP'), ('we', 'PRP'), ('needed', 'VBD'), ('.', '.')]","['VBD', 'PRP$', 'NNS', '.', 'NNP', 'NN', 'IN', 'NNP', ',', 'RB', 'TO', 'NN', 'PRP', 'VBD', 'IN', 'NNP', '.', 'NNP', 'VBD', 'JJ', 'CC', 'DT', 'NNS', 'VBD', 'RB', 'WP', 'PRP', 'VBD', '.']"
586939880,"Perfect for our trip. Great location in Copacabana, close to everything we needed in Rio de Janeiro. The place felt very cozy for 6 guests. Check-in was smooth and the amenities were exactly what we needed.","[('Perfect', 'NN'), ('for', 'IN'), ('our', 'PRP$'), ('trip', 'NN'), ('.', '.'), ('Great', 'NNP'), ('location', 'NN'), ('in', 'IN'), ('Copacabana', 'NNP'), (',', ','), ('close', 'RB'), ('to', 'TO'), ('everything', 'NN'), ('we', 'PRP'), ('needed', 'VBD'), ('in', 'IN'), ('Rio', 'NNP'), ('de', 'IN'), ('Janeiro', 'NNP'), ('.', '.'), ('The', 'DT'), ('place', 'NN'), ('felt', 'VBD'), ('very', 'RB'), ('cozy', 'JJ'), ('for', 'IN'), ('6', 'CD'), ('guests', 'NNS'), ('.', '.'), ('Check-in', 'NNP'), ('was', 'VBD'), ('smooth', 'JJ'), ('and', 'CC'), ('the', 'DT'), ('amenities', 'NNS'), ('were', 'VBD'), ('exactly', 'RB'), ('what', 'WP'), ('we', 'PRP'), ('needed', 'VBD'), ('.', '.')]","['NN', 'IN', 'PRP$', 'NN', '.', 'NNP', 'NN', 'IN', 'NNP', ',', 'RB', 'TO', 'NN', 'PRP', 'VBD', 'IN', 'NNP', 'IN', 'NNP', '.', 'DT', 'NN', 'VBD', 'RB', 'JJ', 'IN', 'CD', 'NNS', '.', 'NNP', 'VBD', 'JJ', 'CC', 'DT', 'NNS', 'VBD', 'RB', 'WP', 'PRP', 'VBD', '.']"
84317823,"It was okay for the price. Location in Reuilly was convenient enough. Some things could be improved, like cleanliness in the entire apartment.","[('It', 'PRP'), ('was', 'VBD'), ('okay', 'VBN'), ('for', 'IN'), ('the', 'DT'), ('price', 'NN'), ('.', '.'), ('Location', 'NN'), ('in', 'IN'), ('Reuilly', 'NNP'), ('was', 'VBD'), ('convenient', 'JJ'), ('enough', 'RB'), ('.', '.'), ('Some', 'DT'), ('things', 'NNS'), ('could', 'MD'), ('be', 'VB'), ('improved', 'VBN'), (',', ','), ('like', 'IN'), ('cleanliness', 'NN'), ('in', 'IN'), ('the', 'DT'), ('entire', 'JJ'), ('apartment', 'NN'), ('.', '.')]","['PRP', 'VBD', 'VBN', 'IN', 'DT', 'NN', '.', 'NN', 'IN', 'NNP', 'VBD', 'JJ', 'RB', '.', 'DT', 'NNS', 'MD', 'VB', 'VBN', ',', 'IN', 'NN', 'IN', 'DT', 'JJ', 'NN', '.']"
725612733,Not worth the price. We had several issues during our stay that were never resolved. The host was difficult to reach when we had issues. Check-in was confusing and delayed our arrival in Paris.,"[('Not', 'RB'), ('worth', 'IN'), ('the', 'DT'), ('price', 'NN'), ('.', '.'), ('We', 'PRP'), ('had', 'VBD'), ('several', 'JJ'), ('issues', 'NNS'), ('during', 'IN'), ('our', 'PRP$'), ('stay', 'NN'), ('that', 'WDT'), ('were', 'VBD'), ('never', 'RB'), ('resolved', 'VBN'), ('.', '.'), ('The', 'DT'), ('host', 'NN'), ('was', 'VBD'), ('difficult', 'JJ'), ('to', 'TO'), ('reach', 'VB'), ('when', 'WRB'), ('we', 'PRP'), ('had', 'VBD'), ('issues', 'NNS'), ('.', '.'), ('Check-in', 'NNP'), ('was', 'VBD'), ('confusing', 'VBG'), ('and', 'CC'), ('delayed', 'VB'), ('our', 'PRP$'), ('arrival', 'NN'), ('in', 'IN'), ('Paris', 'NNP'), ('.', '.')]","['RB', 'IN', 'DT', 'NN', '.', 'PRP', 'VBD', 'JJ', 'NNS', 'IN', 'PRP$', 'NN', 'WDT', 'VBD', 'RB', 'VBN', '.', 'DT', 'NN', 'VBD', 'JJ', 'TO', 'VB', 'WRB', 'PRP', 'VBD', 'NNS', '.', 'NNP', 'VBD', 'VBG', 'CC', 'VB', 'PRP$', 'NN', 'IN', 'NNP', '.']"
442922144,Below our expectations. We had several issues during our stay that were never resolved. The location in Cuauhtemoc was noisier than expected. The entire apartment was not as clean as the photos suggested.,"[('Below', 'IN'), ('our', 'PRP$'), ('expectations', 'NNS'), ('.', '.'), ('We', 'PRP'), ('had', 'VBD'), ('several', 'JJ'), ('issues', 'NNS'), ('during', 'IN'), ('our', 'PRP$'), ('stay', 'NN'), ('that', 'WDT'), ('were', 'VBD'), ('never', 'RB'), ('resolved', 'VBN'), ('.', '.'), ('The', 'DT'), ('location', 'NN'), ('in', 'IN'), ('Cuauhtemoc', 'NNP'), ('was', 'VBD'), ('noisier', 'JJR'), ('than', 'IN'), ('expected', 'VBN'), ('.', '.'), ('The', 'DT'), ('entire', 'JJ'), ('apartment', 'NN'), ('was', 'VBD'), ('not', 'RB'), ('as', 'RB'), ('clean', 'JJ'), ('as', 'IN'), ('the', 'DT'), ('photos', 'NN'), ('suggested', 'VBD'), ('.', '.')]","['IN', 'PRP$', 'NNS', '.', 'PRP', 'VBD', 'JJ', 'NNS', 'IN', 'PRP$', 'NN', 'WDT', 'VBD', 'RB', 'VBN', '.', 'DT', 'NN', 'IN', 'NNP', 'VBD', 'JJR', 'IN', 'VBN', '.', 'DT', 'JJ', 'NN', 'VBD', 'RB', 'RB', 'JJ', 'IN', 'DT', 'NN', 'VBD', '.']"
473375336,We had a fantastic time. We would definitely book this private room in apartment again. The place felt very cozy for 2 guests.,"[('We', 'PRP'), ('had', 'VBD'), ('a', 'DT'), ('fantastic', 'JJ'), ('time', 'NN'), ('.', '.'), ('We', 'PRP'), ('would', 'MD'), ('definitely', 'RB'), ('book', 'NN'), ('this', 'DT'), ('private', 'JJ'), ('room', 'NN'), ('in', 'IN'), ('apartment', 'NN'), ('again', 'RB'), ('.', '.'), ('The', 'DT'), ('place', 'NN'), ('felt', 'VBD'), ('very', 'RB'), ('cozy', 'JJ'), ('for', 'IN'), ('2', 'CD'), ('guests', 'NNS'), ('.', '.')]","['PRP', 'VBD', 'DT', 'JJ', 'NN', '.', 'PRP', 'MD', 'RB', 'NN', 'DT', 'JJ', 'NN', 'IN', 'NN', 'RB', '.', 'DT', 'NN', 'VBD', 'RB', 'JJ', 'IN', 'CD', 'NNS', '.']"
188892811,We had a rough experience. Check-in was confusing and delayed our arrival in Bangkok. We had several issues during our stay that were never resolved. Our superhost was difficult to reach when we had issues.,"[('We', 'PRP'), ('had', 'VBD'), ('a', 'DT'), ('rough', 'JJ'), ('experience', 'NN'), ('.', '.'), ('Check-in', 'NNP'), ('was', 'VBD'), ('confusing', 'VBG'), ('and', 'CC'), ('delayed', 'VB'), ('our', 'PRP$'), ('arrival', 'NN'), ('in', 'IN'), ('Bangkok', 'NNP'), ('.', '.'), ('We', 'PRP'), ('had', 'VBD'), ('several', 'JJ'), ('issues', 'NNS'), ('during', 'IN'), ('our', 'PRP$'), ('stay', 'NN'), ('that', 'WDT'), ('were', 'VBD'), ('never', 'RB'), ('resolved', 'VBN'), ('.', '.'), ('Our', 'PRP$'), ('superhost', 'NN'), ('was', 'VBD'), ('difficult', 'JJ'), ('to', 'TO'), ('reach', 'VB'), ('when', 'WRB'), ('we', 'PRP'), ('had', 'VBD'), ('issues', 'NNS'), ('.', '.')]","['PRP', 'VBD', 'DT', 'JJ', 'NN', '.', 'NNP', 'VBD', 'VBG', 'CC', 'VB', 'PRP$', 'NN', 'IN', 'NNP', '.', 'PRP', 'VBD', 'JJ', 'NNS', 'IN', 'PRP$', 'NN', 'WDT', 'VBD', 'RB', 'VBN', '.', 'PRP$', 'NN', 'VBD', 'JJ', 'TO', 'VB', 'WRB', 'PRP', 'VBD', 'NNS', '.']"
66471369,Below our expectations. Check-in was confusing and delayed our arrival in Paris. The location in Enclos-St-Laurent was noisier than expected. The host was difficult to reach when we had issues.,"[('Below', 'IN'), ('our', 'PRP$'), ('expectations', 'NNS'), ('.', '.'), ('Check-in', 'NNP'), ('was', 'VBD'), ('confusing', 'VBG'), ('and', 'CC'), ('delayed', 'VB'), ('our', 'PRP$'), ('arrival', 'NN'), ('in', 'IN'), ('Paris', 'NNP'), ('.', '.'), ('The', 'DT'), ('location', 'NN'), ('in', 'IN'), ('Enclos-St-Laurent', 'NNP'), ('was', 'VBD'), ('noisier', 'JJR'), ('than', 'IN'), ('expected', 'VBN'), ('.', '.'), ('The', 'DT'), ('host', 'NN'), ('was', 'VBD'), ('difficult', 'JJ'), ('to', 'TO'), ('reach', 'VB'), ('when', 'WRB'), ('we', 'PRP'), ('had', 'VBD'), ('issues', 'NNS'), ('.', '.')]","['IN', 'PRP$', 'NNS', '.', 'NNP', 'VBD', 'VBG', 'CC', 'VB', 'PRP$', 'NN', 'IN', 'NNP', '.', 'DT', 'NN', 'IN', 'NNP', 'VBD', 'JJR', 'IN', 'VBN', '.', 'DT', 'NN', 'VBD', 'JJ', 'TO', 'VB', 'WRB', 'PRP', 'VBD', 'NNS', '.']"
631070044,We had a rough experience. The entire apartment was not as clean as the photos suggested. The location in Ward 115 was noisier than expected. The host was difficult to reach when we had issues.,"[('We', 'PRP'), ('had', 'VBD'), ('a', 'DT'), ('rough', 'JJ'), ('experience', 'NN'), ('.', '.'), ('The', 'DT'), ('entire', 'JJ'), ('apartment', 'NN'), ('was', 'VBD'), ('not', 'RB'), ('as', 'RB'), ('clean', 'JJ'), ('as', 'IN'), ('the', 'DT'), ('photos', 'NN'), ('suggested', 'VBD'), ('.', '.'), ('The', 'DT'), ('location', 'NN'), ('in', 'IN'), ('Ward', 'NNP'), ('115', 'CD'), ('was', 'VBD'), ('noisier', 'JJR'), ('than', 'IN'), ('expected', 'VBN'), ('.', '.'), ('The', 'DT'), ('host', 'NN'), ('was', 'VBD'), ('difficult', 'JJ'), ('to', 'TO'), ('reach', 'VB'), ('when', 'WRB'), ('we', 'PRP'), ('had', 'VBD'), ('issues', 'NNS'), ('.', '.')]","['PRP', 'VBD', 'DT', 'JJ', 'NN', '.', 'DT', 'JJ', 'NN', 'VBD', 'RB', 'RB', 'JJ', 'IN', 'DT', 'NN', 'VBD', '.', 'DT', 'NN', 'IN', 'NNP', 'CD', 'VBD', 'JJR', 'IN', 'VBN', '.', 'DT', 'NN', 'VBD', 'JJ', 'TO', 'VB', 'WRB', 'PRP', 'VBD', 'NNS', '.']"
337823013,Disappointing stay. Our superhost was difficult to reach when we had issues. We had several issues during our stay that were never resolved. Check-in was confusing and delayed our arrival in New York.,"[('Disappointing', 'VBG'), ('stay', 'NN'), ('.', '.'), ('Our', 'PRP$'), ('superhost', 'NN'), ('was', 'VBD'), ('difficult', 'JJ'), ('to', 'TO'), ('reach', 'VB'), ('when', 'WRB'), ('we', 'PRP'), ('had', 'VBD'), ('issues', 'NNS'), ('.', '.'), ('We', 'PRP'), ('had', 'VBD'), ('several', 'JJ'), ('issues', 'NNS'), ('during', 'IN'), ('our', 'PRP$'), ('stay', 'NN'), ('that', 'WDT'), ('were', 'VBD'), ('never', 'RB'), ('resolved', 'VBN'), ('.', '.'), ('Check-in', 'NNP'), ('was', 'VBD'), ('confusing', 'VBG'), ('and', 'CC'), ('delayed', 'VB'), ('our', 'PRP$'), ('arrival', 'NN'), ('in', 'IN'), ('New', 'NNP'), ('York', 'NNP'), ('.', '.')]","['VBG', 'NN', '.', 'PRP$', 'NN', 'VBD', 'JJ', 'TO', 'VB', 'WRB', 'PRP', 'VBD', 'NNS', '.', 'PRP', 'VBD', 'JJ', 'NNS', 'IN', 'PRP$', 'NN', 'WDT', 'VBD', 'RB', 'VBN', '.', 'NNP', 'VBD', 'VBG', 'CC', 'VB', 'PRP$', 'NN', 'IN', 'NNP', 'NNP', '.']"
224512989,"Amazing stay! The host was super responsive and easy to communicate with. Check-in was smooth and the amenities were exactly what we needed. Great location in Popincourt, close to everything we needed in Paris.","[('Amazing', 'VBG'), ('stay', 'NN'), ('!', '.'), ('The', 'DT'), ('host', 'NN'), ('was', 'VBD'), ('super', 'JJ'), ('responsive', 'NN'), ('and', 'CC'), ('easy', 'JJ'), ('to', 'TO'), ('communicate', 'VB'), ('with', 'IN'), ('.', '.'), ('Check-in', 'NNP'), ('was', 'VBD'), ('smooth', 'JJ'), ('and', 'CC'), ('the', 'DT'), ('amenities', 'NNS'), ('were', 'VBD'), ('exactly', 'RB'), ('what', 'WP'), ('we', 'PRP'), ('needed', 'VBD'), ('.', '.'), ('Great', 'NNP'), ('location', 'NN'), ('in', 'IN'), ('Popincourt', 'NNP'), (',', ','), ('close', 'RB'), ('to', 'TO'), ('everything', 'NN'), ('we', 'PRP'), ('needed', 'VBD'), ('in', 'IN'), ('Paris', 'NNP'), ('.', '.')]","['VBG', 'NN', '.', 'DT', 'NN', 'VBD', 'JJ', 'NN', 'CC', 'JJ', 'TO', 'VB', 'IN', '.', 'NNP', 'VBD', 'JJ', 'CC', 'DT', 'NNS', 'VBD', 'RB', 'WP', 'PRP', 'VBD', '.', 'NNP', 'NN', 'IN', 'NNP', ',', 'RB', 'TO', 'NN', 'PRP', 'VBD', 'IN', 'NNP', '.']"
48745771,Couldn't have asked for more. Check-in was smooth and the amenities were exactly what we needed. The host was super responsive and easy to communicate with.,"[('Could', 'MD'), (""n't"", 'RB'), ('have', 'VB'), ('asked', 'VBN'), ('for', 'IN'), ('more', 'JJR'), ('.', '.'), ('Check-in', 'NN'), ('was', 'VBD'), ('smooth', 'JJ'), ('and', 'CC'), ('the', 'DT'), ('amenities', 'NNS'), ('were', 'VBD'), ('exactly', 'RB'), ('what', 'WP'), ('we', 'PRP'), ('needed', 'VBD'), ('.', '.'), ('The', 'DT'), ('host', 'NN'), ('was', 'VBD'), ('super', 'JJ'), ('responsive', 'NN'), ('and', 'CC'), ('easy', 'JJ'), ('to', 'TO'), ('communicate', 'VB'), ('with', 'IN'), ('.', '.')]","['MD', 'RB', 'VB', 'VBN', 'IN', 'JJR', '.', 'NN', 'VBD', 'JJ', 'CC', 'DT', 'NNS', 'VBD', 'RB', 'WP', 'PRP', 'VBD', '.', 'DT', 'NN', 'VBD', 'JJ', 'NN', 'CC', 'JJ', 'TO', 'VB', 'IN', '.']"
150587897,Below our expectations. The location in Harlem was noisier than expected. We had several issues during our stay that were never resolved.,"[('Below', 'IN'), ('our', 'PRP$'), ('expectations', 'NNS'), ('.', '.'), ('The', 'DT'), ('location', 'NN'), ('in', 'IN'), ('Harlem', 'NNP'), ('was', 'VBD'), ('noisier', 'JJR'), ('than', 'IN'), ('expected', 'VBN'), ('.', '.'), ('We', 'PRP'), ('had', 'VBD'), ('several', 'JJ'), ('issues', 'NNS'), ('during', 'IN'), ('our', 'PRP$'), ('stay', 'NN'), ('that', 'WDT'), ('were', 'VBD'), ('never', 'RB'), ('resolved', 'VBN'), ('.', '.')]","['IN', 'PRP$', 'NNS', '.', 'DT', 'NN', 'IN', 'NNP', 'VBD', 'JJR', 'IN', 'VBN', '.', 'PRP', 'VBD', 'JJ', 'NNS', 'IN', 'PRP$', 'NN', 'WDT', 'VBD', 'RB', 'VBN', '.']"
441668880,We had a rough experience. The entire apartment was not as clean as the photos suggested. We had several issues during our stay that were never resolved.,"[('We', 'PRP'), ('had', 'VBD'), ('a', 'DT'), ('rough', 'JJ'), ('experience', 'NN'), ('.', '.'), ('The', 'DT'), ('entire', 'JJ'), ('apartment', 'NN'), ('was', 'VBD'), ('not', 'RB'), ('as', 'RB'), ('clean', 'JJ'), ('as', 'IN'), ('the', 'DT'), ('photos', 'NN'), ('suggested', 'VBD'), ('.', '.'), ('We', 'PRP'), ('had', 'VBD'), ('several', 'JJ'), ('issues', 'NNS'), ('during', 'IN'), ('our', 'PRP$'), ('stay', 'NN'), ('that', 'WDT'), ('were', 'VBD'), ('never', 'RB'), ('resolved', 'VBN'), ('.', '.')]","['PRP', 'VBD', 'DT', 'JJ', 'NN', '.', 'DT', 'JJ', 'NN', 'VBD', 'RB', 'RB', 'JJ', 'IN', 'DT', 'NN', 'VBD', '.', 'PRP', 'VBD', 'JJ', 'NNS', 'IN', 'PRP$', 'NN', 'WDT', 'VBD', 'RB', 'VBN', '.']"
81785693,Disappointing stay. The entire apartment was not as clean as the photos suggested. Check-in was confusing and delayed our arrival in New York.,"[('Disappointing', 'VBG'), ('stay', 'NN'), ('.', '.'), ('The', 'DT'), ('entire', 'JJ'), ('apartment', 'NN'), ('was', 'VBD'), ('not', 'RB'), ('as', 'RB'), ('clean', 'JJ'), ('as', 'IN'), ('the', 'DT'), ('photos', 'NN'), ('suggested', 'VBD'), ('.', '.'), ('Check-in', 'NNP'), ('was', 'VBD'), ('confusing', 'VBG'), ('and', 'CC'), ('delayed', 'VB'), ('our', 'PRP$'), ('arrival', 'NN'), ('in', 'IN'), ('New', 'NNP'), ('York', 'NNP'), ('.', '.')]","['VBG', 'NN', '.', 'DT', 'JJ', 'NN', 'VBD', 'RB', 'RB', 'JJ', 'IN', 'DT', 'NN', 'VBD', '.', 'NNP', 'VBD', 'VBG', 'CC', 'VB', 'PRP$', 'NN', 'IN', 'NNP', 'NNP', '.']"
538991375,"It was okay for the price. Some things could be improved, like cleanliness in the entire house. Location in Canarsie was convenient enough.","[('It', 'PRP'), ('was', 'VBD'), ('okay', 'VBN'), ('for', 'IN'), ('the', 'DT'), ('price', 'NN'), ('.', '.'), ('Some', 'DT'), ('things', 'NNS'), ('could', 'MD'), ('be', 'VB'), ('improved', 'VBN'), (',', ','), ('like', 'IN'), ('cleanliness', 'NN'), ('in', 'IN'), ('the', 'DT'), ('entire', 'JJ'), ('house', 'NN'), ('.', '.'), ('Location', 'NN'), ('in', 'IN'), ('Canarsie', 'NNP'), ('was', 'VBD'), ('convenient', 'JJ'), ('enough', 'RB'), ('.', '.')]","['PRP', 'VBD', 'VBN', 'IN', 'DT', 'NN', '.', 'DT', 'NNS', 'MD', 'VB', 'VBN', ',', 'IN', 'NN', 'IN', 'DT', 'JJ', 'NN', '.', 'NN', 'IN', 'NNP', 'VBD', 'JJ', 'RB', '.']"
45276257,Wonderful experience. The host was super responsive and easy to communicate with. Check-in was smooth and the amenities were exactly what we needed. The entire apartment was spotless and exactly as described.,"[('Wonderful', 'JJ'), ('experience', 'NN'), ('.', '.'), ('The', 'DT'), ('host', 'NN'), ('was', 'VBD'), ('super', 'JJ'), ('responsive', 'NN'), ('and', 'CC'), ('easy', 'JJ'), ('to', 'TO'), ('communicate', 'VB'), ('with', 'IN'), ('.', '.'), ('Check-in', 'NNP'), ('was', 'VBD'), ('smooth', 'JJ'), ('and', 'CC'), ('the', 'DT'), ('amenities', 'NNS'), ('were', 'VBD'), ('exactly', 'RB'), ('what', 'WP'), ('we', 'PRP'), ('needed', 'VBD'), ('.', '.'), ('The', 'DT'), ('entire', 'JJ'), ('apartment', 'NN'), ('was', 'VBD'), ('spotless', 'JJ'), ('and', 'CC'), ('exactly', 'RB'), ('as', 'IN'), ('described', 'NN'), ('.', '.')]","['JJ', 'NN', '.', 'DT', 'NN', 'VBD', 'JJ', 'NN', 'CC', 'JJ', 'TO', 'VB', 'IN', '.', 'NNP', 'VBD', 'JJ', 'CC', 'DT', 'NNS', 'VBD', 'RB', 'WP', 'PRP', 'VBD', '.', 'DT', 'JJ', 'NN', 'VBD', 'JJ', 'CC', 'RB', 'IN', 'NN', '.']"
167209567,Below our expectations. We had several issues during our stay that were never resolved. The host was difficult to reach when we had issues.,"[('Below', 'IN'), ('our', 'PRP$'), ('expectations', 'NNS'), ('.', '.'), ('We', 'PRP'), ('had', 'VBD'), ('several', 'JJ'), ('issues', 'NNS'), ('during', 'IN'), ('our', 'PRP$'), ('stay', 'NN'), ('that', 'WDT'), ('were', 'VBD'), ('never', 'RB'), ('resolved', 'VBN'), ('.', '.'), ('The', 'DT'), ('host', 'NN'), ('was', 'VBD'), ('difficult', 'JJ'), ('to', 'TO'), ('reach', 'VB'), ('when', 'WRB'), ('we', 'PRP'), ('had', 'VBD'), ('issues', 'NNS'), ('.', '.')]","['IN', 'PRP$', 'NNS', '.', 'PRP', 'VBD', 'JJ', 'NNS', 'IN', 'PRP$', 'NN', 'WDT', 'VBD', 'RB', 'VBN', '.', 'DT', 'NN', 'VBD', 'JJ', 'TO', 'VB', 'WRB', 'PRP', 'VBD', 'NNS', '.']"
349421546,"Exceeded our expectations! Great location in XIII Aurelia, close to everything we needed in Rome. The place felt very cozy for 3 guests.","[('Exceeded', 'VBD'), ('our', 'PRP$'), ('expectations', 'NNS'), ('!', '.'), ('Great', 'NNP'), ('location', 'NN'), ('in', 'IN'), ('XIII', 'NNP'), ('Aurelia', 'NNP'), (',', ','), ('close', 'RB'), ('to', 'TO'), ('everything', 'NN'), ('we', 'PRP'), ('needed', 'VBD'), ('in', 'IN'), ('Rome', 'NNP'), ('.', '.'), ('The', 'DT'), ('place', 'NN'), ('felt', 'VBD'), ('very', 'RB'), ('cozy', 'JJ'), ('for', 'IN'), ('3', 'CD'), ('guests', 'NNS'), ('.', '.')]","['VBD', 'PRP$', 'NNS', '.', 'NNP', 'NN', 'IN', 'NNP', 'NNP', ',', 'RB', 'TO', 'NN', 'PRP', 'VBD', 'IN', 'NNP', '.', 'DT', 'NN', 'VBD', 'RB', 'JJ', 'IN', 'CD', 'NNS', '.']"
343844411,Reasonable for a short trip. It served its purpose for our stay in Bangkok.,"[('Reasonable', 'JJ'), ('for', 'IN'), ('a', 'DT'), ('short', 'JJ'), ('trip', 'NN'), ('.', '.'), ('It', 'PRP'), ('served', 'VBD'), ('its', 'PRP$'), ('purpose', 'NN'), ('for', 'IN'), ('our', 'PRP$'), ('stay', 'NN'), ('in', 'IN'), ('Bangkok', 'NNP'), ('.', '.')]","['JJ', 'IN', 'DT', 'JJ', 'NN', '.', 'PRP', 'VBD', 'PRP$', 'NN', 'IN', 'PRP$', 'NN', 'IN', 'NNP', '.']"
579296936,"Highly recommend this place! Great location in III Monte Sacro, close to everything we needed in Rome. Check-in was smooth and the amenities were exactly what we needed. The host was super responsive and easy to communicate with.","[('Highly', 'RB'), ('recommend', 'VB'), ('this', 'DT'), ('place', 'NN'), ('!', '.'), ('Great', 'NNP'), ('location', 'NN'), ('in', 'IN'), ('III', 'NNP'), ('Monte', 'NNP'), ('Sacro', 'NNP'), (',', ','), ('close', 'RB'), ('to', 'TO'), ('everything', 'NN'), ('we', 'PRP'), ('needed', 'VBD'), ('in', 'IN'), ('Rome', 'NNP'), ('.', '.'), ('Check-in', 'NNP'), ('was', 'VBD'), ('smooth', 'JJ'), ('and', 'CC'), ('the', 'DT'), ('amenities', 'NNS'), ('were', 'VBD'), ('exactly', 'RB'), ('what', 'WP'), ('we', 'PRP'), ('needed', 'VBD'), ('.', '.'), ('The', 'DT'), ('host', 'NN'), ('was', 'VBD'), ('super', 'JJ'), ('responsive', 'NN'), ('and', 'CC'), ('easy', 'JJ'), ('to', 'TO'), ('communicate', 'VB'), ('with', 'IN'), ('.', '.')]","['RB', 'VB', 'DT', 'NN', '.', 'NNP', 'NN', 'IN', 'NNP', 'NNP', 'NNP', ',', 'RB', 'TO', 'NN', 'PRP', 'VBD', 'IN', 'NNP', '.', 'NNP', 'VBD', 'JJ', 'CC', 'DT', 'NNS', 'VBD', 'RB', 'WP', 'PRP', 'VBD', '.', 'DT', 'NN', 'VBD', 'JJ', 'NN', 'CC', 'JJ', 'TO', 'VB', 'IN', '.']"
590382957,"Highly recommend this place! Great location in Barra da Tijuca, close to everything we needed in Rio de Janeiro. The host was super responsive and easy to communicate with.","[('Highly', 'RB'), ('recommend', 'VB'), ('this', 'DT'), ('place', 'NN'), ('!', '.'), ('Great', 'NNP'), ('location', 'NN'), ('in', 'IN'), ('Barra', 'NNP'), ('da', 'NN'), ('Tijuca', 'NNP'), (',', ','), ('close', 'RB'), ('to', 'TO'), ('everything', 'NN'), ('we', 'PRP'), ('needed', 'VBD'), ('in', 'IN'), ('Rio', 'NNP'), ('de', 'IN'), ('Janeiro', 'NNP'), ('.', '.'), ('The', 'DT'), ('host', 'NN'), ('was', 'VBD'), ('super', 'JJ'), ('responsive', 'NN'), ('and', 'CC'), ('easy', 'JJ'), ('to', 'TO'), ('communicate', 'VB'), ('with', 'IN'), ('.', '.')]","['RB', 'VB', 'DT', 'NN', '.', 'NNP', 'NN', 'IN', 'NNP', 'NN', 'NNP', ',', 'RB', 'TO', 'NN', 'PRP', 'VBD', 'IN', 'NNP', 'IN', 'NNP', '.', 'DT', 'NN', 'VBD', 'JJ', 'NN', 'CC', 'JJ', 'TO', 'VB', 'IN', '.']"
53247211,Reasonable for a short trip. Location in Leme was convenient enough. Our superhost was polite but slow to respond a couple of times.,"[('Reasonable', 'JJ'), ('for', 'IN'), ('a', 'DT'), ('short', 'JJ'), ('trip', 'NN'), ('.', '.'), ('Location', 'NN'), ('in', 'IN'), ('Leme', 'NNP'), ('was', 'VBD'), ('convenient', 'JJ'), ('enough', 'RB'), ('.', '.'), ('Our', 'PRP$'), ('superhost', 'NN'), ('was', 'VBD'), ('polite', 'JJ'), ('but', 'CC'), ('slow', 'JJ'), ('to', 'TO'), ('respond', 'VB'), ('a', 'DT'), ('couple', 'NN'), ('of', 'IN'), ('times', 'NNS'), ('.', '.')]","['JJ', 'IN', 'DT', 'JJ', 'NN', '.', 'NN', 'IN', 'NNP', 'VBD', 'JJ', 'RB', '.', 'PRP$', 'NN', 'VBD', 'JJ', 'CC', 'JJ', 'TO', 'VB', 'DT', 'NN', 'IN', 'NNS', '.']"
722932210,It was okay for the price. It served its purpose for our stay in Istanbul.,"[('It', 'PRP'), ('was', 'VBD'), ('okay', 'VBN'), ('for', 'IN'), ('the', 'DT'), ('price', 'NN'), ('.', '.'), ('It', 'PRP'), ('served', 'VBD'), ('its', 'PRP$'), ('purpose', 'NN'), ('for', 'IN'), ('our', 'PRP$'), ('stay', 'NN'), ('in', 'IN'), ('Istanbul', 'NNP'), ('.', '.')]","['PRP', 'VBD', 'VBN', 'IN', 'DT', 'NN', '.', 'PRP', 'VBD', 'PRP$', 'NN', 'IN', 'PRP$', 'NN', 'IN', 'NNP', '.']"
514849634,Wonderful experience. The host was super responsive and easy to communicate with. Check-in was smooth and the amenities were exactly what we needed. The entire apartment was spotless and exactly as described.,"[('Wonderful', 'JJ'), ('experience', 'NN'), ('.', '.'), ('The', 'DT'), ('host', 'NN'), ('was', 'VBD'), ('super', 'JJ'), ('responsive', 'NN'), ('and', 'CC'), ('easy', 'JJ'), ('to', 'TO'), ('communicate', 'VB'), ('with', 'IN'), ('.', '.'), ('Check-in', 'NNP'), ('was', 'VBD'), ('smooth', 'JJ'), ('and', 'CC'), ('the', 'DT'), ('amenities', 'NNS'), ('were', 'VBD'), ('exactly', 'RB'), ('what', 'WP'), ('we', 'PRP'), ('needed', 'VBD'), ('.', '.'), ('The', 'DT'), ('entire', 'JJ'), ('apartment', 'NN'), ('was', 'VBD'), ('spotless', 'JJ'), ('and', 'CC'), ('exactly', 'RB'), ('as', 'IN'), ('described', 'NN'), ('.', '.')]","['JJ', 'NN', '.', 'DT', 'NN', 'VBD', 'JJ', 'NN', 'CC', 'JJ', 'TO', 'VB', 'IN', '.', 'NNP', 'VBD', 'JJ', 'CC', 'DT', 'NNS', 'VBD', 'RB', 'WP', 'PRP', 'VBD', '.', 'DT', 'JJ', 'NN', 'VBD', 'JJ', 'CC', 'RB', 'IN', 'NN', '.']"
315501822,"Decent stay overall. Some things could be improved, like cleanliness in the entire apartment.","[('Decent', 'NNP'), ('stay', 'NN'), ('overall', 'RB'), ('.', '.'), ('Some', 'DT'), ('things', 'NNS'), ('could', 'MD'), ('be', 'VB'), ('improved', 'VBN'), (',', ','), ('like', 'IN'), ('cleanliness', 'NN'), ('in', 'IN'), ('the', 'DT'), ('entire', 'JJ'), ('apartment', 'NN'), ('.', '.')]","['NNP', 'NN', 'RB', '.', 'DT', 'NNS', 'MD', 'VB', 'VBN', ',', 'IN', 'NN', 'IN', 'DT', 'JJ', 'NN', '.']"
473223670,Would not recommend. Check-in was confusing and delayed our arrival in Rome. The host was difficult to reach when we had issues. We had several issues during our stay that were never resolved.,"[('Would', 'MD'), ('not', 'RB'), ('recommend', 'VB'), ('.', '.'), ('Check-in', 'NNP'), ('was', 'VBD'), ('confusing', 'VBG'), ('and', 'CC'), ('delayed', 'VB'), ('our', 'PRP$'), ('arrival', 'NN'), ('in', 'IN'), ('Rome', 'NNP'), ('.', '.'), ('The', 'DT'), ('host', 'NN'), ('was', 'VBD'), ('difficult', 'JJ'), ('to', 'TO'), ('reach', 'VB'), ('when', 'WRB'), ('we', 'PRP'), ('had', 'VBD'), ('issues', 'NNS'), ('.', '.'), ('We', 'PRP'), ('had', 'VBD'), ('several', 'JJ'), ('issues', 'NNS'), ('during', 'IN'), ('our', 'PRP$'), ('stay', 'NN'), ('that', 'WDT'), ('were', 'VBD'), ('never', 'RB'), ('resolved', 'VBN'), ('.', '.')]","['MD', 'RB', 'VB', '.', 'NNP', 'VBD', 'VBG', 'CC', 'VB', 'PRP$', 'NN', 'IN', 'NNP', '.', 'DT', 'NN', 'VBD', 'JJ', 'TO', 'VB', 'WRB', 'PRP', 'VBD', 'NNS', '.', 'PRP', 'VBD', 'JJ', 'NNS', 'IN', 'PRP$', 'NN', 'WDT', 'VBD', 'RB', 'VBN', '.']"
549061099,"Nothing special, but fine. The entire apartment was fine but a little smaller than expected.","[('Nothing', 'VBG'), ('special', 'JJ'), (',', ','), ('but', 'CC'), ('fine', 'JJ'), ('.', '.'), ('The', 'DT'), ('entire', 'JJ'), ('apartment', 'NN'), ('was', 'VBD'), ('fine', 'JJ'), ('but', 'CC'), ('a', 'DT'), ('little', 'JJ'), ('smaller', 'JJR'), ('than', 'IN'), ('expected', 'VBN'), ('.', '.')]","['VBG', 'JJ', ',', 'CC', 'JJ', '.', 'DT', 'JJ', 'NN', 'VBD', 'JJ', 'CC', 'DT', 'JJ', 'JJR', 'IN', 'VBN', '.']"
597021714,"Nothing special, but fine. Location in Ditmars Steinway was convenient enough. It served its purpose for our stay in New York.","[('Nothing', 'VBG'), ('special', 'JJ'), (',', ','), ('but', 'CC'), ('fine', 'JJ'), ('.', '.'), ('Location', 'NN'), ('in', 'IN'), ('Ditmars', 'NNP'), ('Steinway', 'NNP'), ('was', 'VBD'), ('convenient', 'JJ'), ('enough', 'RB'), ('.', '.'), ('It', 'PRP'), ('served', 'VBD'), ('its', 'PRP$'), ('purpose', 'NN'), ('for', 'IN'), ('our', 'PRP$'), ('stay', 'NN'), ('in', 'IN'), ('New', 'NNP'), ('York', 'NNP'), ('.', '.')]","['VBG', 'JJ', ',', 'CC', 'JJ', '.', 'NN', 'IN', 'NNP', 'NNP', 'VBD', 'JJ', 'RB', '.', 'PRP', 'VBD', 'PRP$', 'NN', 'IN', 'PRP$', 'NN', 'IN', 'NNP', 'NNP', '.']"
84566837,Below our expectations. The location in Gobelins was noisier than expected. The host was difficult to reach when we had issues.,"[('Below', 'IN'), ('our', 'PRP$'), ('expectations', 'NNS'), ('.', '.'), ('The', 'DT'), ('location', 'NN'), ('in', 'IN'), ('Gobelins', 'NNP'), ('was', 'VBD'), ('noisier', 'JJR'), ('than', 'IN'), ('expected', 'VBN'), ('.', '.'), ('The', 'DT'), ('host', 'NN'), ('was', 'VBD'), ('difficult', 'JJ'), ('to', 'TO'), ('reach', 'VB'), ('when', 'WRB'), ('we', 'PRP'), ('had', 'VBD'), ('issues', 'NNS'), ('.', '.')]","['IN', 'PRP$', 'NNS', '.', 'DT', 'NN', 'IN', 'NNP', 'VBD', 'JJR', 'IN', 'VBN', '.', 'DT', 'NN', 'VBD', 'JJ', 'TO', 'VB', 'WRB', 'PRP', 'VBD', 'NNS', '.']"
544057715,It was okay for the price. Location in I Centro Storico was convenient enough.,"[('It', 'PRP'), ('was', 'VBD'), ('okay', 'VBN'), ('for', 'IN'), ('the', 'DT'), ('price', 'NN'), ('.', '.'), ('Location', 'NN'), ('in', 'IN'), ('I', 'PRP'), ('Centro', 'NNP'), ('Storico', 'NNP'), ('was', 'VBD'), ('convenient', 'JJ'), ('enough', 'RB'), ('.', '.')]","['PRP', 'VBD', 'VBN', 'IN', 'DT', 'NN', '.', 'NN', 'IN', 'PRP', 'NNP', 'NNP', 'VBD', 'JJ', 'RB', '.']"
107877442,"Perfect for our trip. Check-in was smooth and the amenities were exactly what we needed. The entire apartment was spotless and exactly as described. Great location in I Centro Storico, close to everything we needed in Rome.","[('Perfect', 'NN'), ('for', 'IN'), ('our', 'PRP$'), ('trip', 'NN'), ('.', '.'), ('Check-in', 'NNP'), ('was', 'VBD'), ('smooth', 'JJ'), ('and', 'CC'), ('the', 'DT'), ('amenities', 'NNS'), ('were', 'VBD'), ('exactly', 'RB'), ('what', 'WP'), ('we', 'PRP'), ('needed', 'VBD'), ('.', '.'), ('The', 'DT'), ('entire', 'JJ'), ('apartment', 'NN'), ('was', 'VBD'), ('spotless', 'JJ'), ('and', 'CC'), ('exactly', 'RB'), ('as', 'IN'), ('described', 'VBN'), ('.', '.'), ('Great', 'NNP'), ('location', 'NN'), ('in', 'IN'), ('I', 'PRP'), ('Centro', 'NNP'), ('Storico', 'NNP'), (',', ','), ('close', 'RB'), ('to', 'TO'), ('everything', 'NN'), ('we', 'PRP'), ('needed', 'VBD'), ('in', 'IN'), ('Rome', 'NNP'), ('.', '.')]","['NN', 'IN', 'PRP$', 'NN', '.', 'NNP', 'VBD', 'JJ', 'CC', 'DT', 'NNS', 'VBD', 'RB', 'WP', 'PRP', 'VBD', '.', 'DT', 'JJ', 'NN', 'VBD', 'JJ', 'CC', 'RB', 'IN', 'VBN', '.', 'NNP', 'NN', 'IN', 'PRP', 'NNP', 'NNP', ',', 'RB', 'TO', 'NN', 'PRP', 'VBD', 'IN', 'NNP', '.']"
266446334,Reasonable for a short trip. Location in V Prenestino/Centocelle was convenient enough.,"[('Reasonable', 'JJ'), ('for', 'IN'), ('a', 'DT'), ('short', 'JJ'), ('trip', 'NN'), ('.', '.'), ('Location', 'NN'), ('in', 'IN'), ('V', 'NNP'), ('Prenestino/Centocelle', 'NNP'), ('was', 'VBD'), ('convenient', 'JJ'), ('enough', 'RB'), ('.', '.')]","['JJ', 'IN', 'DT', 'JJ', 'NN', '.', 'NN', 'IN', 'NNP', 'NNP', 'VBD', 'JJ', 'RB', '.']"
600210938,We had a fantastic time. The entire apartment was spotless and exactly as described. The place felt very cozy for 2 guests. Our superhost was super responsive and easy to communicate with.,"[('We', 'PRP'), ('had', 'VBD'), ('a', 'DT'), ('fantastic', 'JJ'), ('time', 'NN'), ('.', '.'), ('The', 'DT'), ('entire', 'JJ'), ('apartment', 'NN'), ('was', 'VBD'), ('spotless', 'JJ'), ('and', 'CC'), ('exactly', 'RB'), ('as', 'IN'), ('described', 'VBN'), ('.', '.'), ('The', 'DT'), ('place', 'NN'), ('felt', 'VBD'), ('very', 'RB'), ('cozy', 'JJ'), ('for', 'IN'), ('2', 'CD'), ('guests', 'NNS'), ('.', '.'), ('Our', 'PRP$'), ('superhost', 'NN'), ('was', 'VBD'), ('super', 'JJ'), ('responsive', 'NN'), ('and', 'CC'), ('easy', 'JJ'), ('to', 'TO'), ('communicate', 'VB'), ('with', 'IN'), ('.', '.')]","['PRP', 'VBD', 'DT', 'JJ', 'NN', '.', 'DT', 'JJ', 'NN', 'VBD', 'JJ', 'CC', 'RB', 'IN', 'VBN', '.', 'DT', 'NN', 'VBD', 'RB', 'JJ', 'IN', 'CD', 'NNS', '.', 'PRP$', 'NN', 'VBD', 'JJ', 'NN', 'CC', 'JJ', 'TO', 'VB', 'IN', '.']"
505701629,Below our expectations. Check-in was confusing and delayed our arrival in New York. We had several issues during our stay that were never resolved.,"[('Below', 'IN'), ('our', 'PRP$'), ('expectations', 'NNS'), ('.', '.'), ('Check-in', 'NNP'), ('was', 'VBD'), ('confusing', 'VBG'), ('and', 'CC'), ('delayed', 'VB'), ('our', 'PRP$'), ('arrival', 'NN'), ('in', 'IN'), ('New', 'NNP'), ('York', 'NNP'), ('.', '.'), ('We', 'PRP'), ('had', 'VBD'), ('several', 'JJ'), ('issues', 'NNS'), ('during', 'IN'), ('our', 'PRP$'), ('stay', 'NN'), ('that', 'WDT'), ('were', 'VBD'), ('never', 'RB'), ('resolved', 'VBN'), ('.', '.')]","['IN', 'PRP$', 'NNS', '.', 'NNP', 'VBD', 'VBG', 'CC', 'VB', 'PRP$', 'NN', 'IN', 'NNP', 'NNP', '.', 'PRP', 'VBD', 'JJ', 'NNS', 'IN', 'PRP$', 'NN', 'WDT', 'VBD', 'RB', 'VBN', '.']"
141715721,It was okay for the price. The entire apartment was fine but a little smaller than expected.,"[('It', 'PRP'), ('was', 'VBD'), ('okay', 'VBN'), ('for', 'IN'), ('the', 'DT'), ('price', 'NN'), ('.', '.'), ('The', 'DT'), ('entire', 'JJ'), ('apartment', 'NN'), ('was', 'VBD'), ('fine', 'JJ'), ('but', 'CC'), ('a', 'DT'), ('little', 'JJ'), ('smaller', 'JJR'), ('than', 'IN'), ('expected', 'VBN'), ('.', '.')]","['PRP', 'VBD', 'VBN', 'IN', 'DT', 'NN', '.', 'DT', 'JJ', 'NN', 'VBD', 'JJ', 'CC', 'DT', 'JJ', 'JJR', 'IN', 'VBN', '.']"
581930970,Couldn't have asked for more. Check-in was smooth and the amenities were exactly what we needed. The entire apartment was spotless and exactly as described.,"[('Could', 'MD'), (""n't"", 'RB'), ('have', 'VB'), ('asked', 'VBN'), ('for', 'IN'), ('more', 'JJR'), ('.', '.'), ('Check-in', 'NN'), ('was', 'VBD'), ('smooth', 'JJ'), ('and', 'CC'), ('the', 'DT'), ('amenities', 'NNS'), ('were', 'VBD'), ('exactly', 'RB'), ('what', 'WP'), ('we', 'PRP'), ('needed', 'VBD'), ('.', '.'), ('The', 'DT'), ('entire', 'JJ'), ('apartment', 'NN'), ('was', 'VBD'), ('spotless', 'JJ'), ('and', 'CC'), ('exactly', 'RB'), ('as', 'IN'), ('described', 'NN'), ('.', '.')]","['MD', 'RB', 'VB', 'VBN', 'IN', 'JJR', '.', 'NN', 'VBD', 'JJ', 'CC', 'DT', 'NNS', 'VBD', 'RB', 'WP', 'PRP', 'VBD', '.', 'DT', 'JJ', 'NN', 'VBD', 'JJ', 'CC', 'RB', 'IN', 'NN', '.']"
154849864,"Wonderful experience. Great location in I Centro Storico, close to everything we needed in Rome. The host was super responsive and easy to communicate with. The private room in bed and breakfast was spotless and exactly as described.","[('Wonderful', 'JJ'), ('experience', 'NN'), ('.', '.'), ('Great', 'NNP'), ('location', 'NN'), ('in', 'IN'), ('I', 'PRP'), ('Centro', 'NNP'), ('Storico', 'NNP'), (',', ','), ('close', 'RB'), ('to', 'TO'), ('everything', 'NN'), ('we', 'PRP'), ('needed', 'VBD'), ('in', 'IN'), ('Rome', 'NNP'), ('.', '.'), ('The', 'DT'), ('host', 'NN'), ('was', 'VBD'), ('super', 'JJ'), ('responsive', 'NN'), ('and', 'CC'), ('easy', 'JJ'), ('to', 'TO'), ('communicate', 'VB'), ('with', 'IN'), ('.', '.'), ('The', 'DT'), ('private', 'JJ'), ('room', 'NN'), ('in', 'IN'), ('bed', 'NN'), ('and', 'CC'), ('breakfast', 'NN'), ('was', 'VBD'), ('spotless', 'JJ'), ('and', 'CC'), ('exactly', 'RB'), ('as', 'IN'), ('described', 'NN'), ('.', '.')]","['JJ', 'NN', '.', 'NNP', 'NN', 'IN', 'PRP', 'NNP', 'NNP', ',', 'RB', 'TO', 'NN', 'PRP', 'VBD', 'IN', 'NNP', '.', 'DT', 'NN', 'VBD', 'JJ', 'NN', 'CC', 'JJ', 'TO', 'VB', 'IN', '.', 'DT', 'JJ', 'NN', 'IN', 'NN', 'CC', 'NN', 'VBD', 'JJ', 'CC', 'RB', 'IN', 'NN', '.']"
230564833,"Loved every minute of it. Great location in Ipanema, close to everything we needed in Rio de Janeiro. The place felt very cozy for 4 guests. Check-in was smooth and the amenities were exactly what we needed.","[('Loved', 'VBN'), ('every', 'DT'), ('minute', 'NN'), ('of', 'IN'), ('it', 'PRP'), ('.', '.'), ('Great', 'NNP'), ('location', 'NN'), ('in', 'IN'), ('Ipanema', 'NNP'), (',', ','), ('close', 'RB'), ('to', 'TO'), ('everything', 'NN'), ('we', 'PRP'), ('needed', 'VBD'), ('in', 'IN'), ('Rio', 'NNP'), ('de', 'IN'), ('Janeiro', 'NNP'), ('.', '.'), ('The', 'DT'), ('place', 'NN'), ('felt', 'VBD'), ('very', 'RB'), ('cozy', 'JJ'), ('for', 'IN'), ('4', 'CD'), ('guests', 'NNS'), ('.', '.'), ('Check-in', 'NNP'), ('was', 'VBD'), ('smooth', 'JJ'), ('and', 'CC'), ('the', 'DT'), ('amenities', 'NNS'), ('were', 'VBD'), ('exactly', 'RB'), ('what', 'WP'), ('we', 'PRP'), ('needed', 'VBD'), ('.', '.')]","['VBN', 'DT', 'NN', 'IN', 'PRP', '.', 'NNP', 'NN', 'IN', 'NNP', ',', 'RB', 'TO', 'NN', 'PRP', 'VBD', 'IN', 'NNP', 'IN', 'NNP', '.', 'DT', 'NN', 'VBD', 'RB', 'JJ', 'IN', 'CD', 'NNS', '.', 'NNP', 'VBD', 'JJ', 'CC', 'DT', 'NNS', 'VBD', 'RB', 'WP', 'PRP', 'VBD', '.']"
7880845,Not worth the price. The location in Copacabana was noisier than expected. The entire apartment was not as clean as the photos suggested. The host was difficult to reach when we had issues.,"[('Not', 'RB'), ('worth', 'IN'), ('the', 'DT'), ('price', 'NN'), ('.', '.'), ('The', 'DT'), ('location', 'NN'), ('in', 'IN'), ('Copacabana', 'NNP'), ('was', 'VBD'), ('noisier', 'JJR'), ('than', 'IN'), ('expected', 'VBN'), ('.', '.'), ('The', 'DT'), ('entire', 'JJ'), ('apartment', 'NN'), ('was', 'VBD'), ('not', 'RB'), ('as', 'RB'), ('clean', 'JJ'), ('as', 'IN'), ('the', 'DT'), ('photos', 'NN'), ('suggested', 'VBD'), ('.', '.'), ('The', 'DT'), ('host', 'NN'), ('was', 'VBD'), ('difficult', 'JJ'), ('to', 'TO'), ('reach', 'VB'), ('when', 'WRB'), ('we', 'PRP'), ('had', 'VBD'), ('issues', 'NNS'), ('.', '.')]","['RB', 'IN', 'DT', 'NN', '.', 'DT', 'NN', 'IN', 'NNP', 'VBD', 'JJR', 'IN', 'VBN', '.', 'DT', 'JJ', 'NN', 'VBD', 'RB', 'RB', 'JJ', 'IN', 'DT', 'NN', 'VBD', '.', 'DT', 'NN', 'VBD', 'JJ', 'TO', 'VB', 'WRB', 'PRP', 'VBD', 'NNS', '.']"
58819933,Decent stay overall. Our superhost was polite but slow to respond a couple of times.,"[('Decent', 'NNP'), ('stay', 'NN'), ('overall', 'RB'), ('.', '.'), ('Our', 'PRP$'), ('superhost', 'NN'), ('was', 'VBD'), ('polite', 'JJ'), ('but', 'CC'), ('slow', 'JJ'), ('to', 'TO'), ('respond', 'VB'), ('a', 'DT'), ('couple', 'NN'), ('of', 'IN'), ('times', 'NNS'), ('.', '.')]","['NNP', 'NN', 'RB', '.', 'PRP$', 'NN', 'VBD', 'JJ', 'CC', 'JJ', 'TO', 'VB', 'DT', 'NN', 'IN', 'NNS', '.']"
182630863,"Reasonable for a short trip. The host was polite but slow to respond a couple of times. Some things could be improved, like cleanliness in the entire apartment.","[('Reasonable', 'JJ'), ('for', 'IN'), ('a', 'DT'), ('short', 'JJ'), ('trip', 'NN'), ('.', '.'), ('The', 'DT'), ('host', 'NN'), ('was', 'VBD'), ('polite', 'JJ'), ('but', 'CC'), ('slow', 'JJ'), ('to', 'TO'), ('respond', 'VB'), ('a', 'DT'), ('couple', 'NN'), ('of', 'IN'), ('times', 'NNS'), ('.', '.'), ('Some', 'DT'), ('things', 'NNS'), ('could', 'MD'), ('be', 'VB'), ('improved', 'VBN'), (',', ','), ('like', 'IN'), ('cleanliness', 'NN'), ('in', 'IN'), ('the', 'DT'), ('entire', 'JJ'), ('apartment', 'NN'), ('.', '.')]","['JJ', 'IN', 'DT', 'JJ', 'NN', '.', 'DT', 'NN', 'VBD', 'JJ', 'CC', 'JJ', 'TO', 'VB', 'DT', 'NN', 'IN', 'NNS', '.', 'DT', 'NNS', 'MD', 'VB', 'VBN', ',', 'IN', 'NN', 'IN', 'DT', 'JJ', 'NN', '.']"
562189378,"Decent stay overall. Some things could be improved, like cleanliness in the entire apartment.","[('Decent', 'NNP'), ('stay', 'NN'), ('overall', 'RB'), ('.', '.'), ('Some', 'DT'), ('things', 'NNS'), ('could', 'MD'), ('be', 'VB'), ('improved', 'VBN'), (',', ','), ('like', 'IN'), ('cleanliness', 'NN'), ('in', 'IN'), ('the', 'DT'), ('entire', 'JJ'), ('apartment', 'NN'), ('.', '.')]","['NNP', 'NN', 'RB', '.', 'DT', 'NNS', 'MD', 'VB', 'VBN', ',', 'IN', 'NN', 'IN', 'DT', 'JJ', 'NN', '.']"
108741424,Reasonable for a short trip. The host was polite but slow to respond a couple of times.,"[('Reasonable', 'JJ'), ('for', 'IN'), ('a', 'DT'), ('short', 'JJ'), ('trip', 'NN'), ('.', '.'), ('The', 'DT'), ('host', 'NN'), ('was', 'VBD'), ('polite', 'JJ'), ('but', 'CC'), ('slow', 'JJ'), ('to', 'TO'), ('respond', 'VB'), ('a', 'DT'), ('couple', 'NN'), ('of', 'IN'), ('times', 'NNS'), ('.', '.')]","['JJ', 'IN', 'DT', 'JJ', 'NN', '.', 'DT', 'NN', 'VBD', 'JJ', 'CC', 'JJ', 'TO', 'VB', 'DT', 'NN', 'IN', 'NNS', '.']"
27630110,"An average experience. Some things could be improved, like cleanliness in the private room in apartment. Location in Sai Kung was convenient enough.","[('An', 'DT'), ('average', 'JJ'), ('experience', 'NN'), ('.', '.'), ('Some', 'DT'), ('things', 'NNS'), ('could', 'MD'), ('be', 'VB'), ('improved', 'VBN'), (',', ','), ('like', 'IN'), ('cleanliness', 'NN'), ('in', 'IN'), ('the', 'DT'), ('private', 'JJ'), ('room', 'NN'), ('in', 'IN'), ('apartment', 'NN'), ('.', '.'), ('Location', 'NN'), ('in', 'IN'), ('Sai', 'NNP'), ('Kung', 'NNP'), ('was', 'VBD'), ('convenient', 'JJ'), ('enough', 'RB'), ('.', '.')]","['DT', 'JJ', 'NN', '.', 'DT', 'NNS', 'MD', 'VB', 'VBN', ',', 'IN', 'NN', 'IN', 'DT', 'JJ', 'NN', 'IN', 'NN', '.', 'NN', 'IN', 'NNP', 'NNP', 'VBD', 'JJ', 'RB', '.']"
36894147,"Exceeded our expectations! The place felt very cozy for 2 guests. Great location in Bourse, close to everything we needed in Paris. Check-in was smooth and the amenities were exactly what we needed.","[('Exceeded', 'VBD'), ('our', 'PRP$'), ('expectations', 'NNS'), ('!', '.'), ('The', 'DT'), ('place', 'NN'), ('felt', 'VBD'), ('very', 'RB'), ('cozy', 'JJ'), ('for', 'IN'), ('2', 'CD'), ('guests', 'NNS'), ('.', '.'), ('Great', 'NNP'), ('location', 'NN'), ('in', 'IN'), ('Bourse', 'NNP'), (',', ','), ('close', 'RB'), ('to', 'TO'), ('everything', 'NN'), ('we', 'PRP'), ('needed', 'VBD'), ('in', 'IN'), ('Paris', 'NNP'), ('.', '.'), ('Check-in', 'NNP'), ('was', 'VBD'), ('smooth', 'JJ'), ('and', 'CC'), ('the', 'DT'), ('amenities', 'NNS'), ('were', 'VBD'), ('exactly', 'RB'), ('what', 'WP'), ('we', 'PRP'), ('needed', 'VBD'), ('.', '.')]","['VBD', 'PRP$', 'NNS', '.', 'DT', 'NN', 'VBD', 'RB', 'JJ', 'IN', 'CD', 'NNS', '.', 'NNP', 'NN', 'IN', 'NNP', ',', 'RB', 'TO', 'NN', 'PRP', 'VBD', 'IN', 'NNP', '.', 'NNP', 'VBD', 'JJ', 'CC', 'DT', 'NNS', 'VBD', 'RB', 'WP', 'PRP', 'VBD', '.']"
285859802,Would not recommend. Our superhost was difficult to reach when we had issues. We had several issues during our stay that were never resolved. The location in Sydney was noisier than expected.,"[('Would', 'MD'), ('not', 'RB'), ('recommend', 'VB'), ('.', '.'), ('Our', 'PRP$'), ('superhost', 'NN'), ('was', 'VBD'), ('difficult', 'JJ'), ('to', 'TO'), ('reach', 'VB'), ('when', 'WRB'), ('we', 'PRP'), ('had', 'VBD'), ('issues', 'NNS'), ('.', '.'), ('We', 'PRP'), ('had', 'VBD'), ('several', 'JJ'), ('issues', 'NNS'), ('during', 'IN'), ('our', 'PRP$'), ('stay', 'NN'), ('that', 'WDT'), ('were', 'VBD'), ('never', 'RB'), ('resolved', 'VBN'), ('.', '.'), ('The', 'DT'), ('location', 'NN'), ('in', 'IN'), ('Sydney', 'NNP'), ('was', 'VBD'), ('noisier', 'JJR'), ('than', 'IN'), ('expected', 'VBN'), ('.', '.')]","['MD', 'RB', 'VB', '.', 'PRP$', 'NN', 'VBD', 'JJ', 'TO', 'VB', 'WRB', 'PRP', 'VBD', 'NNS', '.', 'PRP', 'VBD', 'JJ', 'NNS', 'IN', 'PRP$', 'NN', 'WDT', 'VBD', 'RB', 'VBN', '.', 'DT', 'NN', 'IN', 'NNP', 'VBD', 'JJR', 'IN', 'VBN', '.']"
586551723,Amazing stay! The host was super responsive and easy to communicate with. Check-in was smooth and the amenities were exactly what we needed.,"[('Amazing', 'VBG'), ('stay', 'NN'), ('!', '.'), ('The', 'DT'), ('host', 'NN'), ('was', 'VBD'), ('super', 'JJ'), ('responsive', 'NN'), ('and', 'CC'), ('easy', 'JJ'), ('to', 'TO'), ('communicate', 'VB'), ('with', 'IN'), ('.', '.'), ('Check-in', 'NNP'), ('was', 'VBD'), ('smooth', 'JJ'), ('and', 'CC'), ('the', 'DT'), ('amenities', 'NNS'), ('were', 'VBD'), ('exactly', 'RB'), ('what', 'WP'), ('we', 'PRP'), ('needed', 'VBD'), ('.', '.')]","['VBG', 'NN', '.', 'DT', 'NN', 'VBD', 'JJ', 'NN', 'CC', 'JJ', 'TO', 'VB', 'IN', '.', 'NNP', 'VBD', 'JJ', 'CC', 'DT', 'NNS', 'VBD', 'RB', 'WP', 'PRP', 'VBD', '.']"
547048566,Would not recommend. Our superhost was difficult to reach when we had issues. Check-in was confusing and delayed our arrival in Rio de Janeiro.,"[('Would', 'MD'), ('not', 'RB'), ('recommend', 'VB'), ('.', '.'), ('Our', 'PRP$'), ('superhost', 'NN'), ('was', 'VBD'), ('difficult', 'JJ'), ('to', 'TO'), ('reach', 'VB'), ('when', 'WRB'), ('we', 'PRP'), ('had', 'VBD'), ('issues', 'NNS'), ('.', '.'), ('Check-in', 'NNP'), ('was', 'VBD'), ('confusing', 'VBG'), ('and', 'CC'), ('delayed', 'VB'), ('our', 'PRP$'), ('arrival', 'NN'), ('in', 'IN'), ('Rio', 'NNP'), ('de', 'IN'), ('Janeiro', 'NNP'), ('.', '.')]","['MD', 'RB', 'VB', '.', 'PRP$', 'NN', 'VBD', 'JJ', 'TO', 'VB', 'WRB', 'PRP', 'VBD', 'NNS', '.', 'NNP', 'VBD', 'VBG', 'CC', 'VB', 'PRP$', 'NN', 'IN', 'NNP', 'IN', 'NNP', '.']"
188035764,Below our expectations. Check-in was confusing and delayed our arrival in Rome. We had several issues during our stay that were never resolved. The location in II Parioli/Nomentano was noisier than expected.,"[('Below', 'IN'), ('our', 'PRP$'), ('expectations', 'NNS'), ('.', '.'), ('Check-in', 'NNP'), ('was', 'VBD'), ('confusing', 'VBG'), ('and', 'CC'), ('delayed', 'VB'), ('our', 'PRP$'), ('arrival', 'NN'), ('in', 'IN'), ('Rome', 'NNP'), ('.', '.'), ('We', 'PRP'), ('had', 'VBD'), ('several', 'JJ'), ('issues', 'NNS'), ('during', 'IN'), ('our', 'PRP$'), ('stay', 'NN'), ('that', 'WDT'), ('were', 'VBD'), ('never', 'RB'), ('resolved', 'VBN'), ('.', '.'), ('The', 'DT'), ('location', 'NN'), ('in', 'IN'), ('II', 'NNP'), ('Parioli/Nomentano', 'NNP'), ('was', 'VBD'), ('noisier', 'JJR'), ('than', 'IN'), ('expected', 'VBN'), ('.', '.')]","['IN', 'PRP$', 'NNS', '.', 'NNP', 'VBD', 'VBG', 'CC', 'VB', 'PRP$', 'NN', 'IN', 'NNP', '.', 'PRP', 'VBD', 'JJ', 'NNS', 'IN', 'PRP$', 'NN', 'WDT', 'VBD', 'RB', 'VBN', '.', 'DT', 'NN', 'IN', 'NNP', 'NNP', 'VBD', 'JJR', 'IN', 'VBN', '.']"
46944486,Would not recommend. The host was difficult to reach when we had issues. We had several issues during our stay that were never resolved. Check-in was confusing and delayed our arrival in Paris.,"[('Would', 'MD'), ('not', 'RB'), ('recommend', 'VB'), ('.', '.'), ('The', 'DT'), ('host', 'NN'), ('was', 'VBD'), ('difficult', 'JJ'), ('to', 'TO'), ('reach', 'VB'), ('when', 'WRB'), ('we', 'PRP'), ('had', 'VBD'), ('issues', 'NNS'), ('.', '.'), ('We', 'PRP'), ('had', 'VBD'), ('several', 'JJ'), ('issues', 'NNS'), ('during', 'IN'), ('our', 'PRP$'), ('stay', 'NN'), ('that', 'WDT'), ('were', 'VBD'), ('never', 'RB'), ('resolved', 'VBN'), ('.', '.'), ('Check-in', 'NNP'), ('was', 'VBD'), ('confusing', 'VBG'), ('and', 'CC'), ('delayed', 'VB'), ('our', 'PRP$'), ('arrival', 'NN'), ('in', 'IN'), ('Paris', 'NNP'), ('.', '.')]","['MD', 'RB', 'VB', '.', 'DT', 'NN', 'VBD', 'JJ', 'TO', 'VB', 'WRB', 'PRP', 'VBD', 'NNS', '.', 'PRP', 'VBD', 'JJ', 'NNS', 'IN', 'PRP$', 'NN', 'WDT', 'VBD', 'RB', 'VBN', '.', 'NNP', 'VBD', 'VBG', 'CC', 'VB', 'PRP$', 'NN', 'IN', 'NNP', '.']"
210138948,Would not recommend. The entire apartment was not as clean as the photos suggested. Our superhost was difficult to reach when we had issues.,"[('Would', 'MD'), ('not', 'RB'), ('recommend', 'VB'), ('.', '.'), ('The', 'DT'), ('entire', 'JJ'), ('apartment', 'NN'), ('was', 'VBD'), ('not', 'RB'), ('as', 'RB'), ('clean', 'JJ'), ('as', 'IN'), ('the', 'DT'), ('photos', 'NN'), ('suggested', 'VBD'), ('.', '.'), ('Our', 'PRP$'), ('superhost', 'NN'), ('was', 'VBD'), ('difficult', 'JJ'), ('to', 'TO'), ('reach', 'VB'), ('when', 'WRB'), ('we', 'PRP'), ('had', 'VBD'), ('issues', 'NNS'), ('.', '.')]","['MD', 'RB', 'VB', '.', 'DT', 'JJ', 'NN', 'VBD', 'RB', 'RB', 'JJ', 'IN', 'DT', 'NN', 'VBD', '.', 'PRP$', 'NN', 'VBD', 'JJ', 'TO', 'VB', 'WRB', 'PRP', 'VBD', 'NNS', '.']"
617971070,We had a rough experience. Check-in was confusing and delayed our arrival in Paris. The host was difficult to reach when we had issues.,"[('We', 'PRP'), ('had', 'VBD'), ('a', 'DT'), ('rough', 'JJ'), ('experience', 'NN'), ('.', '.'), ('Check-in', 'NNP'), ('was', 'VBD'), ('confusing', 'VBG'), ('and', 'CC'), ('delayed', 'VB'), ('our', 'PRP$'), ('arrival', 'NN'), ('in', 'IN'), ('Paris', 'NNP'), ('.', '.'), ('The', 'DT'), ('host', 'NN'), ('was', 'VBD'), ('difficult', 'JJ'), ('to', 'TO'), ('reach', 'VB'), ('when', 'WRB'), ('we', 'PRP'), ('had', 'VBD'), ('issues', 'NNS'), ('.', '.')]","['PRP', 'VBD', 'DT', 'JJ', 'NN', '.', 'NNP', 'VBD', 'VBG', 'CC', 'VB', 'PRP$', 'NN', 'IN', 'NNP', '.', 'DT', 'NN', 'VBD', 'JJ', 'TO', 'VB', 'WRB', 'PRP', 'VBD', 'NNS', '.']"
421994890,Reasonable for a short trip. It served its purpose for our stay in Rome. The host was polite but slow to respond a couple of times.,"[('Reasonable', 'JJ'), ('for', 'IN'), ('a', 'DT'), ('short', 'JJ'), ('trip', 'NN'), ('.', '.'), ('It', 'PRP'), ('served', 'VBD'), ('its', 'PRP$'), ('purpose', 'NN'), ('for', 'IN'), ('our', 'PRP$'), ('stay', 'NN'), ('in', 'IN'), ('Rome', 'NNP'), ('.', '.'), ('The', 'DT'), ('host', 'NN'), ('was', 'VBD'), ('polite', 'JJ'), ('but', 'CC'), ('slow', 'JJ'), ('to', 'TO'), ('respond', 'VB'), ('a', 'DT'), ('couple', 'NN'), ('of', 'IN'), ('times', 'NNS'), ('.', '.')]","['JJ', 'IN', 'DT', 'JJ', 'NN', '.', 'PRP', 'VBD', 'PRP$', 'NN', 'IN', 'PRP$', 'NN', 'IN', 'NNP', '.', 'DT', 'NN', 'VBD', 'JJ', 'CC', 'JJ', 'TO', 'VB', 'DT', 'NN', 'IN', 'NNS', '.']"
203946722,We had a fantastic time. The place felt very cozy for 4 guests. Check-in was smooth and the amenities were exactly what we needed.,"[('We', 'PRP'), ('had', 'VBD'), ('a', 'DT'), ('fantastic', 'JJ'), ('time', 'NN'), ('.', '.'), ('The', 'DT'), ('place', 'NN'), ('felt', 'VBD'), ('very', 'RB'), ('cozy', 'JJ'), ('for', 'IN'), ('4', 'CD'), ('guests', 'NNS'), ('.', '.'), ('Check-in', 'NNP'), ('was', 'VBD'), ('smooth', 'JJ'), ('and', 'CC'), ('the', 'DT'), ('amenities', 'NNS'), ('were', 'VBD'), ('exactly', 'RB'), ('what', 'WP'), ('we', 'PRP'), ('needed', 'VBD'), ('.', '.')]","['PRP', 'VBD', 'DT', 'JJ', 'NN', '.', 'DT', 'NN', 'VBD', 'RB', 'JJ', 'IN', 'CD', 'NNS', '.', 'NNP', 'VBD', 'JJ', 'CC', 'DT', 'NNS', 'VBD', 'RB', 'WP', 'PRP', 'VBD', '.']"
72871841,"Reasonable for a short trip. Location in Harlem was convenient enough. Some things could be improved, like cleanliness in the entire house.","[('Reasonable', 'JJ'), ('for', 'IN'), ('a', 'DT'), ('short', 'JJ'), ('trip', 'NN'), ('.', '.'), ('Location', 'NN'), ('in', 'IN'), ('Harlem', 'NNP'), ('was', 'VBD'), ('convenient', 'JJ'), ('enough', 'RB'), ('.', '.'), ('Some', 'DT'), ('things', 'NNS'), ('could', 'MD'), ('be', 'VB'), ('improved', 'VBN'), (',', ','), ('like', 'IN'), ('cleanliness', 'NN'), ('in', 'IN'), ('the', 'DT'), ('entire', 'JJ'), ('house', 'NN'), ('.', '.')]","['JJ', 'IN', 'DT', 'JJ', 'NN', '.', 'NN', 'IN', 'NNP', 'VBD', 'JJ', 'RB', '.', 'DT', 'NNS', 'MD', 'VB', 'VBN', ',', 'IN', 'NN', 'IN', 'DT', 'JJ', 'NN', '.']"
635360199,Amazing stay! The entire apartment was spotless and exactly as described. Check-in was smooth and the amenities were exactly what we needed.,"[('Amazing', 'VBG'), ('stay', 'NN'), ('!', '.'), ('The', 'DT'), ('entire', 'JJ'), ('apartment', 'NN'), ('was', 'VBD'), ('spotless', 'JJ'), ('and', 'CC'), ('exactly', 'RB'), ('as', 'IN'), ('described', 'VBN'), ('.', '.'), ('Check-in', 'NNP'), ('was', 'VBD'), ('smooth', 'JJ'), ('and', 'CC'), ('the', 'DT'), ('amenities', 'NNS'), ('were', 'VBD'), ('exactly', 'RB'), ('what', 'WP'), ('we', 'PRP'), ('needed', 'VBD'), ('.', '.')]","['VBG', 'NN', '.', 'DT', 'JJ', 'NN', 'VBD', 'JJ', 'CC', 'RB', 'IN', 'VBN', '.', 'NNP', 'VBD', 'JJ', 'CC', 'DT', 'NNS', 'VBD', 'RB', 'WP', 'PRP', 'VBD', '.']"
486393715,Disappointing stay. We had several issues during our stay that were never resolved. The shared room in hostel was not as clean as the photos suggested. The location in Chelsea was noisier than expected.,"[('Disappointing', 'VBG'), ('stay', 'NN'), ('.', '.'), ('We', 'PRP'), ('had', 'VBD'), ('several', 'JJ'), ('issues', 'NNS'), ('during', 'IN'), ('our', 'PRP$'), ('stay', 'NN'), ('that', 'WDT'), ('were', 'VBD'), ('never', 'RB'), ('resolved', 'VBN'), ('.', '.'), ('The', 'DT'), ('shared', 'JJ'), ('room', 'NN'), ('in', 'IN'), ('hostel', 'NN'), ('was', 'VBD'), ('not', 'RB'), ('as', 'RB'), ('clean', 'JJ'), ('as', 'IN'), ('the', 'DT'), ('photos', 'NN'), ('suggested', 'VBD'), ('.', '.'), ('The', 'DT'), ('location', 'NN'), ('in', 'IN'), ('Chelsea', 'NNP'), ('was', 'VBD'), ('noisier', 'JJR'), ('than', 'IN'), ('expected', 'VBN'), ('.', '.')]","['VBG', 'NN', '.', 'PRP', 'VBD', 'JJ', 'NNS', 'IN', 'PRP$', 'NN', 'WDT', 'VBD', 'RB', 'VBN', '.', 'DT', 'JJ', 'NN', 'IN', 'NN', 'VBD', 'RB', 'RB', 'JJ', 'IN', 'DT', 'NN', 'VBD', '.', 'DT', 'NN', 'IN', 'NNP', 'VBD', 'JJR', 'IN', 'VBN', '.']"
46047234,Disappointing stay. We had several issues during our stay that were never resolved. The location in Clinton Hill was noisier than expected.,"[('Disappointing', 'VBG'), ('stay', 'NN'), ('.', '.'), ('We', 'PRP'), ('had', 'VBD'), ('several', 'JJ'), ('issues', 'NNS'), ('during', 'IN'), ('our', 'PRP$'), ('stay', 'NN'), ('that', 'WDT'), ('were', 'VBD'), ('never', 'RB'), ('resolved', 'VBN'), ('.', '.'), ('The', 'DT'), ('location', 'NN'), ('in', 'IN'), ('Clinton', 'NNP'), ('Hill', 'NNP'), ('was', 'VBD'), ('noisier', 'JJR'), ('than', 'IN'), ('expected', 'VBN'), ('.', '.')]","['VBG', 'NN', '.', 'PRP', 'VBD', 'JJ', 'NNS', 'IN', 'PRP$', 'NN', 'WDT', 'VBD', 'RB', 'VBN', '.', 'DT', 'NN', 'IN', 'NNP', 'NNP', 'VBD', 'JJR', 'IN', 'VBN', '.']"
88027939,An average experience. Location in Popincourt was convenient enough.,"[('An', 'DT'), ('average', 'JJ'), ('experience', 'NN'), ('.', '.'), ('Location', 'NN'), ('in', 'IN'), ('Popincourt', 'NNP'), ('was', 'VBD'), ('convenient', 'JJ'), ('enough', 'RB'), ('.', '.')]","['DT', 'JJ', 'NN', '.', 'NN', 'IN', 'NNP', 'VBD', 'JJ', 'RB', '.']"
343372477,Reasonable for a short trip. The private room in apartment was fine but a little smaller than expected. Our superhost was polite but slow to respond a couple of times.,"[('Reasonable', 'JJ'), ('for', 'IN'), ('a', 'DT'), ('short', 'JJ'), ('trip', 'NN'), ('.', '.'), ('The', 'DT'), ('private', 'JJ'), ('room', 'NN'), ('in', 'IN'), ('apartment', 'NN'), ('was', 'VBD'), ('fine', 'JJ'), ('but', 'CC'), ('a', 'DT'), ('little', 'JJ'), ('smaller', 'JJR'), ('than', 'IN'), ('expected', 'VBN'), ('.', '.'), ('Our', 'PRP$'), ('superhost', 'NN'), ('was', 'VBD'), ('polite', 'JJ'), ('but', 'CC'), ('slow', 'JJ'), ('to', 'TO'), ('respond', 'VB'), ('a', 'DT'), ('couple', 'NN'), ('of', 'IN'), ('times', 'NNS'), ('.', '.')]","['JJ', 'IN', 'DT', 'JJ', 'NN', '.', 'DT', 'JJ', 'NN', 'IN', 'NN', 'VBD', 'JJ', 'CC', 'DT', 'JJ', 'JJR', 'IN', 'VBN', '.', 'PRP$', 'NN', 'VBD', 'JJ', 'CC', 'JJ', 'TO', 'VB', 'DT', 'NN', 'IN', 'NNS', '.']"
62715587,Perfect for our trip. The entire apartment was spotless and exactly as described. We would definitely book this entire apartment again.,"[('Perfect', 'NN'), ('for', 'IN'), ('our', 'PRP$'), ('trip', 'NN'), ('.', '.'), ('The', 'DT'), ('entire', 'JJ'), ('apartment', 'NN'), ('was', 'VBD'), ('spotless', 'JJ'), ('and', 'CC'), ('exactly', 'RB'), ('as', 'IN'), ('described', 'VBN'), ('.', '.'), ('We', 'PRP'), ('would', 'MD'), ('definitely', 'RB'), ('book', 'NN'), ('this', 'DT'), ('entire', 'JJ'), ('apartment', 'NN'), ('again', 'RB'), ('.', '.')]","['NN', 'IN', 'PRP$', 'NN', '.', 'DT', 'JJ', 'NN', 'VBD', 'JJ', 'CC', 'RB', 'IN', 'VBN', '.', 'PRP', 'MD', 'RB', 'NN', 'DT', 'JJ', 'NN', 'RB', '.']"
430286393,Below our expectations. Check-in was confusing and delayed our arrival in Rome. We had several issues during our stay that were never resolved.,"[('Below', 'IN'), ('our', 'PRP$'), ('expectations', 'NNS'), ('.', '.'), ('Check-in', 'NNP'), ('was', 'VBD'), ('confusing', 'VBG'), ('and', 'CC'), ('delayed', 'VB'), ('our', 'PRP$'), ('arrival', 'NN'), ('in', 'IN'), ('Rome', 'NNP'), ('.', '.'), ('We', 'PRP'), ('had', 'VBD'), ('several', 'JJ'), ('issues', 'NNS'), ('during', 'IN'), ('our', 'PRP$'), ('stay', 'NN'), ('that', 'WDT'), ('were', 'VBD'), ('never', 'RB'), ('resolved', 'VBN'), ('.', '.')]","['IN', 'PRP$', 'NNS', '.', 'NNP', 'VBD', 'VBG', 'CC', 'VB', 'PRP$', 'NN', 'IN', 'NNP', '.', 'PRP', 'VBD', 'JJ', 'NNS', 'IN', 'PRP$', 'NN', 'WDT', 'VBD', 'RB', 'VBN', '.']"
145027887,It was okay for the price. The entire apartment was fine but a little smaller than expected. The host was polite but slow to respond a couple of times.,"[('It', 'PRP'), ('was', 'VBD'), ('okay', 'VBN'), ('for', 'IN'), ('the', 'DT'), ('price', 'NN'), ('.', '.'), ('The', 'DT'), ('entire', 'JJ'), ('apartment', 'NN'), ('was', 'VBD'), ('fine', 'JJ'), ('but', 'CC'), ('a', 'DT'), ('little', 'JJ'), ('smaller', 'JJR'), ('than', 'IN'), ('expected', 'VBN'), ('.', '.'), ('The', 'DT'), ('host', 'NN'), ('was', 'VBD'), ('polite', 'JJ'), ('but', 'CC'), ('slow', 'JJ'), ('to', 'TO'), ('respond', 'VB'), ('a', 'DT'), ('couple', 'NN'), ('of', 'IN'), ('times', 'NNS'), ('.', '.')]","['PRP', 'VBD', 'VBN', 'IN', 'DT', 'NN', '.', 'DT', 'JJ', 'NN', 'VBD', 'JJ', 'CC', 'DT', 'JJ', 'JJR', 'IN', 'VBN', '.', 'DT', 'NN', 'VBD', 'JJ', 'CC', 'JJ', 'TO', 'VB', 'DT', 'NN', 'IN', 'NNS', '.']"
712849989,Couldn't have asked for more. Check-in was smooth and the amenities were exactly what we needed. We would definitely book this entire apartment again.,"[('Could', 'MD'), (""n't"", 'RB'), ('have', 'VB'), ('asked', 'VBN'), ('for', 'IN'), ('more', 'JJR'), ('.', '.'), ('Check-in', 'NN'), ('was', 'VBD'), ('smooth', 'JJ'), ('and', 'CC'), ('the', 'DT'), ('amenities', 'NNS'), ('were', 'VBD'), ('exactly', 'RB'), ('what', 'WP'), ('we', 'PRP'), ('needed', 'VBD'), ('.', '.'), ('We', 'PRP'), ('would', 'MD'), ('definitely', 'RB'), ('book', 'NN'), ('this', 'DT'), ('entire', 'JJ'), ('apartment', 'NN'), ('again', 'RB'), ('.', '.')]","['MD', 'RB', 'VB', 'VBN', 'IN', 'JJR', '.', 'NN', 'VBD', 'JJ', 'CC', 'DT', 'NNS', 'VBD', 'RB', 'WP', 'PRP', 'VBD', '.', 'PRP', 'MD', 'RB', 'NN', 'DT', 'JJ', 'NN', 'RB', '.']"
567412513,Disappointing stay. The entire condominium was not as clean as the photos suggested. The location in Midtown was noisier than expected. Our superhost was difficult to reach when we had issues.,"[('Disappointing', 'VBG'), ('stay', 'NN'), ('.', '.'), ('The', 'DT'), ('entire', 'JJ'), ('condominium', 'NN'), ('was', 'VBD'), ('not', 'RB'), ('as', 'RB'), ('clean', 'JJ'), ('as', 'IN'), ('the', 'DT'), ('photos', 'NN'), ('suggested', 'VBD'), ('.', '.'), ('The', 'DT'), ('location', 'NN'), ('in', 'IN'), ('Midtown', 'NNP'), ('was', 'VBD'), ('noisier', 'JJR'), ('than', 'IN'), ('expected', 'VBN'), ('.', '.'), ('Our', 'PRP$'), ('superhost', 'NN'), ('was', 'VBD'), ('difficult', 'JJ'), ('to', 'TO'), ('reach', 'VB'), ('when', 'WRB'), ('we', 'PRP'), ('had', 'VBD'), ('issues', 'NNS'), ('.', '.')]","['VBG', 'NN', '.', 'DT', 'JJ', 'NN', 'VBD', 'RB', 'RB', 'JJ', 'IN', 'DT', 'NN', 'VBD', '.', 'DT', 'NN', 'IN', 'NNP', 'VBD', 'JJR', 'IN', 'VBN', '.', 'PRP$', 'NN', 'VBD', 'JJ', 'TO', 'VB', 'WRB', 'PRP', 'VBD', 'NNS', '.']"
421713184,Reasonable for a short trip. The entire condominium was fine but a little smaller than expected.,"[('Reasonable', 'JJ'), ('for', 'IN'), ('a', 'DT'), ('short', 'JJ'), ('trip', 'NN'), ('.', '.'), ('The', 'DT'), ('entire', 'JJ'), ('condominium', 'NN'), ('was', 'VBD'), ('fine', 'JJ'), ('but', 'CC'), ('a', 'DT'), ('little', 'JJ'), ('smaller', 'JJR'), ('than', 'IN'), ('expected', 'VBN'), ('.', '.')]","['JJ', 'IN', 'DT', 'JJ', 'NN', '.', 'DT', 'JJ', 'NN', 'VBD', 'JJ', 'CC', 'DT', 'JJ', 'JJR', 'IN', 'VBN', '.']"
275751579,Exceeded our expectations! The host was super responsive and easy to communicate with. The place felt very cozy for 2 guests. Check-in was smooth and the amenities were exactly what we needed.,"[('Exceeded', 'VBD'), ('our', 'PRP$'), ('expectations', 'NNS'), ('!', '.'), ('The', 'DT'), ('host', 'NN'), ('was', 'VBD'), ('super', 'JJ'), ('responsive', 'NN'), ('and', 'CC'), ('easy', 'JJ'), ('to', 'TO'), ('communicate', 'VB'), ('with', 'IN'), ('.', '.'), ('The', 'DT'), ('place', 'NN'), ('felt', 'VBD'), ('very', 'RB'), ('cozy', 'JJ'), ('for', 'IN'), ('2', 'CD'), ('guests', 'NNS'), ('.', '.'), ('Check-in', 'NNP'), ('was', 'VBD'), ('smooth', 'JJ'), ('and', 'CC'), ('the', 'DT'), ('amenities', 'NNS'), ('were', 'VBD'), ('exactly', 'RB'), ('what', 'WP'), ('we', 'PRP'), ('needed', 'VBD'), ('.', '.')]","['VBD', 'PRP$', 'NNS', '.', 'DT', 'NN', 'VBD', 'JJ', 'NN', 'CC', 'JJ', 'TO', 'VB', 'IN', '.', 'DT', 'NN', 'VBD', 'RB', 'JJ', 'IN', 'CD', 'NNS', '.', 'NNP', 'VBD', 'JJ', 'CC', 'DT', 'NNS', 'VBD', 'RB', 'WP', 'PRP', 'VBD', '.']"
587734410,Disappointing stay. The location in Jackson Heights was noisier than expected. Our superhost was difficult to reach when we had issues.,"[('Disappointing', 'VBG'), ('stay', 'NN'), ('.', '.'), ('The', 'DT'), ('location', 'NN'), ('in', 'IN'), ('Jackson', 'NNP'), ('Heights', 'NNP'), ('was', 'VBD'), ('noisier', 'JJR'), ('than', 'IN'), ('expected', 'VBN'), ('.', '.'), ('Our', 'PRP$'), ('superhost', 'NN'), ('was', 'VBD'), ('difficult', 'JJ'), ('to', 'TO'), ('reach', 'VB'), ('when', 'WRB'), ('we', 'PRP'), ('had', 'VBD'), ('issues', 'NNS'), ('.', '.')]","['VBG', 'NN', '.', 'DT', 'NN', 'IN', 'NNP', 'NNP', 'VBD', 'JJR', 'IN', 'VBN', '.', 'PRP$', 'NN', 'VBD', 'JJ', 'TO', 'VB', 'WRB', 'PRP', 'VBD', 'NNS', '.']"
269767425,Perfect for our trip. The place felt very cozy for 2 guests. The host was super responsive and easy to communicate with. The entire apartment was spotless and exactly as described.,"[('Perfect', 'NN'), ('for', 'IN'), ('our', 'PRP$'), ('trip', 'NN'), ('.', '.'), ('The', 'DT'), ('place', 'NN'), ('felt', 'VBD'), ('very', 'RB'), ('cozy', 'JJ'), ('for', 'IN'), ('2', 'CD'), ('guests', 'NNS'), ('.', '.'), ('The', 'DT'), ('host', 'NN'), ('was', 'VBD'), ('super', 'JJ'), ('responsive', 'NN'), ('and', 'CC'), ('easy', 'JJ'), ('to', 'TO'), ('communicate', 'VB'), ('with', 'IN'), ('.', '.'), ('The', 'DT'), ('entire', 'JJ'), ('apartment', 'NN'), ('was', 'VBD'), ('spotless', 'JJ'), ('and', 'CC'), ('exactly', 'RB'), ('as', 'IN'), ('described', 'NN'), ('.', '.')]","['NN', 'IN', 'PRP$', 'NN', '.', 'DT', 'NN', 'VBD', 'RB', 'JJ', 'IN', 'CD', 'NNS', '.', 'DT', 'NN', 'VBD', 'JJ', 'NN', 'CC', 'JJ', 'TO', 'VB', 'IN', '.', 'DT', 'JJ', 'NN', 'VBD', 'JJ', 'CC', 'RB', 'IN', 'NN', '.']"
252905409,"Nothing special, but fine. It served its purpose for our stay in Rio de Janeiro. Location in Flamengo was convenient enough.","[('Nothing', 'VBG'), ('special', 'JJ'), (',', ','), ('but', 'CC'), ('fine', 'JJ'), ('.', '.'), ('It', 'PRP'), ('served', 'VBD'), ('its', 'PRP$'), ('purpose', 'NN'), ('for', 'IN'), ('our', 'PRP$'), ('stay', 'NN'), ('in', 'IN'), ('Rio', 'NNP'), ('de', 'IN'), ('Janeiro', 'NNP'), ('.', '.'), ('Location', 'NN'), ('in', 'IN'), ('Flamengo', 'NNP'), ('was', 'VBD'), ('convenient', 'JJ'), ('enough', 'RB'), ('.', '.')]","['VBG', 'JJ', ',', 'CC', 'JJ', '.', 'PRP', 'VBD', 'PRP$', 'NN', 'IN', 'PRP$', 'NN', 'IN', 'NNP', 'IN', 'NNP', '.', 'NN', 'IN', 'NNP', 'VBD', 'JJ', 'RB', '.']"
1092071,It was okay for the price. The host was polite but slow to respond a couple of times.,"[('It', 'PRP'), ('was', 'VBD'), ('okay', 'VBN'), ('for', 'IN'), ('the', 'DT'), ('price', 'NN'), ('.', '.'), ('The', 'DT'), ('host', 'NN'), ('was', 'VBD'), ('polite', 'JJ'), ('but', 'CC'), ('slow', 'JJ'), ('to', 'TO'), ('respond', 'VB'), ('a', 'DT'), ('couple', 'NN'), ('of', 'IN'), ('times', 'NNS'), ('.', '.')]","['PRP', 'VBD', 'VBN', 'IN', 'DT', 'NN', '.', 'DT', 'NN', 'VBD', 'JJ', 'CC', 'JJ', 'TO', 'VB', 'DT', 'NN', 'IN', 'NNS', '.']"
631159139,"Reasonable for a short trip. Some things could be improved, like cleanliness in the entire apartment. The entire apartment was fine but a little smaller than expected.","[('Reasonable', 'JJ'), ('for', 'IN'), ('a', 'DT'), ('short', 'JJ'), ('trip', 'NN'), ('.', '.'), ('Some', 'DT'), ('things', 'NNS'), ('could', 'MD'), ('be', 'VB'), ('improved', 'VBN'), (',', ','), ('like', 'IN'), ('cleanliness', 'NN'), ('in', 'IN'), ('the', 'DT'), ('entire', 'JJ'), ('apartment', 'NN'), ('.', '.'), ('The', 'DT'), ('entire', 'JJ'), ('apartment', 'NN'), ('was', 'VBD'), ('fine', 'JJ'), ('but', 'CC'), ('a', 'DT'), ('little', 'JJ'), ('smaller', 'JJR'), ('than', 'IN'), ('expected', 'VBN'), ('.', '.')]","['JJ', 'IN', 'DT', 'JJ', 'NN', '.', 'DT', 'NNS', 'MD', 'VB', 'VBN', ',', 'IN', 'NN', 'IN', 'DT', 'JJ', 'NN', '.', 'DT', 'JJ', 'NN', 'VBD', 'JJ', 'CC', 'DT', 'JJ', 'JJR', 'IN', 'VBN', '.']"
620685091,"An average experience. Some things could be improved, like cleanliness in the entire apartment. Our superhost was polite but slow to respond a couple of times.","[('An', 'DT'), ('average', 'JJ'), ('experience', 'NN'), ('.', '.'), ('Some', 'DT'), ('things', 'NNS'), ('could', 'MD'), ('be', 'VB'), ('improved', 'VBN'), (',', ','), ('like', 'IN'), ('cleanliness', 'NN'), ('in', 'IN'), ('the', 'DT'), ('entire', 'JJ'), ('apartment', 'NN'), ('.', '.'), ('Our', 'PRP$'), ('superhost', 'NN'), ('was', 'VBD'), ('polite', 'JJ'), ('but', 'CC'), ('slow', 'JJ'), ('to', 'TO'), ('respond', 'VB'), ('a', 'DT'), ('couple', 'NN'), ('of', 'IN'), ('times', 'NNS'), ('.', '.')]","['DT', 'JJ', 'NN', '.', 'DT', 'NNS', 'MD', 'VB', 'VBN', ',', 'IN', 'NN', 'IN', 'DT', 'JJ', 'NN', '.', 'PRP$', 'NN', 'VBD', 'JJ', 'CC', 'JJ', 'TO', 'VB', 'DT', 'NN', 'IN', 'NNS', '.']"
321528598,"Couldn't have asked for more. We would definitely book this entire apartment again. Great location in Copacabana, close to everything we needed in Rio de Janeiro. The host was super responsive and easy to communicate with.","[('Could', 'MD'), (""n't"", 'RB'), ('have', 'VB'), ('asked', 'VBN'), ('for', 'IN'), ('more', 'JJR'), ('.', '.'), ('We', 'PRP'), ('would', 'MD'), ('definitely', 'RB'), ('book', 'NN'), ('this', 'DT'), ('entire', 'JJ'), ('apartment', 'NN'), ('again', 'RB'), ('.', '.'), ('Great', 'NNP'), ('location', 'NN'), ('in', 'IN'), ('Copacabana', 'NNP'), (',', ','), ('close', 'RB'), ('to', 'TO'), ('everything', 'NN'), ('we', 'PRP'), ('needed', 'VBD'), ('in', 'IN'), ('Rio', 'NNP'), ('de', 'IN'), ('Janeiro', 'NNP'), ('.', '.'), ('The', 'DT'), ('host', 'NN'), ('was', 'VBD'), ('super', 'JJ'), ('responsive', 'NN'), ('and', 'CC'), ('easy', 'JJ'), ('to', 'TO'), ('communicate', 'VB'), ('with', 'IN'), ('.', '.')]","['MD', 'RB', 'VB', 'VBN', 'IN', 'JJR', '.', 'PRP', 'MD', 'RB', 'NN', 'DT', 'JJ', 'NN', 'RB', '.', 'NNP', 'NN', 'IN', 'NNP', ',', 'RB', 'TO', 'NN', 'PRP', 'VBD', 'IN', 'NNP', 'IN', 'NNP', '.', 'DT', 'NN', 'VBD', 'JJ', 'NN', 'CC', 'JJ', 'TO', 'VB', 'IN', '.']"
547991729,We had a fantastic time. The place felt very cozy for 2 guests. We would definitely book this private room in apartment again. Check-in was smooth and the amenities were exactly what we needed.,"[('We', 'PRP'), ('had', 'VBD'), ('a', 'DT'), ('fantastic', 'JJ'), ('time', 'NN'), ('.', '.'), ('The', 'DT'), ('place', 'NN'), ('felt', 'VBD'), ('very', 'RB'), ('cozy', 'JJ'), ('for', 'IN'), ('2', 'CD'), ('guests', 'NNS'), ('.', '.'), ('We', 'PRP'), ('would', 'MD'), ('definitely', 'RB'), ('book', 'NN'), ('this', 'DT'), ('private', 'JJ'), ('room', 'NN'), ('in', 'IN'), ('apartment', 'NN'), ('again', 'RB'), ('.', '.'), ('Check-in', 'NNP'), ('was', 'VBD'), ('smooth', 'JJ'), ('and', 'CC'), ('the', 'DT'), ('amenities', 'NNS'), ('were', 'VBD'), ('exactly', 'RB'), ('what', 'WP'), ('we', 'PRP'), ('needed', 'VBD'), ('.', '.')]","['PRP', 'VBD', 'DT', 'JJ', 'NN', '.', 'DT', 'NN', 'VBD', 'RB', 'JJ', 'IN', 'CD', 'NNS', '.', 'PRP', 'MD', 'RB', 'NN', 'DT', 'JJ', 'NN', 'IN', 'NN', 'RB', '.', 'NNP', 'VBD', 'JJ', 'CC', 'DT', 'NNS', 'VBD', 'RB', 'WP', 'PRP', 'VBD', '.']"
721687376,Decent stay overall. Location in Crown Heights was convenient enough.,"[('Decent', 'NNP'), ('stay', 'NN'), ('overall', 'RB'), ('.', '.'), ('Location', 'NN'), ('in', 'IN'), ('Crown', 'NNP'), ('Heights', 'NNP'), ('was', 'VBD'), ('convenient', 'JJ'), ('enough', 'RB'), ('.', '.')]","['NNP', 'NN', 'RB', '.', 'NN', 'IN', 'NNP', 'NNP', 'VBD', 'JJ', 'RB', '.']"
604053152,Below our expectations. We had several issues during our stay that were never resolved. The host was difficult to reach when we had issues.,"[('Below', 'IN'), ('our', 'PRP$'), ('expectations', 'NNS'), ('.', '.'), ('We', 'PRP'), ('had', 'VBD'), ('several', 'JJ'), ('issues', 'NNS'), ('during', 'IN'), ('our', 'PRP$'), ('stay', 'NN'), ('that', 'WDT'), ('were', 'VBD'), ('never', 'RB'), ('resolved', 'VBN'), ('.', '.'), ('The', 'DT'), ('host', 'NN'), ('was', 'VBD'), ('difficult', 'JJ'), ('to', 'TO'), ('reach', 'VB'), ('when', 'WRB'), ('we', 'PRP'), ('had', 'VBD'), ('issues', 'NNS'), ('.', '.')]","['IN', 'PRP$', 'NNS', '.', 'PRP', 'VBD', 'JJ', 'NNS', 'IN', 'PRP$', 'NN', 'WDT', 'VBD', 'RB', 'VBN', '.', 'DT', 'NN', 'VBD', 'JJ', 'TO', 'VB', 'WRB', 'PRP', 'VBD', 'NNS', '.']"
196804172,Decent stay overall. Location in V Prenestino/Centocelle was convenient enough.,"[('Decent', 'NNP'), ('stay', 'NN'), ('overall', 'RB'), ('.', '.'), ('Location', 'NN'), ('in', 'IN'), ('V', 'NNP'), ('Prenestino/Centocelle', 'NNP'), ('was', 'VBD'), ('convenient', 'JJ'), ('enough', 'RB'), ('.', '.')]","['NNP', 'NN', 'RB', '.', 'NN', 'IN', 'NNP', 'NNP', 'VBD', 'JJ', 'RB', '.']"
9742823,Highly recommend this place! The place felt very cozy for 6 guests. The entire apartment was spotless and exactly as described.,"[('Highly', 'RB'), ('recommend', 'VB'), ('this', 'DT'), ('place', 'NN'), ('!', '.'), ('The', 'DT'), ('place', 'NN'), ('felt', 'VBD'), ('very', 'RB'), ('cozy', 'JJ'), ('for', 'IN'), ('6', 'CD'), ('guests', 'NNS'), ('.', '.'), ('The', 'DT'), ('entire', 'JJ'), ('apartment', 'NN'), ('was', 'VBD'), ('spotless', 'JJ'), ('and', 'CC'), ('exactly', 'RB'), ('as', 'IN'), ('described', 'NN'), ('.', '.')]","['RB', 'VB', 'DT', 'NN', '.', 'DT', 'NN', 'VBD', 'RB', 'JJ', 'IN', 'CD', 'NNS', '.', 'DT', 'JJ', 'NN', 'VBD', 'JJ', 'CC', 'RB', 'IN', 'NN', '.']"
349783393,We had a rough experience. We had several issues during our stay that were never resolved. Check-in was confusing and delayed our arrival in Cape Town. The private room in guest suite was not as clean as the photos suggested.,"[('We', 'PRP'), ('had', 'VBD'), ('a', 'DT'), ('rough', 'JJ'), ('experience', 'NN'), ('.', '.'), ('We', 'PRP'), ('had', 'VBD'), ('several', 'JJ'), ('issues', 'NNS'), ('during', 'IN'), ('our', 'PRP$'), ('stay', 'NN'), ('that', 'WDT'), ('were', 'VBD'), ('never', 'RB'), ('resolved', 'VBN'), ('.', '.'), ('Check-in', 'NNP'), ('was', 'VBD'), ('confusing', 'VBG'), ('and', 'CC'), ('delayed', 'VB'), ('our', 'PRP$'), ('arrival', 'NN'), ('in', 'IN'), ('Cape', 'NNP'), ('Town', 'NNP'), ('.', '.'), ('The', 'DT'), ('private', 'JJ'), ('room', 'NN'), ('in', 'IN'), ('guest', 'JJS'), ('suite', 'NN'), ('was', 'VBD'), ('not', 'RB'), ('as', 'RB'), ('clean', 'JJ'), ('as', 'IN'), ('the', 'DT'), ('photos', 'NN'), ('suggested', 'VBD'), ('.', '.')]","['PRP', 'VBD', 'DT', 'JJ', 'NN', '.', 'PRP', 'VBD', 'JJ', 'NNS', 'IN', 'PRP$', 'NN', 'WDT', 'VBD', 'RB', 'VBN', '.', 'NNP', 'VBD', 'VBG', 'CC', 'VB', 'PRP$', 'NN', 'IN', 'NNP', 'NNP', '.', 'DT', 'JJ', 'NN', 'IN', 'JJS', 'NN', 'VBD', 'RB', 'RB', 'JJ', 'IN', 'DT', 'NN', 'VBD', '.']"
661980757,Amazing stay! Check-in was smooth and the amenities were exactly what we needed. The entire guesthouse was spotless and exactly as described. The place felt very cozy for 2 guests.,"[('Amazing', 'VBG'), ('stay', 'NN'), ('!', '.'), ('Check-in', 'NNP'), ('was', 'VBD'), ('smooth', 'JJ'), ('and', 'CC'), ('the', 'DT'), ('amenities', 'NNS'), ('were', 'VBD'), ('exactly', 'RB'), ('what', 'WP'), ('we', 'PRP'), ('needed', 'VBD'), ('.', '.'), ('The', 'DT'), ('entire', 'JJ'), ('guesthouse', 'NN'), ('was', 'VBD'), ('spotless', 'JJ'), ('and', 'CC'), ('exactly', 'RB'), ('as', 'IN'), ('described', 'VBN'), ('.', '.'), ('The', 'DT'), ('place', 'NN'), ('felt', 'VBD'), ('very', 'RB'), ('cozy', 'JJ'), ('for', 'IN'), ('2', 'CD'), ('guests', 'NNS'), ('.', '.')]","['VBG', 'NN', '.', 'NNP', 'VBD', 'JJ', 'CC', 'DT', 'NNS', 'VBD', 'RB', 'WP', 'PRP', 'VBD', '.', 'DT', 'JJ', 'NN', 'VBD', 'JJ', 'CC', 'RB', 'IN', 'VBN', '.', 'DT', 'NN', 'VBD', 'RB', 'JJ', 'IN', 'CD', 'NNS', '.']"
579832760,Couldn't have asked for more. Our superhost was super responsive and easy to communicate with. The private room in apartment was spotless and exactly as described.,"[('Could', 'MD'), (""n't"", 'RB'), ('have', 'VB'), ('asked', 'VBN'), ('for', 'IN'), ('more', 'RBR'), ('.', '.'), ('Our', 'PRP$'), ('superhost', 'NN'), ('was', 'VBD'), ('super', 'JJ'), ('responsive', 'NN'), ('and', 'CC'), ('easy', 'JJ'), ('to', 'TO'), ('communicate', 'VB'), ('with', 'IN'), ('.', '.'), ('The', 'DT'), ('private', 'JJ'), ('room', 'NN'), ('in', 'IN'), ('apartment', 'NN'), ('was', 'VBD'), ('spotless', 'JJ'), ('and', 'CC'), ('exactly', 'RB'), ('as', 'IN'), ('described', 'NN'), ('.', '.')]","['MD', 'RB', 'VB', 'VBN', 'IN', 'RBR', '.', 'PRP$', 'NN', 'VBD', 'JJ', 'NN', 'CC', 'JJ', 'TO', 'VB', 'IN', '.', 'DT', 'JJ', 'NN', 'IN', 'NN', 'VBD', 'JJ', 'CC', 'RB', 'IN', 'NN', '.']"
617503614,"Nothing special, but fine. The host was polite but slow to respond a couple of times. The entire guest suite was fine but a little smaller than expected.","[('Nothing', 'VBG'), ('special', 'JJ'), (',', ','), ('but', 'CC'), ('fine', 'JJ'), ('.', '.'), ('The', 'DT'), ('host', 'NN'), ('was', 'VBD'), ('polite', 'JJ'), ('but', 'CC'), ('slow', 'JJ'), ('to', 'TO'), ('respond', 'VB'), ('a', 'DT'), ('couple', 'NN'), ('of', 'IN'), ('times', 'NNS'), ('.', '.'), ('The', 'DT'), ('entire', 'JJ'), ('guest', 'NN'), ('suite', 'NN'), ('was', 'VBD'), ('fine', 'JJ'), ('but', 'CC'), ('a', 'DT'), ('little', 'JJ'), ('smaller', 'JJR'), ('than', 'IN'), ('expected', 'VBN'), ('.', '.')]","['VBG', 'JJ', ',', 'CC', 'JJ', '.', 'DT', 'NN', 'VBD', 'JJ', 'CC', 'JJ', 'TO', 'VB', 'DT', 'NN', 'IN', 'NNS', '.', 'DT', 'JJ', 'NN', 'NN', 'VBD', 'JJ', 'CC', 'DT', 'JJ', 'JJR', 'IN', 'VBN', '.']"
340789348,We had a rough experience. The location in V Prenestino/Centocelle was noisier than expected. Our superhost was difficult to reach when we had issues. Check-in was confusing and delayed our arrival in Rome.,"[('We', 'PRP'), ('had', 'VBD'), ('a', 'DT'), ('rough', 'JJ'), ('experience', 'NN'), ('.', '.'), ('The', 'DT'), ('location', 'NN'), ('in', 'IN'), ('V', 'NNP'), ('Prenestino/Centocelle', 'NNP'), ('was', 'VBD'), ('noisier', 'JJR'), ('than', 'IN'), ('expected', 'VBN'), ('.', '.'), ('Our', 'PRP$'), ('superhost', 'NN'), ('was', 'VBD'), ('difficult', 'JJ'), ('to', 'TO'), ('reach', 'VB'), ('when', 'WRB'), ('we', 'PRP'), ('had', 'VBD'), ('issues', 'NNS'), ('.', '.'), ('Check-in', 'NNP'), ('was', 'VBD'), ('confusing', 'VBG'), ('and', 'CC'), ('delayed', 'VB'), ('our', 'PRP$'), ('arrival', 'NN'), ('in', 'IN'), ('Rome', 'NNP'), ('.', '.')]","['PRP', 'VBD', 'DT', 'JJ', 'NN', '.', 'DT', 'NN', 'IN', 'NNP', 'NNP', 'VBD', 'JJR', 'IN', 'VBN', '.', 'PRP$', 'NN', 'VBD', 'JJ', 'TO', 'VB', 'WRB', 'PRP', 'VBD', 'NNS', '.', 'NNP', 'VBD', 'VBG', 'CC', 'VB', 'PRP$', 'NN', 'IN', 'NNP', '.']"
152122514,Loved every minute of it. Check-in was smooth and the amenities were exactly what we needed. We would definitely book this entire apartment again.,"[('Loved', 'VBN'), ('every', 'DT'), ('minute', 'NN'), ('of', 'IN'), ('it', 'PRP'), ('.', '.'), ('Check-in', 'NNP'), ('was', 'VBD'), ('smooth', 'JJ'), ('and', 'CC'), ('the', 'DT'), ('amenities', 'NNS'), ('were', 'VBD'), ('exactly', 'RB'), ('what', 'WP'), ('we', 'PRP'), ('needed', 'VBD'), ('.', '.'), ('We', 'PRP'), ('would', 'MD'), ('definitely', 'RB'), ('book', 'NN'), ('this', 'DT'), ('entire', 'JJ'), ('apartment', 'NN'), ('again', 'RB'), ('.', '.')]","['VBN', 'DT', 'NN', 'IN', 'PRP', '.', 'NNP', 'VBD', 'JJ', 'CC', 'DT', 'NNS', 'VBD', 'RB', 'WP', 'PRP', 'VBD', '.', 'PRP', 'MD', 'RB', 'NN', 'DT', 'JJ', 'NN', 'RB', '.']"
471278070,"Perfect for our trip. We would definitely book this entire apartment again. The entire apartment was spotless and exactly as described. Great location in Pantheon, close to everything we needed in Paris.","[('Perfect', 'NN'), ('for', 'IN'), ('our', 'PRP$'), ('trip', 'NN'), ('.', '.'), ('We', 'PRP'), ('would', 'MD'), ('definitely', 'RB'), ('book', 'NN'), ('this', 'DT'), ('entire', 'JJ'), ('apartment', 'NN'), ('again', 'RB'), ('.', '.'), ('The', 'DT'), ('entire', 'JJ'), ('apartment', 'NN'), ('was', 'VBD'), ('spotless', 'JJ'), ('and', 'CC'), ('exactly', 'RB'), ('as', 'IN'), ('described', 'VBN'), ('.', '.'), ('Great', 'NNP'), ('location', 'NN'), ('in', 'IN'), ('Pantheon', 'NNP'), (',', ','), ('close', 'RB'), ('to', 'TO'), ('everything', 'NN'), ('we', 'PRP'), ('needed', 'VBD'), ('in', 'IN'), ('Paris', 'NNP'), ('.', '.')]","['NN', 'IN', 'PRP$', 'NN', '.', 'PRP', 'MD', 'RB', 'NN', 'DT', 'JJ', 'NN', 'RB', '.', 'DT', 'JJ', 'NN', 'VBD', 'JJ', 'CC', 'RB', 'IN', 'VBN', '.', 'NNP', 'NN', 'IN', 'NNP', ',', 'RB', 'TO', 'NN', 'PRP', 'VBD', 'IN', 'NNP', '.']"
269622199,"Nothing special, but fine. Our superhost was polite but slow to respond a couple of times.","[('Nothing', 'VBG'), ('special', 'JJ'), (',', ','), ('but', 'CC'), ('fine', 'JJ'), ('.', '.'), ('Our', 'PRP$'), ('superhost', 'NN'), ('was', 'VBD'), ('polite', 'JJ'), ('but', 'CC'), ('slow', 'JJ'), ('to', 'TO'), ('respond', 'VB'), ('a', 'DT'), ('couple', 'NN'), ('of', 'IN'), ('times', 'NNS'), ('.', '.')]","['VBG', 'JJ', ',', 'CC', 'JJ', '.', 'PRP$', 'NN', 'VBD', 'JJ', 'CC', 'JJ', 'TO', 'VB', 'DT', 'NN', 'IN', 'NNS', '.']"
569665444,We had a rough experience. We had several issues during our stay that were never resolved. The location in Ward 77 was noisier than expected.,"[('We', 'PRP'), ('had', 'VBD'), ('a', 'DT'), ('rough', 'JJ'), ('experience', 'NN'), ('.', '.'), ('We', 'PRP'), ('had', 'VBD'), ('several', 'JJ'), ('issues', 'NNS'), ('during', 'IN'), ('our', 'PRP$'), ('stay', 'NN'), ('that', 'WDT'), ('were', 'VBD'), ('never', 'RB'), ('resolved', 'VBN'), ('.', '.'), ('The', 'DT'), ('location', 'NN'), ('in', 'IN'), ('Ward', 'NNP'), ('77', 'CD'), ('was', 'VBD'), ('noisier', 'JJR'), ('than', 'IN'), ('expected', 'VBN'), ('.', '.')]","['PRP', 'VBD', 'DT', 'JJ', 'NN', '.', 'PRP', 'VBD', 'JJ', 'NNS', 'IN', 'PRP$', 'NN', 'WDT', 'VBD', 'RB', 'VBN', '.', 'DT', 'NN', 'IN', 'NNP', 'CD', 'VBD', 'JJR', 'IN', 'VBN', '.']"
11606411,Loved every minute of it. We would definitely book this entire condominium again. Check-in was smooth and the amenities were exactly what we needed.,"[('Loved', 'VBN'), ('every', 'DT'), ('minute', 'NN'), ('of', 'IN'), ('it', 'PRP'), ('.', '.'), ('We', 'PRP'), ('would', 'MD'), ('definitely', 'RB'), ('book', 'NN'), ('this', 'DT'), ('entire', 'JJ'), ('condominium', 'NN'), ('again', 'RB'), ('.', '.'), ('Check-in', 'NNP'), ('was', 'VBD'), ('smooth', 'JJ'), ('and', 'CC'), ('the', 'DT'), ('amenities', 'NNS'), ('were', 'VBD'), ('exactly', 'RB'), ('what', 'WP'), ('we', 'PRP'), ('needed', 'VBD'), ('.', '.')]","['VBN', 'DT', 'NN', 'IN', 'PRP', '.', 'PRP', 'MD', 'RB', 'NN', 'DT', 'JJ', 'NN', 'RB', '.', 'NNP', 'VBD', 'JJ', 'CC', 'DT', 'NNS', 'VBD', 'RB', 'WP', 'PRP', 'VBD', '.']"
707992681,"Nothing special, but fine. Our superhost was polite but slow to respond a couple of times. It served its purpose for our stay in Paris.","[('Nothing', 'VBG'), ('special', 'JJ'), (',', ','), ('but', 'CC'), ('fine', 'JJ'), ('.', '.'), ('Our', 'PRP$'), ('superhost', 'NN'), ('was', 'VBD'), ('polite', 'JJ'), ('but', 'CC'), ('slow', 'JJ'), ('to', 'TO'), ('respond', 'VB'), ('a', 'DT'), ('couple', 'NN'), ('of', 'IN'), ('times', 'NNS'), ('.', '.'), ('It', 'PRP'), ('served', 'VBD'), ('its', 'PRP$'), ('purpose', 'NN'), ('for', 'IN'), ('our', 'PRP$'), ('stay', 'NN'), ('in', 'IN'), ('Paris', 'NNP'), ('.', '.')]","['VBG', 'JJ', ',', 'CC', 'JJ', '.', 'PRP$', 'NN', 'VBD', 'JJ', 'CC', 'JJ', 'TO', 'VB', 'DT', 'NN', 'IN', 'NNS', '.', 'PRP', 'VBD', 'PRP$', 'NN', 'IN', 'PRP$', 'NN', 'IN', 'NNP', '.']"
172313345,Disappointing stay. We had several issues during our stay that were never resolved. The entire house was not as clean as the photos suggested. Our superhost was difficult to reach when we had issues.,"[('Disappointing', 'VBG'), ('stay', 'NN'), ('.', '.'), ('We', 'PRP'), ('had', 'VBD'), ('several', 'JJ'), ('issues', 'NNS'), ('during', 'IN'), ('our', 'PRP$'), ('stay', 'NN'), ('that', 'WDT'), ('were', 'VBD'), ('never', 'RB'), ('resolved', 'VBN'), ('.', '.'), ('The', 'DT'), ('entire', 'JJ'), ('house', 'NN'), ('was', 'VBD'), ('not', 'RB'), ('as', 'RB'), ('clean', 'JJ'), ('as', 'IN'), ('the', 'DT'), ('photos', 'NN'), ('suggested', 'VBD'), ('.', '.'), ('Our', 'PRP$'), ('superhost', 'NN'), ('was', 'VBD'), ('difficult', 'JJ'), ('to', 'TO'), ('reach', 'VB'), ('when', 'WRB'), ('we', 'PRP'), ('had', 'VBD'), ('issues', 'NNS'), ('.', '.')]","['VBG', 'NN', '.', 'PRP', 'VBD', 'JJ', 'NNS', 'IN', 'PRP$', 'NN', 'WDT', 'VBD', 'RB', 'VBN', '.', 'DT', 'JJ', 'NN', 'VBD', 'RB', 'RB', 'JJ', 'IN', 'DT', 'NN', 'VBD', '.', 'PRP$', 'NN', 'VBD', 'JJ', 'TO', 'VB', 'WRB', 'PRP', 'VBD', 'NNS', '.']"
730850862,Not worth the price. The private room in guest suite was not as clean as the photos suggested. Our superhost was difficult to reach when we had issues. Check-in was confusing and delayed our arrival in Mexico City.,"[('Not', 'RB'), ('worth', 'IN'), ('the', 'DT'), ('price', 'NN'), ('.', '.'), ('The', 'DT'), ('private', 'JJ'), ('room', 'NN'), ('in', 'IN'), ('guest', 'JJS'), ('suite', 'NN'), ('was', 'VBD'), ('not', 'RB'), ('as', 'RB'), ('clean', 'JJ'), ('as', 'IN'), ('the', 'DT'), ('photos', 'NN'), ('suggested', 'VBD'), ('.', '.'), ('Our', 'PRP$'), ('superhost', 'NN'), ('was', 'VBD'), ('difficult', 'JJ'), ('to', 'TO'), ('reach', 'VB'), ('when', 'WRB'), ('we', 'PRP'), ('had', 'VBD'), ('issues', 'NNS'), ('.', '.'), ('Check-in', 'NNP'), ('was', 'VBD'), ('confusing', 'VBG'), ('and', 'CC'), ('delayed', 'VB'), ('our', 'PRP$'), ('arrival', 'NN'), ('in', 'IN'), ('Mexico', 'NNP'), ('City', 'NNP'), ('.', '.')]","['RB', 'IN', 'DT', 'NN', '.', 'DT', 'JJ', 'NN', 'IN', 'JJS', 'NN', 'VBD', 'RB', 'RB', 'JJ', 'IN', 'DT', 'NN', 'VBD', '.', 'PRP$', 'NN', 'VBD', 'JJ', 'TO', 'VB', 'WRB', 'PRP', 'VBD', 'NNS', '.', 'NNP', 'VBD', 'VBG', 'CC', 'VB', 'PRP$', 'NN', 'IN', 'NNP', 'NNP', '.']"
10918860,Disappointing stay. The location in Luxembourg was noisier than expected. We had several issues during our stay that were never resolved.,"[('Disappointing', 'VBG'), ('stay', 'NN'), ('.', '.'), ('The', 'DT'), ('location', 'NN'), ('in', 'IN'), ('Luxembourg', 'NNP'), ('was', 'VBD'), ('noisier', 'JJR'), ('than', 'IN'), ('expected', 'VBN'), ('.', '.'), ('We', 'PRP'), ('had', 'VBD'), ('several', 'JJ'), ('issues', 'NNS'), ('during', 'IN'), ('our', 'PRP$'), ('stay', 'NN'), ('that', 'WDT'), ('were', 'VBD'), ('never', 'RB'), ('resolved', 'VBN'), ('.', '.')]","['VBG', 'NN', '.', 'DT', 'NN', 'IN', 'NNP', 'VBD', 'JJR', 'IN', 'VBN', '.', 'PRP', 'VBD', 'JJ', 'NNS', 'IN', 'PRP$', 'NN', 'WDT', 'VBD', 'RB', 'VBN', '.']"
214774555,Decent stay overall. The private room in apartment was fine but a little smaller than expected.,"[('Decent', 'NNP'), ('stay', 'NN'), ('overall', 'RB'), ('.', '.'), ('The', 'DT'), ('private', 'JJ'), ('room', 'NN'), ('in', 'IN'), ('apartment', 'NN'), ('was', 'VBD'), ('fine', 'JJ'), ('but', 'CC'), ('a', 'DT'), ('little', 'JJ'), ('smaller', 'JJR'), ('than', 'IN'), ('expected', 'VBN'), ('.', '.')]","['NNP', 'NN', 'RB', '.', 'DT', 'JJ', 'NN', 'IN', 'NN', 'VBD', 'JJ', 'CC', 'DT', 'JJ', 'JJR', 'IN', 'VBN', '.']"
294855458,It was okay for the price. Our superhost was polite but slow to respond a couple of times.,"[('It', 'PRP'), ('was', 'VBD'), ('okay', 'VBN'), ('for', 'IN'), ('the', 'DT'), ('price', 'NN'), ('.', '.'), ('Our', 'PRP$'), ('superhost', 'NN'), ('was', 'VBD'), ('polite', 'JJ'), ('but', 'CC'), ('slow', 'JJ'), ('to', 'TO'), ('respond', 'VB'), ('a', 'DT'), ('couple', 'NN'), ('of', 'IN'), ('times', 'NNS'), ('.', '.')]","['PRP', 'VBD', 'VBN', 'IN', 'DT', 'NN', '.', 'PRP$', 'NN', 'VBD', 'JJ', 'CC', 'JJ', 'TO', 'VB', 'DT', 'NN', 'IN', 'NNS', '.']"
65330755,We had a rough experience. The location in Ward 54 was noisier than expected. We had several issues during our stay that were never resolved. The entire house was not as clean as the photos suggested.,"[('We', 'PRP'), ('had', 'VBD'), ('a', 'DT'), ('rough', 'JJ'), ('experience', 'NN'), ('.', '.'), ('The', 'DT'), ('location', 'NN'), ('in', 'IN'), ('Ward', 'NNP'), ('54', 'CD'), ('was', 'VBD'), ('noisier', 'JJR'), ('than', 'IN'), ('expected', 'VBN'), ('.', '.'), ('We', 'PRP'), ('had', 'VBD'), ('several', 'JJ'), ('issues', 'NNS'), ('during', 'IN'), ('our', 'PRP$'), ('stay', 'NN'), ('that', 'WDT'), ('were', 'VBD'), ('never', 'RB'), ('resolved', 'VBN'), ('.', '.'), ('The', 'DT'), ('entire', 'JJ'), ('house', 'NN'), ('was', 'VBD'), ('not', 'RB'), ('as', 'RB'), ('clean', 'JJ'), ('as', 'IN'), ('the', 'DT'), ('photos', 'NN'), ('suggested', 'VBD'), ('.', '.')]","['PRP', 'VBD', 'DT', 'JJ', 'NN', '.', 'DT', 'NN', 'IN', 'NNP', 'CD', 'VBD', 'JJR', 'IN', 'VBN', '.', 'PRP', 'VBD', 'JJ', 'NNS', 'IN', 'PRP$', 'NN', 'WDT', 'VBD', 'RB', 'VBN', '.', 'DT', 'JJ', 'NN', 'VBD', 'RB', 'RB', 'JJ', 'IN', 'DT', 'NN', 'VBD', '.']"
180132744,Would not recommend. The host was difficult to reach when we had issues. Check-in was confusing and delayed our arrival in Rome.,"[('Would', 'MD'), ('not', 'RB'), ('recommend', 'VB'), ('.', '.'), ('The', 'DT'), ('host', 'NN'), ('was', 'VBD'), ('difficult', 'JJ'), ('to', 'TO'), ('reach', 'VB'), ('when', 'WRB'), ('we', 'PRP'), ('had', 'VBD'), ('issues', 'NNS'), ('.', '.'), ('Check-in', 'NNP'), ('was', 'VBD'), ('confusing', 'VBG'), ('and', 'CC'), ('delayed', 'VB'), ('our', 'PRP$'), ('arrival', 'NN'), ('in', 'IN'), ('Rome', 'NNP'), ('.', '.')]","['MD', 'RB', 'VB', '.', 'DT', 'NN', 'VBD', 'JJ', 'TO', 'VB', 'WRB', 'PRP', 'VBD', 'NNS', '.', 'NNP', 'VBD', 'VBG', 'CC', 'VB', 'PRP$', 'NN', 'IN', 'NNP', '.']"
595153916,Below our expectations. The entire loft was not as clean as the photos suggested. Check-in was confusing and delayed our arrival in Mexico City.,"[('Below', 'IN'), ('our', 'PRP$'), ('expectations', 'NNS'), ('.', '.'), ('The', 'DT'), ('entire', 'JJ'), ('loft', 'NN'), ('was', 'VBD'), ('not', 'RB'), ('as', 'RB'), ('clean', 'JJ'), ('as', 'IN'), ('the', 'DT'), ('photos', 'NN'), ('suggested', 'VBD'), ('.', '.'), ('Check-in', 'NNP'), ('was', 'VBD'), ('confusing', 'VBG'), ('and', 'CC'), ('delayed', 'VB'), ('our', 'PRP$'), ('arrival', 'NN'), ('in', 'IN'), ('Mexico', 'NNP'), ('City', 'NNP'), ('.', '.')]","['IN', 'PRP$', 'NNS', '.', 'DT', 'JJ', 'NN', 'VBD', 'RB', 'RB', 'JJ', 'IN', 'DT', 'NN', 'VBD', '.', 'NNP', 'VBD', 'VBG', 'CC', 'VB', 'PRP$', 'NN', 'IN', 'NNP', 'NNP', '.']"
542078100,We had a rough experience. The location in Buttes-Chaumont was noisier than expected. Our superhost was difficult to reach when we had issues. We had several issues during our stay that were never resolved.,"[('We', 'PRP'), ('had', 'VBD'), ('a', 'DT'), ('rough', 'JJ'), ('experience', 'NN'), ('.', '.'), ('The', 'DT'), ('location', 'NN'), ('in', 'IN'), ('Buttes-Chaumont', 'NNP'), ('was', 'VBD'), ('noisier', 'JJR'), ('than', 'IN'), ('expected', 'VBN'), ('.', '.'), ('Our', 'PRP$'), ('superhost', 'NN'), ('was', 'VBD'), ('difficult', 'JJ'), ('to', 'TO'), ('reach', 'VB'), ('when', 'WRB'), ('we', 'PRP'), ('had', 'VBD'), ('issues', 'NNS'), ('.', '.'), ('We', 'PRP'), ('had', 'VBD'), ('several', 'JJ'), ('issues', 'NNS'), ('during', 'IN'), ('our', 'PRP$'), ('stay', 'NN'), ('that', 'WDT'), ('were', 'VBD'), ('never', 'RB'), ('resolved', 'VBN'), ('.', '.')]","['PRP', 'VBD', 'DT', 'JJ', 'NN', '.', 'DT', 'NN', 'IN', 'NNP', 'VBD', 'JJR', 'IN', 'VBN', '.', 'PRP$', 'NN', 'VBD', 'JJ', 'TO', 'VB', 'WRB', 'PRP', 'VBD', 'NNS', '.', 'PRP', 'VBD', 'JJ', 'NNS', 'IN', 'PRP$', 'NN', 'WDT', 'VBD', 'RB', 'VBN', '.']"
656246197,Below our expectations. Check-in was confusing and delayed our arrival in Rome. We had several issues during our stay that were never resolved.,"[('Below', 'IN'), ('our', 'PRP$'), ('expectations', 'NNS'), ('.', '.'), ('Check-in', 'NNP'), ('was', 'VBD'), ('confusing', 'VBG'), ('and', 'CC'), ('delayed', 'VB'), ('our', 'PRP$'), ('arrival', 'NN'), ('in', 'IN'), ('Rome', 'NNP'), ('.', '.'), ('We', 'PRP'), ('had', 'VBD'), ('several', 'JJ'), ('issues', 'NNS'), ('during', 'IN'), ('our', 'PRP$'), ('stay', 'NN'), ('that', 'WDT'), ('were', 'VBD'), ('never', 'RB'), ('resolved', 'VBN'), ('.', '.')]","['IN', 'PRP$', 'NNS', '.', 'NNP', 'VBD', 'VBG', 'CC', 'VB', 'PRP$', 'NN', 'IN', 'NNP', '.', 'PRP', 'VBD', 'JJ', 'NNS', 'IN', 'PRP$', 'NN', 'WDT', 'VBD', 'RB', 'VBN', '.']"
475028070,An average experience. The entire apartment was fine but a little smaller than expected. It served its purpose for our stay in New York.,"[('An', 'DT'), ('average', 'JJ'), ('experience', 'NN'), ('.', '.'), ('The', 'DT'), ('entire', 'JJ'), ('apartment', 'NN'), ('was', 'VBD'), ('fine', 'JJ'), ('but', 'CC'), ('a', 'DT'), ('little', 'JJ'), ('smaller', 'JJR'), ('than', 'IN'), ('expected', 'VBN'), ('.', '.'), ('It', 'PRP'), ('served', 'VBD'), ('its', 'PRP$'), ('purpose', 'NN'), ('for', 'IN'), ('our', 'PRP$'), ('stay', 'NN'), ('in', 'IN'), ('New', 'NNP'), ('York', 'NNP'), ('.', '.')]","['DT', 'JJ', 'NN', '.', 'DT', 'JJ', 'NN', 'VBD', 'JJ', 'CC', 'DT', 'JJ', 'JJR', 'IN', 'VBN', '.', 'PRP', 'VBD', 'PRP$', 'NN', 'IN', 'PRP$', 'NN', 'IN', 'NNP', 'NNP', '.']"
623640764,Would not recommend. Check-in was confusing and delayed our arrival in New York. We had several issues during our stay that were never resolved. Our superhost was difficult to reach when we had issues.,"[('Would', 'MD'), ('not', 'RB'), ('recommend', 'VB'), ('.', '.'), ('Check-in', 'NNP'), ('was', 'VBD'), ('confusing', 'VBG'), ('and', 'CC'), ('delayed', 'VB'), ('our', 'PRP$'), ('arrival', 'NN'), ('in', 'IN'), ('New', 'NNP'), ('York', 'NNP'), ('.', '.'), ('We', 'PRP'), ('had', 'VBD'), ('several', 'JJ'), ('issues', 'NNS'), ('during', 'IN'), ('our', 'PRP$'), ('stay', 'NN'), ('that', 'WDT'), ('were', 'VBD'), ('never', 'RB'), ('resolved', 'VBN'), ('.', '.'), ('Our', 'PRP$'), ('superhost', 'NN'), ('was', 'VBD'), ('difficult', 'JJ'), ('to', 'TO'), ('reach', 'VB'), ('when', 'WRB'), ('we', 'PRP'), ('had', 'VBD'), ('issues', 'NNS'), ('.', '.')]","['MD', 'RB', 'VB', '.', 'NNP', 'VBD', 'VBG', 'CC', 'VB', 'PRP$', 'NN', 'IN', 'NNP', 'NNP', '.', 'PRP', 'VBD', 'JJ', 'NNS', 'IN', 'PRP$', 'NN', 'WDT', 'VBD', 'RB', 'VBN', '.', 'PRP$', 'NN', 'VBD', 'JJ', 'TO', 'VB', 'WRB', 'PRP', 'VBD', 'NNS', '.']"
486563721,Highly recommend this place! The entire apartment was spotless and exactly as described. Check-in was smooth and the amenities were exactly what we needed. We would definitely book this entire apartment again.,"[('Highly', 'RB'), ('recommend', 'VB'), ('this', 'DT'), ('place', 'NN'), ('!', '.'), ('The', 'DT'), ('entire', 'JJ'), ('apartment', 'NN'), ('was', 'VBD'), ('spotless', 'JJ'), ('and', 'CC'), ('exactly', 'RB'), ('as', 'IN'), ('described', 'VBN'), ('.', '.'), ('Check-in', 'NNP'), ('was', 'VBD'), ('smooth', 'JJ'), ('and', 'CC'), ('the', 'DT'), ('amenities', 'NNS'), ('were', 'VBD'), ('exactly', 'RB'), ('what', 'WP'), ('we', 'PRP'), ('needed', 'VBD'), ('.', '.'), ('We', 'PRP'), ('would', 'MD'), ('definitely', 'RB'), ('book', 'NN'), ('this', 'DT'), ('entire', 'JJ'), ('apartment', 'NN'), ('again', 'RB'), ('.', '.')]","['RB', 'VB', 'DT', 'NN', '.', 'DT', 'JJ', 'NN', 'VBD', 'JJ', 'CC', 'RB', 'IN', 'VBN', '.', 'NNP', 'VBD', 'JJ', 'CC', 'DT', 'NNS', 'VBD', 'RB', 'WP', 'PRP', 'VBD', '.', 'PRP', 'MD', 'RB', 'NN', 'DT', 'JJ', 'NN', 'RB', '.']"
476104308,An average experience. The entire apartment was fine but a little smaller than expected.,"[('An', 'DT'), ('average', 'JJ'), ('experience', 'NN'), ('.', '.'), ('The', 'DT'), ('entire', 'JJ'), ('apartment', 'NN'), ('was', 'VBD'), ('fine', 'JJ'), ('but', 'CC'), ('a', 'DT'), ('little', 'JJ'), ('smaller', 'JJR'), ('than', 'IN'), ('expected', 'VBN'), ('.', '.')]","['DT', 'JJ', 'NN', '.', 'DT', 'JJ', 'NN', 'VBD', 'JJ', 'CC', 'DT', 'JJ', 'JJR', 'IN', 'VBN', '.']"
529750735,Highly recommend this place! Check-in was smooth and the amenities were exactly what we needed. The entire apartment was spotless and exactly as described. The host was super responsive and easy to communicate with.,"[('Highly', 'RB'), ('recommend', 'VB'), ('this', 'DT'), ('place', 'NN'), ('!', '.'), ('Check-in', 'NN'), ('was', 'VBD'), ('smooth', 'JJ'), ('and', 'CC'), ('the', 'DT'), ('amenities', 'NNS'), ('were', 'VBD'), ('exactly', 'RB'), ('what', 'WP'), ('we', 'PRP'), ('needed', 'VBD'), ('.', '.'), ('The', 'DT'), ('entire', 'JJ'), ('apartment', 'NN'), ('was', 'VBD'), ('spotless', 'JJ'), ('and', 'CC'), ('exactly', 'RB'), ('as', 'IN'), ('described', 'VBN'), ('.', '.'), ('The', 'DT'), ('host', 'NN'), ('was', 'VBD'), ('super', 'JJ'), ('responsive', 'NN'), ('and', 'CC'), ('easy', 'JJ'), ('to', 'TO'), ('communicate', 'VB'), ('with', 'IN'), ('.', '.')]","['RB', 'VB', 'DT', 'NN', '.', 'NN', 'VBD', 'JJ', 'CC', 'DT', 'NNS', 'VBD', 'RB', 'WP', 'PRP', 'VBD', '.', 'DT', 'JJ', 'NN', 'VBD', 'JJ', 'CC', 'RB', 'IN', 'VBN', '.', 'DT', 'NN', 'VBD', 'JJ', 'NN', 'CC', 'JJ', 'TO', 'VB', 'IN', '.']"
172339595,Not worth the price. We had several issues during our stay that were never resolved. The entire apartment was not as clean as the photos suggested.,"[('Not', 'RB'), ('worth', 'IN'), ('the', 'DT'), ('price', 'NN'), ('.', '.'), ('We', 'PRP'), ('had', 'VBD'), ('several', 'JJ'), ('issues', 'NNS'), ('during', 'IN'), ('our', 'PRP$'), ('stay', 'NN'), ('that', 'WDT'), ('were', 'VBD'), ('never', 'RB'), ('resolved', 'VBN'), ('.', '.'), ('The', 'DT'), ('entire', 'JJ'), ('apartment', 'NN'), ('was', 'VBD'), ('not', 'RB'), ('as', 'RB'), ('clean', 'JJ'), ('as', 'IN'), ('the', 'DT'), ('photos', 'NN'), ('suggested', 'VBD'), ('.', '.')]","['RB', 'IN', 'DT', 'NN', '.', 'PRP', 'VBD', 'JJ', 'NNS', 'IN', 'PRP$', 'NN', 'WDT', 'VBD', 'RB', 'VBN', '.', 'DT', 'JJ', 'NN', 'VBD', 'RB', 'RB', 'JJ', 'IN', 'DT', 'NN', 'VBD', '.']"
430874023,Couldn't have asked for more. Our superhost was super responsive and easy to communicate with. We would definitely book this entire apartment again.,"[('Could', 'MD'), (""n't"", 'RB'), ('have', 'VB'), ('asked', 'VBN'), ('for', 'IN'), ('more', 'RBR'), ('.', '.'), ('Our', 'PRP$'), ('superhost', 'NN'), ('was', 'VBD'), ('super', 'JJ'), ('responsive', 'NN'), ('and', 'CC'), ('easy', 'JJ'), ('to', 'TO'), ('communicate', 'VB'), ('with', 'IN'), ('.', '.'), ('We', 'PRP'), ('would', 'MD'), ('definitely', 'RB'), ('book', 'NN'), ('this', 'DT'), ('entire', 'JJ'), ('apartment', 'NN'), ('again', 'RB'), ('.', '.')]","['MD', 'RB', 'VB', 'VBN', 'IN', 'RBR', '.', 'PRP$', 'NN', 'VBD', 'JJ', 'NN', 'CC', 'JJ', 'TO', 'VB', 'IN', '.', 'PRP', 'MD', 'RB', 'NN', 'DT', 'JJ', 'NN', 'RB', '.']"
731760876,Below our expectations. Our superhost was difficult to reach when we had issues. Check-in was confusing and delayed our arrival in Mexico City. We had several issues during our stay that were never resolved.,"[('Below', 'IN'), ('our', 'PRP$'), ('expectations', 'NNS'), ('.', '.'), ('Our', 'PRP$'), ('superhost', 'NN'), ('was', 'VBD'), ('difficult', 'JJ'), ('to', 'TO'), ('reach', 'VB'), ('when', 'WRB'), ('we', 'PRP'), ('had', 'VBD'), ('issues', 'NNS'), ('.', '.'), ('Check-in', 'NNP'), ('was', 'VBD'), ('confusing', 'VBG'), ('and', 'CC'), ('delayed', 'VB'), ('our', 'PRP$'), ('arrival', 'NN'), ('in', 'IN'), ('Mexico', 'NNP'), ('City', 'NNP'), ('.', '.'), ('We', 'PRP'), ('had', 'VBD'), ('several', 'JJ'), ('issues', 'NNS'), ('during', 'IN'), ('our', 'PRP$'), ('stay', 'NN'), ('that', 'WDT'), ('were', 'VBD'), ('never', 'RB'), ('resolved', 'VBN'), ('.', '.')]","['IN', 'PRP$', 'NNS', '.', 'PRP$', 'NN', 'VBD', 'JJ', 'TO', 'VB', 'WRB', 'PRP', 'VBD', 'NNS', '.', 'NNP', 'VBD', 'VBG', 'CC', 'VB', 'PRP$', 'NN', 'IN', 'NNP', 'NNP', '.', 'PRP', 'VBD', 'JJ', 'NNS', 'IN', 'PRP$', 'NN', 'WDT', 'VBD', 'RB', 'VBN', '.']"
566665984,"Reasonable for a short trip. Some things could be improved, like cleanliness in the private room in condominium. The private room in condominium was fine but a little smaller than expected.","[('Reasonable', 'JJ'), ('for', 'IN'), ('a', 'DT'), ('short', 'JJ'), ('trip', 'NN'), ('.', '.'), ('Some', 'DT'), ('things', 'NNS'), ('could', 'MD'), ('be', 'VB'), ('improved', 'VBN'), (',', ','), ('like', 'IN'), ('cleanliness', 'NN'), ('in', 'IN'), ('the', 'DT'), ('private', 'JJ'), ('room', 'NN'), ('in', 'IN'), ('condominium', 'NN'), ('.', '.'), ('The', 'DT'), ('private', 'JJ'), ('room', 'NN'), ('in', 'IN'), ('condominium', 'NN'), ('was', 'VBD'), ('fine', 'JJ'), ('but', 'CC'), ('a', 'DT'), ('little', 'JJ'), ('smaller', 'JJR'), ('than', 'IN'), ('expected', 'VBN'), ('.', '.')]","['JJ', 'IN', 'DT', 'JJ', 'NN', '.', 'DT', 'NNS', 'MD', 'VB', 'VBN', ',', 'IN', 'NN', 'IN', 'DT', 'JJ', 'NN', 'IN', 'NN', '.', 'DT', 'JJ', 'NN', 'IN', 'NN', 'VBD', 'JJ', 'CC', 'DT', 'JJ', 'JJR', 'IN', 'VBN', '.']"
221323992,"Reasonable for a short trip. Some things could be improved, like cleanliness in the entire apartment. Location in Gobelins was convenient enough.","[('Reasonable', 'JJ'), ('for', 'IN'), ('a', 'DT'), ('short', 'JJ'), ('trip', 'NN'), ('.', '.'), ('Some', 'DT'), ('things', 'NNS'), ('could', 'MD'), ('be', 'VB'), ('improved', 'VBN'), (',', ','), ('like', 'IN'), ('cleanliness', 'NN'), ('in', 'IN'), ('the', 'DT'), ('entire', 'JJ'), ('apartment', 'NN'), ('.', '.'), ('Location', 'NN'), ('in', 'IN'), ('Gobelins', 'NNP'), ('was', 'VBD'), ('convenient', 'JJ'), ('enough', 'RB'), ('.', '.')]","['JJ', 'IN', 'DT', 'JJ', 'NN', '.', 'DT', 'NNS', 'MD', 'VB', 'VBN', ',', 'IN', 'NN', 'IN', 'DT', 'JJ', 'NN', '.', 'NN', 'IN', 'NNP', 'VBD', 'JJ', 'RB', '.']"
218298825,"Amazing stay! Check-in was smooth and the amenities were exactly what we needed. The entire apartment was spotless and exactly as described. Great location in Waverley, close to everything we needed in Sydney.","[('Amazing', 'VBG'), ('stay', 'NN'), ('!', '.'), ('Check-in', 'NNP'), ('was', 'VBD'), ('smooth', 'JJ'), ('and', 'CC'), ('the', 'DT'), ('amenities', 'NNS'), ('were', 'VBD'), ('exactly', 'RB'), ('what', 'WP'), ('we', 'PRP'), ('needed', 'VBD'), ('.', '.'), ('The', 'DT'), ('entire', 'JJ'), ('apartment', 'NN'), ('was', 'VBD'), ('spotless', 'JJ'), ('and', 'CC'), ('exactly', 'RB'), ('as', 'IN'), ('described', 'VBN'), ('.', '.'), ('Great', 'NNP'), ('location', 'NN'), ('in', 'IN'), ('Waverley', 'NNP'), (',', ','), ('close', 'RB'), ('to', 'TO'), ('everything', 'NN'), ('we', 'PRP'), ('needed', 'VBD'), ('in', 'IN'), ('Sydney', 'NNP'), ('.', '.')]","['VBG', 'NN', '.', 'NNP', 'VBD', 'JJ', 'CC', 'DT', 'NNS', 'VBD', 'RB', 'WP', 'PRP', 'VBD', '.', 'DT', 'JJ', 'NN', 'VBD', 'JJ', 'CC', 'RB', 'IN', 'VBN', '.', 'NNP', 'NN', 'IN', 'NNP', ',', 'RB', 'TO', 'NN', 'PRP', 'VBD', 'IN', 'NNP', '.']"
280217810,Reasonable for a short trip. The entire apartment was fine but a little smaller than expected.,"[('Reasonable', 'JJ'), ('for', 'IN'), ('a', 'DT'), ('short', 'JJ'), ('trip', 'NN'), ('.', '.'), ('The', 'DT'), ('entire', 'JJ'), ('apartment', 'NN'), ('was', 'VBD'), ('fine', 'JJ'), ('but', 'CC'), ('a', 'DT'), ('little', 'JJ'), ('smaller', 'JJR'), ('than', 'IN'), ('expected', 'VBN'), ('.', '.')]","['JJ', 'IN', 'DT', 'JJ', 'NN', '.', 'DT', 'JJ', 'NN', 'VBD', 'JJ', 'CC', 'DT', 'JJ', 'JJR', 'IN', 'VBN', '.']"
535756344,Would not recommend. We had several issues during our stay that were never resolved. Check-in was confusing and delayed our arrival in Rome.,"[('Would', 'MD'), ('not', 'RB'), ('recommend', 'VB'), ('.', '.'), ('We', 'PRP'), ('had', 'VBD'), ('several', 'JJ'), ('issues', 'NNS'), ('during', 'IN'), ('our', 'PRP$'), ('stay', 'NN'), ('that', 'WDT'), ('were', 'VBD'), ('never', 'RB'), ('resolved', 'VBN'), ('.', '.'), ('Check-in', 'NNP'), ('was', 'VBD'), ('confusing', 'VBG'), ('and', 'CC'), ('delayed', 'VB'), ('our', 'PRP$'), ('arrival', 'NN'), ('in', 'IN'), ('Rome', 'NNP'), ('.', '.')]","['MD', 'RB', 'VB', '.', 'PRP', 'VBD', 'JJ', 'NNS', 'IN', 'PRP$', 'NN', 'WDT', 'VBD', 'RB', 'VBN', '.', 'NNP', 'VBD', 'VBG', 'CC', 'VB', 'PRP$', 'NN', 'IN', 'NNP', '.']"
618494313,Wonderful experience. We would definitely book this entire apartment again. The place felt very cozy for 2 guests. The entire apartment was spotless and exactly as described.,"[('Wonderful', 'JJ'), ('experience', 'NN'), ('.', '.'), ('We', 'PRP'), ('would', 'MD'), ('definitely', 'RB'), ('book', 'NN'), ('this', 'DT'), ('entire', 'JJ'), ('apartment', 'NN'), ('again', 'RB'), ('.', '.'), ('The', 'DT'), ('place', 'NN'), ('felt', 'VBD'), ('very', 'RB'), ('cozy', 'JJ'), ('for', 'IN'), ('2', 'CD'), ('guests', 'NNS'), ('.', '.'), ('The', 'DT'), ('entire', 'JJ'), ('apartment', 'NN'), ('was', 'VBD'), ('spotless', 'JJ'), ('and', 'CC'), ('exactly', 'RB'), ('as', 'IN'), ('described', 'NN'), ('.', '.')]","['JJ', 'NN', '.', 'PRP', 'MD', 'RB', 'NN', 'DT', 'JJ', 'NN', 'RB', '.', 'DT', 'NN', 'VBD', 'RB', 'JJ', 'IN', 'CD', 'NNS', '.', 'DT', 'JJ', 'NN', 'VBD', 'JJ', 'CC', 'RB', 'IN', 'NN', '.']"
337828915,Couldn't have asked for more. Check-in was smooth and the amenities were exactly what we needed. Our superhost was super responsive and easy to communicate with. We would definitely book this entire apartment again.,"[('Could', 'MD'), (""n't"", 'RB'), ('have', 'VB'), ('asked', 'VBN'), ('for', 'IN'), ('more', 'JJR'), ('.', '.'), ('Check-in', 'NN'), ('was', 'VBD'), ('smooth', 'JJ'), ('and', 'CC'), ('the', 'DT'), ('amenities', 'NNS'), ('were', 'VBD'), ('exactly', 'RB'), ('what', 'WP'), ('we', 'PRP'), ('needed', 'VBD'), ('.', '.'), ('Our', 'PRP$'), ('superhost', 'NN'), ('was', 'VBD'), ('super', 'JJ'), ('responsive', 'NN'), ('and', 'CC'), ('easy', 'JJ'), ('to', 'TO'), ('communicate', 'VB'), ('with', 'IN'), ('.', '.'), ('We', 'PRP'), ('would', 'MD'), ('definitely', 'RB'), ('book', 'NN'), ('this', 'DT'), ('entire', 'JJ'), ('apartment', 'NN'), ('again', 'RB'), ('.', '.')]","['MD', 'RB', 'VB', 'VBN', 'IN', 'JJR', '.', 'NN', 'VBD', 'JJ', 'CC', 'DT', 'NNS', 'VBD', 'RB', 'WP', 'PRP', 'VBD', '.', 'PRP$', 'NN', 'VBD', 'JJ', 'NN', 'CC', 'JJ', 'TO', 'VB', 'IN', '.', 'PRP', 'MD', 'RB', 'NN', 'DT', 'JJ', 'NN', 'RB', '.']"
187968357,Not worth the price. The entire apartment was not as clean as the photos suggested. The location in Din Daeng was noisier than expected. Check-in was confusing and delayed our arrival in Bangkok.,"[('Not', 'RB'), ('worth', 'IN'), ('the', 'DT'), ('price', 'NN'), ('.', '.'), ('The', 'DT'), ('entire', 'JJ'), ('apartment', 'NN'), ('was', 'VBD'), ('not', 'RB'), ('as', 'RB'), ('clean', 'JJ'), ('as', 'IN'), ('the', 'DT'), ('photos', 'NN'), ('suggested', 'VBD'), ('.', '.'), ('The', 'DT'), ('location', 'NN'), ('in', 'IN'), ('Din', 'NNP'), ('Daeng', 'NNP'), ('was', 'VBD'), ('noisier', 'JJR'), ('than', 'IN'), ('expected', 'VBN'), ('.', '.'), ('Check-in', 'NNP'), ('was', 'VBD'), ('confusing', 'VBG'), ('and', 'CC'), ('delayed', 'VB'), ('our', 'PRP$'), ('arrival', 'NN'), ('in', 'IN'), ('Bangkok', 'NNP'), ('.', '.')]","['RB', 'IN', 'DT', 'NN', '.', 'DT', 'JJ', 'NN', 'VBD', 'RB', 'RB', 'JJ', 'IN', 'DT', 'NN', 'VBD', '.', 'DT', 'NN', 'IN', 'NNP', 'NNP', 'VBD', 'JJR', 'IN', 'VBN', '.', 'NNP', 'VBD', 'VBG', 'CC', 'VB', 'PRP$', 'NN', 'IN', 'NNP', '.']"
672365765,"Wonderful experience. We would definitely book this private room in house again. Our superhost was super responsive and easy to communicate with. Great location in Venustiano Carranza, close to everything we needed in Mexico City.","[('Wonderful', 'JJ'), ('experience', 'NN'), ('.', '.'), ('We', 'PRP'), ('would', 'MD'), ('definitely', 'RB'), ('book', 'NN'), ('this', 'DT'), ('private', 'JJ'), ('room', 'NN'), ('in', 'IN'), ('house', 'NN'), ('again', 'RB'), ('.', '.'), ('Our', 'PRP$'), ('superhost', 'NN'), ('was', 'VBD'), ('super', 'JJ'), ('responsive', 'NN'), ('and', 'CC'), ('easy', 'JJ'), ('to', 'TO'), ('communicate', 'VB'), ('with', 'IN'), ('.', '.'), ('Great', 'NNP'), ('location', 'NN'), ('in', 'IN'), ('Venustiano', 'NNP'), ('Carranza', 'NNP'), (',', ','), ('close', 'RB'), ('to', 'TO'), ('everything', 'NN'), ('we', 'PRP'), ('needed', 'VBD'), ('in', 'IN'), ('Mexico', 'NNP'), ('City', 'NNP'), ('.', '.')]","['JJ', 'NN', '.', 'PRP', 'MD', 'RB', 'NN', 'DT', 'JJ', 'NN', 'IN', 'NN', 'RB', '.', 'PRP$', 'NN', 'VBD', 'JJ', 'NN', 'CC', 'JJ', 'TO', 'VB', 'IN', '.', 'NNP', 'NN', 'IN', 'NNP', 'NNP', ',', 'RB', 'TO', 'NN', 'PRP', 'VBD', 'IN', 'NNP', 'NNP', '.']"
357900530,"Perfect for our trip. The place felt very cozy for 6 guests. Great location in I Centro Storico, close to everything we needed in Rome.","[('Perfect', 'NN'), ('for', 'IN'), ('our', 'PRP$'), ('trip', 'NN'), ('.', '.'), ('The', 'DT'), ('place', 'NN'), ('felt', 'VBD'), ('very', 'RB'), ('cozy', 'JJ'), ('for', 'IN'), ('6', 'CD'), ('guests', 'NNS'), ('.', '.'), ('Great', 'NNP'), ('location', 'NN'), ('in', 'IN'), ('I', 'PRP'), ('Centro', 'NNP'), ('Storico', 'NNP'), (',', ','), ('close', 'RB'), ('to', 'TO'), ('everything', 'NN'), ('we', 'PRP'), ('needed', 'VBD'), ('in', 'IN'), ('Rome', 'NNP'), ('.', '.')]","['NN', 'IN', 'PRP$', 'NN', '.', 'DT', 'NN', 'VBD', 'RB', 'JJ', 'IN', 'CD', 'NNS', '.', 'NNP', 'NN', 'IN', 'PRP', 'NNP', 'NNP', ',', 'RB', 'TO', 'NN', 'PRP', 'VBD', 'IN', 'NNP', '.']"
345920163,Couldn't have asked for more. The host was super responsive and easy to communicate with. The entire apartment was spotless and exactly as described. We would definitely book this entire apartment again.,"[('Could', 'MD'), (""n't"", 'RB'), ('have', 'VB'), ('asked', 'VBN'), ('for', 'IN'), ('more', 'RBR'), ('.', '.'), ('The', 'DT'), ('host', 'NN'), ('was', 'VBD'), ('super', 'JJ'), ('responsive', 'NN'), ('and', 'CC'), ('easy', 'JJ'), ('to', 'TO'), ('communicate', 'VB'), ('with', 'IN'), ('.', '.'), ('The', 'DT'), ('entire', 'JJ'), ('apartment', 'NN'), ('was', 'VBD'), ('spotless', 'JJ'), ('and', 'CC'), ('exactly', 'RB'), ('as', 'IN'), ('described', 'VBN'), ('.', '.'), ('We', 'PRP'), ('would', 'MD'), ('definitely', 'RB'), ('book', 'NN'), ('this', 'DT'), ('entire', 'JJ'), ('apartment', 'NN'), ('again', 'RB'), ('.', '.')]","['MD', 'RB', 'VB', 'VBN', 'IN', 'RBR', '.', 'DT', 'NN', 'VBD', 'JJ', 'NN', 'CC', 'JJ', 'TO', 'VB', 'IN', '.', 'DT', 'JJ', 'NN', 'VBD', 'JJ', 'CC', 'RB', 'IN', 'VBN', '.', 'PRP', 'MD', 'RB', 'NN', 'DT', 'JJ', 'NN', 'RB', '.']"
510853996,We had a rough experience. Our superhost was difficult to reach when we had issues. We had several issues during our stay that were never resolved. The location in Cuauhtemoc was noisier than expected.,"[('We', 'PRP'), ('had', 'VBD'), ('a', 'DT'), ('rough', 'JJ'), ('experience', 'NN'), ('.', '.'), ('Our', 'PRP$'), ('superhost', 'NN'), ('was', 'VBD'), ('difficult', 'JJ'), ('to', 'TO'), ('reach', 'VB'), ('when', 'WRB'), ('we', 'PRP'), ('had', 'VBD'), ('issues', 'NNS'), ('.', '.'), ('We', 'PRP'), ('had', 'VBD'), ('several', 'JJ'), ('issues', 'NNS'), ('during', 'IN'), ('our', 'PRP$'), ('stay', 'NN'), ('that', 'WDT'), ('were', 'VBD'), ('never', 'RB'), ('resolved', 'VBN'), ('.', '.'), ('The', 'DT'), ('location', 'NN'), ('in', 'IN'), ('Cuauhtemoc', 'NNP'), ('was', 'VBD'), ('noisier', 'JJR'), ('than', 'IN'), ('expected', 'VBN'), ('.', '.')]","['PRP', 'VBD', 'DT', 'JJ', 'NN', '.', 'PRP$', 'NN', 'VBD', 'JJ', 'TO', 'VB', 'WRB', 'PRP', 'VBD', 'NNS', '.', 'PRP', 'VBD', 'JJ', 'NNS', 'IN', 'PRP$', 'NN', 'WDT', 'VBD', 'RB', 'VBN', '.', 'DT', 'NN', 'IN', 'NNP', 'VBD', 'JJR', 'IN', 'VBN', '.']"
166274440,Disappointing stay. The entire apartment was not as clean as the photos suggested. We had several issues during our stay that were never resolved.,"[('Disappointing', 'VBG'), ('stay', 'NN'), ('.', '.'), ('The', 'DT'), ('entire', 'JJ'), ('apartment', 'NN'), ('was', 'VBD'), ('not', 'RB'), ('as', 'RB'), ('clean', 'JJ'), ('as', 'IN'), ('the', 'DT'), ('photos', 'NN'), ('suggested', 'VBD'), ('.', '.'), ('We', 'PRP'), ('had', 'VBD'), ('several', 'JJ'), ('issues', 'NNS'), ('during', 'IN'), ('our', 'PRP$'), ('stay', 'NN'), ('that', 'WDT'), ('were', 'VBD'), ('never', 'RB'), ('resolved', 'VBN'), ('.', '.')]","['VBG', 'NN', '.', 'DT', 'JJ', 'NN', 'VBD', 'RB', 'RB', 'JJ', 'IN', 'DT', 'NN', 'VBD', '.', 'PRP', 'VBD', 'JJ', 'NNS', 'IN', 'PRP$', 'NN', 'WDT', 'VBD', 'RB', 'VBN', '.']"
47022698,Below our expectations. We had several issues during our stay that were never resolved. The private room in house was not as clean as the photos suggested.,"[('Below', 'IN'), ('our', 'PRP$'), ('expectations', 'NNS'), ('.', '.'), ('We', 'PRP'), ('had', 'VBD'), ('several', 'JJ'), ('issues', 'NNS'), ('during', 'IN'), ('our', 'PRP$'), ('stay', 'NN'), ('that', 'WDT'), ('were', 'VBD'), ('never', 'RB'), ('resolved', 'VBN'), ('.', '.'), ('The', 'DT'), ('private', 'JJ'), ('room', 'NN'), ('in', 'IN'), ('house', 'NN'), ('was', 'VBD'), ('not', 'RB'), ('as', 'RB'), ('clean', 'JJ'), ('as', 'IN'), ('the', 'DT'), ('photos', 'NN'), ('suggested', 'VBD'), ('.', '.')]","['IN', 'PRP$', 'NNS', '.', 'PRP', 'VBD', 'JJ', 'NNS', 'IN', 'PRP$', 'NN', 'WDT', 'VBD', 'RB', 'VBN', '.', 'DT', 'JJ', 'NN', 'IN', 'NN', 'VBD', 'RB', 'RB', 'JJ', 'IN', 'DT', 'NN', 'VBD', '.']"
340324625,"Nothing special, but fine. The private room in house was fine but a little smaller than expected.","[('Nothing', 'VBG'), ('special', 'JJ'), (',', ','), ('but', 'CC'), ('fine', 'JJ'), ('.', '.'), ('The', 'DT'), ('private', 'JJ'), ('room', 'NN'), ('in', 'IN'), ('house', 'NN'), ('was', 'VBD'), ('fine', 'JJ'), ('but', 'CC'), ('a', 'DT'), ('little', 'JJ'), ('smaller', 'JJR'), ('than', 'IN'), ('expected', 'VBN'), ('.', '.')]","['VBG', 'JJ', ',', 'CC', 'JJ', '.', 'DT', 'JJ', 'NN', 'IN', 'NN', 'VBD', 'JJ', 'CC', 'DT', 'JJ', 'JJR', 'IN', 'VBN', '.']"
267906818,We had a rough experience. The entire apartment was not as clean as the photos suggested. Check-in was confusing and delayed our arrival in Paris. The location in Buttes-Montmartre was noisier than expected.,"[('We', 'PRP'), ('had', 'VBD'), ('a', 'DT'), ('rough', 'JJ'), ('experience', 'NN'), ('.', '.'), ('The', 'DT'), ('entire', 'JJ'), ('apartment', 'NN'), ('was', 'VBD'), ('not', 'RB'), ('as', 'RB'), ('clean', 'JJ'), ('as', 'IN'), ('the', 'DT'), ('photos', 'NN'), ('suggested', 'VBD'), ('.', '.'), ('Check-in', 'NNP'), ('was', 'VBD'), ('confusing', 'VBG'), ('and', 'CC'), ('delayed', 'VB'), ('our', 'PRP$'), ('arrival', 'NN'), ('in', 'IN'), ('Paris', 'NNP'), ('.', '.'), ('The', 'DT'), ('location', 'NN'), ('in', 'IN'), ('Buttes-Montmartre', 'NNP'), ('was', 'VBD'), ('noisier', 'JJR'), ('than', 'IN'), ('expected', 'VBN'), ('.', '.')]","['PRP', 'VBD', 'DT', 'JJ', 'NN', '.', 'DT', 'JJ', 'NN', 'VBD', 'RB', 'RB', 'JJ', 'IN', 'DT', 'NN', 'VBD', '.', 'NNP', 'VBD', 'VBG', 'CC', 'VB', 'PRP$', 'NN', 'IN', 'NNP', '.', 'DT', 'NN', 'IN', 'NNP', 'VBD', 'JJR', 'IN', 'VBN', '.']"
540365015,"Reasonable for a short trip. Some things could be improved, like cleanliness in the private room in apartment. It served its purpose for our stay in Paris.","[('Reasonable', 'JJ'), ('for', 'IN'), ('a', 'DT'), ('short', 'JJ'), ('trip', 'NN'), ('.', '.'), ('Some', 'DT'), ('things', 'NNS'), ('could', 'MD'), ('be', 'VB'), ('improved', 'VBN'), (',', ','), ('like', 'IN'), ('cleanliness', 'NN'), ('in', 'IN'), ('the', 'DT'), ('private', 'JJ'), ('room', 'NN'), ('in', 'IN'), ('apartment', 'NN'), ('.', '.'), ('It', 'PRP'), ('served', 'VBD'), ('its', 'PRP$'), ('purpose', 'NN'), ('for', 'IN'), ('our', 'PRP$'), ('stay', 'NN'), ('in', 'IN'), ('Paris', 'NNP'), ('.', '.')]","['JJ', 'IN', 'DT', 'JJ', 'NN', '.', 'DT', 'NNS', 'MD', 'VB', 'VBN', ',', 'IN', 'NN', 'IN', 'DT', 'JJ', 'NN', 'IN', 'NN', '.', 'PRP', 'VBD', 'PRP$', 'NN', 'IN', 'PRP$', 'NN', 'IN', 'NNP', '.']"
170870447,It was okay for the price. Location in II Parioli/Nomentano was convenient enough. The host was polite but slow to respond a couple of times.,"[('It', 'PRP'), ('was', 'VBD'), ('okay', 'VBN'), ('for', 'IN'), ('the', 'DT'), ('price', 'NN'), ('.', '.'), ('Location', 'NN'), ('in', 'IN'), ('II', 'NNP'), ('Parioli/Nomentano', 'NNP'), ('was', 'VBD'), ('convenient', 'JJ'), ('enough', 'RB'), ('.', '.'), ('The', 'DT'), ('host', 'NN'), ('was', 'VBD'), ('polite', 'JJ'), ('but', 'CC'), ('slow', 'JJ'), ('to', 'TO'), ('respond', 'VB'), ('a', 'DT'), ('couple', 'NN'), ('of', 'IN'), ('times', 'NNS'), ('.', '.')]","['PRP', 'VBD', 'VBN', 'IN', 'DT', 'NN', '.', 'NN', 'IN', 'NNP', 'NNP', 'VBD', 'JJ', 'RB', '.', 'DT', 'NN', 'VBD', 'JJ', 'CC', 'JJ', 'TO', 'VB', 'DT', 'NN', 'IN', 'NNS', '.']"
58950773,Disappointing stay. The entire apartment was not as clean as the photos suggested. The location in Morningside Heights was noisier than expected. We had several issues during our stay that were never resolved.,"[('Disappointing', 'VBG'), ('stay', 'NN'), ('.', '.'), ('The', 'DT'), ('entire', 'JJ'), ('apartment', 'NN'), ('was', 'VBD'), ('not', 'RB'), ('as', 'RB'), ('clean', 'JJ'), ('as', 'IN'), ('the', 'DT'), ('photos', 'NN'), ('suggested', 'VBD'), ('.', '.'), ('The', 'DT'), ('location', 'NN'), ('in', 'IN'), ('Morningside', 'NNP'), ('Heights', 'NNP'), ('was', 'VBD'), ('noisier', 'JJR'), ('than', 'IN'), ('expected', 'VBN'), ('.', '.'), ('We', 'PRP'), ('had', 'VBD'), ('several', 'JJ'), ('issues', 'NNS'), ('during', 'IN'), ('our', 'PRP$'), ('stay', 'NN'), ('that', 'WDT'), ('were', 'VBD'), ('never', 'RB'), ('resolved', 'VBN'), ('.', '.')]","['VBG', 'NN', '.', 'DT', 'JJ', 'NN', 'VBD', 'RB', 'RB', 'JJ', 'IN', 'DT', 'NN', 'VBD', '.', 'DT', 'NN', 'IN', 'NNP', 'NNP', 'VBD', 'JJR', 'IN', 'VBN', '.', 'PRP', 'VBD', 'JJ', 'NNS', 'IN', 'PRP$', 'NN', 'WDT', 'VBD', 'RB', 'VBN', '.']"
341678274,"It was okay for the price. Some things could be improved, like cleanliness in the private room in apartment. It served its purpose for our stay in New York.","[('It', 'PRP'), ('was', 'VBD'), ('okay', 'VBN'), ('for', 'IN'), ('the', 'DT'), ('price', 'NN'), ('.', '.'), ('Some', 'DT'), ('things', 'NNS'), ('could', 'MD'), ('be', 'VB'), ('improved', 'VBN'), (',', ','), ('like', 'IN'), ('cleanliness', 'NN'), ('in', 'IN'), ('the', 'DT'), ('private', 'JJ'), ('room', 'NN'), ('in', 'IN'), ('apartment', 'NN'), ('.', '.'), ('It', 'PRP'), ('served', 'VBD'), ('its', 'PRP$'), ('purpose', 'NN'), ('for', 'IN'), ('our', 'PRP$'), ('stay', 'NN'), ('in', 'IN'), ('New', 'NNP'), ('York', 'NNP'), ('.', '.')]","['PRP', 'VBD', 'VBN', 'IN', 'DT', 'NN', '.', 'DT', 'NNS', 'MD', 'VB', 'VBN', ',', 'IN', 'NN', 'IN', 'DT', 'JJ', 'NN', 'IN', 'NN', '.', 'PRP', 'VBD', 'PRP$', 'NN', 'IN', 'PRP$', 'NN', 'IN', 'NNP', 'NNP', '.']"
57620914,"Perfect for our trip. The host was super responsive and easy to communicate with. The shared room in house was spotless and exactly as described. Great location in Venustiano Carranza, close to everything we needed in Mexico City.","[('Perfect', 'NN'), ('for', 'IN'), ('our', 'PRP$'), ('trip', 'NN'), ('.', '.'), ('The', 'DT'), ('host', 'NN'), ('was', 'VBD'), ('super', 'JJ'), ('responsive', 'NN'), ('and', 'CC'), ('easy', 'JJ'), ('to', 'TO'), ('communicate', 'VB'), ('with', 'IN'), ('.', '.'), ('The', 'DT'), ('shared', 'JJ'), ('room', 'NN'), ('in', 'IN'), ('house', 'NN'), ('was', 'VBD'), ('spotless', 'JJ'), ('and', 'CC'), ('exactly', 'RB'), ('as', 'IN'), ('described', 'VBN'), ('.', '.'), ('Great', 'NNP'), ('location', 'NN'), ('in', 'IN'), ('Venustiano', 'NNP'), ('Carranza', 'NNP'), (',', ','), ('close', 'RB'), ('to', 'TO'), ('everything', 'NN'), ('we', 'PRP'), ('needed', 'VBD'), ('in', 'IN'), ('Mexico', 'NNP'), ('City', 'NNP'), ('.', '.')]","['NN', 'IN', 'PRP$', 'NN', '.', 'DT', 'NN', 'VBD', 'JJ', 'NN', 'CC', 'JJ', 'TO', 'VB', 'IN', '.', 'DT', 'JJ', 'NN', 'IN', 'NN', 'VBD', 'JJ', 'CC', 'RB', 'IN', 'VBN', '.', 'NNP', 'NN', 'IN', 'NNP', 'NNP', ',', 'RB', 'TO', 'NN', 'PRP', 'VBD', 'IN', 'NNP', 'NNP', '.']"
655953761,Highly recommend this place! The host was super responsive and easy to communicate with. The place felt very cozy for 3 guests. We would definitely book this entire serviced apartment again.,"[('Highly', 'RB'), ('recommend', 'VB'), ('this', 'DT'), ('place', 'NN'), ('!', '.'), ('The', 'DT'), ('host', 'NN'), ('was', 'VBD'), ('super', 'JJ'), ('responsive', 'NN'), ('and', 'CC'), ('easy', 'JJ'), ('to', 'TO'), ('communicate', 'VB'), ('with', 'IN'), ('.', '.'), ('The', 'DT'), ('place', 'NN'), ('felt', 'VBD'), ('very', 'RB'), ('cozy', 'JJ'), ('for', 'IN'), ('3', 'CD'), ('guests', 'NNS'), ('.', '.'), ('We', 'PRP'), ('would', 'MD'), ('definitely', 'RB'), ('book', 'NN'), ('this', 'DT'), ('entire', 'JJ'), ('serviced', 'VBD'), ('apartment', 'NN'), ('again', 'RB'), ('.', '.')]","['RB', 'VB', 'DT', 'NN', '.', 'DT', 'NN', 'VBD', 'JJ', 'NN', 'CC', 'JJ', 'TO', 'VB', 'IN', '.', 'DT', 'NN', 'VBD', 'RB', 'JJ', 'IN', 'CD', 'NNS', '.', 'PRP', 'MD', 'RB', 'NN', 'DT', 'JJ', 'VBD', 'NN', 'RB', '.']"
608624485,Decent stay overall. It served its purpose for our stay in Cape Town.,"[('Decent', 'NNP'), ('stay', 'NN'), ('overall', 'RB'), ('.', '.'), ('It', 'PRP'), ('served', 'VBD'), ('its', 'PRP$'), ('purpose', 'NN'), ('for', 'IN'), ('our', 'PRP$'), ('stay', 'NN'), ('in', 'IN'), ('Cape', 'NNP'), ('Town', 'NNP'), ('.', '.')]","['NNP', 'NN', 'RB', '.', 'PRP', 'VBD', 'PRP$', 'NN', 'IN', 'PRP$', 'NN', 'IN', 'NNP', 'NNP', '.']"
82075011,Below our expectations. The location in Williamsburg was noisier than expected. The private room in condominium was not as clean as the photos suggested.,"[('Below', 'IN'), ('our', 'PRP$'), ('expectations', 'NNS'), ('.', '.'), ('The', 'DT'), ('location', 'NN'), ('in', 'IN'), ('Williamsburg', 'NNP'), ('was', 'VBD'), ('noisier', 'JJR'), ('than', 'IN'), ('expected', 'VBN'), ('.', '.'), ('The', 'DT'), ('private', 'JJ'), ('room', 'NN'), ('in', 'IN'), ('condominium', 'NN'), ('was', 'VBD'), ('not', 'RB'), ('as', 'RB'), ('clean', 'JJ'), ('as', 'IN'), ('the', 'DT'), ('photos', 'NN'), ('suggested', 'VBD'), ('.', '.')]","['IN', 'PRP$', 'NNS', '.', 'DT', 'NN', 'IN', 'NNP', 'VBD', 'JJR', 'IN', 'VBN', '.', 'DT', 'JJ', 'NN', 'IN', 'NN', 'VBD', 'RB', 'RB', 'JJ', 'IN', 'DT', 'NN', 'VBD', '.']"
88085648,"Reasonable for a short trip. Some things could be improved, like cleanliness in the entire apartment. It served its purpose for our stay in Paris.","[('Reasonable', 'JJ'), ('for', 'IN'), ('a', 'DT'), ('short', 'JJ'), ('trip', 'NN'), ('.', '.'), ('Some', 'DT'), ('things', 'NNS'), ('could', 'MD'), ('be', 'VB'), ('improved', 'VBN'), (',', ','), ('like', 'IN'), ('cleanliness', 'NN'), ('in', 'IN'), ('the', 'DT'), ('entire', 'JJ'), ('apartment', 'NN'), ('.', '.'), ('It', 'PRP'), ('served', 'VBD'), ('its', 'PRP$'), ('purpose', 'NN'), ('for', 'IN'), ('our', 'PRP$'), ('stay', 'NN'), ('in', 'IN'), ('Paris', 'NNP'), ('.', '.')]","['JJ', 'IN', 'DT', 'JJ', 'NN', '.', 'DT', 'NNS', 'MD', 'VB', 'VBN', ',', 'IN', 'NN', 'IN', 'DT', 'JJ', 'NN', '.', 'PRP', 'VBD', 'PRP$', 'NN', 'IN', 'PRP$', 'NN', 'IN', 'NNP', '.']"
62419855,An average experience. It served its purpose for our stay in New York. The entire apartment was fine but a little smaller than expected.,"[('An', 'DT'), ('average', 'JJ'), ('experience', 'NN'), ('.', '.'), ('It', 'PRP'), ('served', 'VBD'), ('its', 'PRP$'), ('purpose', 'NN'), ('for', 'IN'), ('our', 'PRP$'), ('stay', 'NN'), ('in', 'IN'), ('New', 'NNP'), ('York', 'NNP'), ('.', '.'), ('The', 'DT'), ('entire', 'JJ'), ('apartment', 'NN'), ('was', 'VBD'), ('fine', 'JJ'), ('but', 'CC'), ('a', 'DT'), ('little', 'JJ'), ('smaller', 'JJR'), ('than', 'IN'), ('expected', 'VBN'), ('.', '.')]","['DT', 'JJ', 'NN', '.', 'PRP', 'VBD', 'PRP$', 'NN', 'IN', 'PRP$', 'NN', 'IN', 'NNP', 'NNP', '.', 'DT', 'JJ', 'NN', 'VBD', 'JJ', 'CC', 'DT', 'JJ', 'JJR', 'IN', 'VBN', '.']"
333886978,Reasonable for a short trip. The private room in townhouse was fine but a little smaller than expected. The host was polite but slow to respond a couple of times.,"[('Reasonable', 'JJ'), ('for', 'IN'), ('a', 'DT'), ('short', 'JJ'), ('trip', 'NN'), ('.', '.'), ('The', 'DT'), ('private', 'JJ'), ('room', 'NN'), ('in', 'IN'), ('townhouse', 'NN'), ('was', 'VBD'), ('fine', 'JJ'), ('but', 'CC'), ('a', 'DT'), ('little', 'JJ'), ('smaller', 'JJR'), ('than', 'IN'), ('expected', 'VBN'), ('.', '.'), ('The', 'DT'), ('host', 'NN'), ('was', 'VBD'), ('polite', 'JJ'), ('but', 'CC'), ('slow', 'JJ'), ('to', 'TO'), ('respond', 'VB'), ('a', 'DT'), ('couple', 'NN'), ('of', 'IN'), ('times', 'NNS'), ('.', '.')]","['JJ', 'IN', 'DT', 'JJ', 'NN', '.', 'DT', 'JJ', 'NN', 'IN', 'NN', 'VBD', 'JJ', 'CC', 'DT', 'JJ', 'JJR', 'IN', 'VBN', '.', 'DT', 'NN', 'VBD', 'JJ', 'CC', 'JJ', 'TO', 'VB', 'DT', 'NN', 'IN', 'NNS', '.']"
267249436,"Amazing stay! The place felt very cozy for 4 guests. Check-in was smooth and the amenities were exactly what we needed. Great location in I Centro Storico, close to everything we needed in Rome.","[('Amazing', 'VBG'), ('stay', 'NN'), ('!', '.'), ('The', 'DT'), ('place', 'NN'), ('felt', 'VBD'), ('very', 'RB'), ('cozy', 'JJ'), ('for', 'IN'), ('4', 'CD'), ('guests', 'NNS'), ('.', '.'), ('Check-in', 'NNP'), ('was', 'VBD'), ('smooth', 'JJ'), ('and', 'CC'), ('the', 'DT'), ('amenities', 'NNS'), ('were', 'VBD'), ('exactly', 'RB'), ('what', 'WP'), ('we', 'PRP'), ('needed', 'VBD'), ('.', '.'), ('Great', 'NNP'), ('location', 'NN'), ('in', 'IN'), ('I', 'PRP'), ('Centro', 'NNP'), ('Storico', 'NNP'), (',', ','), ('close', 'RB'), ('to', 'TO'), ('everything', 'NN'), ('we', 'PRP'), ('needed', 'VBD'), ('in', 'IN'), ('Rome', 'NNP'), ('.', '.')]","['VBG', 'NN', '.', 'DT', 'NN', 'VBD', 'RB', 'JJ', 'IN', 'CD', 'NNS', '.', 'NNP', 'VBD', 'JJ', 'CC', 'DT', 'NNS', 'VBD', 'RB', 'WP', 'PRP', 'VBD', '.', 'NNP', 'NN', 'IN', 'PRP', 'NNP', 'NNP', ',', 'RB', 'TO', 'NN', 'PRP', 'VBD', 'IN', 'NNP', '.']"
242934728,Not worth the price. We had several issues during our stay that were never resolved. Check-in was confusing and delayed our arrival in Sydney.,"[('Not', 'RB'), ('worth', 'IN'), ('the', 'DT'), ('price', 'NN'), ('.', '.'), ('We', 'PRP'), ('had', 'VBD'), ('several', 'JJ'), ('issues', 'NNS'), ('during', 'IN'), ('our', 'PRP$'), ('stay', 'NN'), ('that', 'WDT'), ('were', 'VBD'), ('never', 'RB'), ('resolved', 'VBN'), ('.', '.'), ('Check-in', 'NNP'), ('was', 'VBD'), ('confusing', 'VBG'), ('and', 'CC'), ('delayed', 'VB'), ('our', 'PRP$'), ('arrival', 'NN'), ('in', 'IN'), ('Sydney', 'NNP'), ('.', '.')]","['RB', 'IN', 'DT', 'NN', '.', 'PRP', 'VBD', 'JJ', 'NNS', 'IN', 'PRP$', 'NN', 'WDT', 'VBD', 'RB', 'VBN', '.', 'NNP', 'VBD', 'VBG', 'CC', 'VB', 'PRP$', 'NN', 'IN', 'NNP', '.']"
96205648,Perfect for our trip. The private room in apartment was spotless and exactly as described. Check-in was smooth and the amenities were exactly what we needed.,"[('Perfect', 'NN'), ('for', 'IN'), ('our', 'PRP$'), ('trip', 'NN'), ('.', '.'), ('The', 'DT'), ('private', 'JJ'), ('room', 'NN'), ('in', 'IN'), ('apartment', 'NN'), ('was', 'VBD'), ('spotless', 'JJ'), ('and', 'CC'), ('exactly', 'RB'), ('as', 'IN'), ('described', 'VBN'), ('.', '.'), ('Check-in', 'NNP'), ('was', 'VBD'), ('smooth', 'JJ'), ('and', 'CC'), ('the', 'DT'), ('amenities', 'NNS'), ('were', 'VBD'), ('exactly', 'RB'), ('what', 'WP'), ('we', 'PRP'), ('needed', 'VBD'), ('.', '.')]","['NN', 'IN', 'PRP$', 'NN', '.', 'DT', 'JJ', 'NN', 'IN', 'NN', 'VBD', 'JJ', 'CC', 'RB', 'IN', 'VBN', '.', 'NNP', 'VBD', 'JJ', 'CC', 'DT', 'NNS', 'VBD', 'RB', 'WP', 'PRP', 'VBD', '.']"
587863574,Disappointing stay. Check-in was confusing and delayed our arrival in New York. The host was difficult to reach when we had issues. The location in Upper East Side was noisier than expected.,"[('Disappointing', 'VBG'), ('stay', 'NN'), ('.', '.'), ('Check-in', 'NNP'), ('was', 'VBD'), ('confusing', 'VBG'), ('and', 'CC'), ('delayed', 'VB'), ('our', 'PRP$'), ('arrival', 'NN'), ('in', 'IN'), ('New', 'NNP'), ('York', 'NNP'), ('.', '.'), ('The', 'DT'), ('host', 'NN'), ('was', 'VBD'), ('difficult', 'JJ'), ('to', 'TO'), ('reach', 'VB'), ('when', 'WRB'), ('we', 'PRP'), ('had', 'VBD'), ('issues', 'NNS'), ('.', '.'), ('The', 'DT'), ('location', 'NN'), ('in', 'IN'), ('Upper', 'NNP'), ('East', 'NNP'), ('Side', 'NNP'), ('was', 'VBD'), ('noisier', 'JJR'), ('than', 'IN'), ('expected', 'VBN'), ('.', '.')]","['VBG', 'NN', '.', 'NNP', 'VBD', 'VBG', 'CC', 'VB', 'PRP$', 'NN', 'IN', 'NNP', 'NNP', '.', 'DT', 'NN', 'VBD', 'JJ', 'TO', 'VB', 'WRB', 'PRP', 'VBD', 'NNS', '.', 'DT', 'NN', 'IN', 'NNP', 'NNP', 'NNP', 'VBD', 'JJR', 'IN', 'VBN', '.']"
274139992,"Reasonable for a short trip. Some things could be improved, like cleanliness in the entire apartment. Our superhost was polite but slow to respond a couple of times.","[('Reasonable', 'JJ'), ('for', 'IN'), ('a', 'DT'), ('short', 'JJ'), ('trip', 'NN'), ('.', '.'), ('Some', 'DT'), ('things', 'NNS'), ('could', 'MD'), ('be', 'VB'), ('improved', 'VBN'), (',', ','), ('like', 'IN'), ('cleanliness', 'NN'), ('in', 'IN'), ('the', 'DT'), ('entire', 'JJ'), ('apartment', 'NN'), ('.', '.'), ('Our', 'PRP$'), ('superhost', 'NN'), ('was', 'VBD'), ('polite', 'JJ'), ('but', 'CC'), ('slow', 'JJ'), ('to', 'TO'), ('respond', 'VB'), ('a', 'DT'), ('couple', 'NN'), ('of', 'IN'), ('times', 'NNS'), ('.', '.')]","['JJ', 'IN', 'DT', 'JJ', 'NN', '.', 'DT', 'NNS', 'MD', 'VB', 'VBN', ',', 'IN', 'NN', 'IN', 'DT', 'JJ', 'NN', '.', 'PRP$', 'NN', 'VBD', 'JJ', 'CC', 'JJ', 'TO', 'VB', 'DT', 'NN', 'IN', 'NNS', '.']"
302135325,"Wonderful experience. The host was super responsive and easy to communicate with. The entire apartment was spotless and exactly as described. Great location in I Centro Storico, close to everything we needed in Rome.","[('Wonderful', 'JJ'), ('experience', 'NN'), ('.', '.'), ('The', 'DT'), ('host', 'NN'), ('was', 'VBD'), ('super', 'JJ'), ('responsive', 'NN'), ('and', 'CC'), ('easy', 'JJ'), ('to', 'TO'), ('communicate', 'VB'), ('with', 'IN'), ('.', '.'), ('The', 'DT'), ('entire', 'JJ'), ('apartment', 'NN'), ('was', 'VBD'), ('spotless', 'JJ'), ('and', 'CC'), ('exactly', 'RB'), ('as', 'IN'), ('described', 'VBN'), ('.', '.'), ('Great', 'NNP'), ('location', 'NN'), ('in', 'IN'), ('I', 'PRP'), ('Centro', 'NNP'), ('Storico', 'NNP'), (',', ','), ('close', 'RB'), ('to', 'TO'), ('everything', 'NN'), ('we', 'PRP'), ('needed', 'VBD'), ('in', 'IN'), ('Rome', 'NNP'), ('.', '.')]","['JJ', 'NN', '.', 'DT', 'NN', 'VBD', 'JJ', 'NN', 'CC', 'JJ', 'TO', 'VB', 'IN', '.', 'DT', 'JJ', 'NN', 'VBD', 'JJ', 'CC', 'RB', 'IN', 'VBN', '.', 'NNP', 'NN', 'IN', 'PRP', 'NNP', 'NNP', ',', 'RB', 'TO', 'NN', 'PRP', 'VBD', 'IN', 'NNP', '.']"
412534609,Disappointing stay. The location in Rockdale was noisier than expected. We had several issues during our stay that were never resolved. The entire apartment was not as clean as the photos suggested.,"[('Disappointing', 'VBG'), ('stay', 'NN'), ('.', '.'), ('The', 'DT'), ('location', 'NN'), ('in', 'IN'), ('Rockdale', 'NNP'), ('was', 'VBD'), ('noisier', 'JJR'), ('than', 'IN'), ('expected', 'VBN'), ('.', '.'), ('We', 'PRP'), ('had', 'VBD'), ('several', 'JJ'), ('issues', 'NNS'), ('during', 'IN'), ('our', 'PRP$'), ('stay', 'NN'), ('that', 'WDT'), ('were', 'VBD'), ('never', 'RB'), ('resolved', 'VBN'), ('.', '.'), ('The', 'DT'), ('entire', 'JJ'), ('apartment', 'NN'), ('was', 'VBD'), ('not', 'RB'), ('as', 'RB'), ('clean', 'JJ'), ('as', 'IN'), ('the', 'DT'), ('photos', 'NN'), ('suggested', 'VBD'), ('.', '.')]","['VBG', 'NN', '.', 'DT', 'NN', 'IN', 'NNP', 'VBD', 'JJR', 'IN', 'VBN', '.', 'PRP', 'VBD', 'JJ', 'NNS', 'IN', 'PRP$', 'NN', 'WDT', 'VBD', 'RB', 'VBN', '.', 'DT', 'JJ', 'NN', 'VBD', 'RB', 'RB', 'JJ', 'IN', 'DT', 'NN', 'VBD', '.']"
553191508,Disappointing stay. The host was difficult to reach when we had issues. The location in Barra da Tijuca was noisier than expected. We had several issues during our stay that were never resolved.,"[('Disappointing', 'VBG'), ('stay', 'NN'), ('.', '.'), ('The', 'DT'), ('host', 'NN'), ('was', 'VBD'), ('difficult', 'JJ'), ('to', 'TO'), ('reach', 'VB'), ('when', 'WRB'), ('we', 'PRP'), ('had', 'VBD'), ('issues', 'NNS'), ('.', '.'), ('The', 'DT'), ('location', 'NN'), ('in', 'IN'), ('Barra', 'NNP'), ('da', 'NN'), ('Tijuca', 'NNP'), ('was', 'VBD'), ('noisier', 'JJR'), ('than', 'IN'), ('expected', 'VBN'), ('.', '.'), ('We', 'PRP'), ('had', 'VBD'), ('several', 'JJ'), ('issues', 'NNS'), ('during', 'IN'), ('our', 'PRP$'), ('stay', 'NN'), ('that', 'WDT'), ('were', 'VBD'), ('never', 'RB'), ('resolved', 'VBN'), ('.', '.')]","['VBG', 'NN', '.', 'DT', 'NN', 'VBD', 'JJ', 'TO', 'VB', 'WRB', 'PRP', 'VBD', 'NNS', '.', 'DT', 'NN', 'IN', 'NNP', 'NN', 'NNP', 'VBD', 'JJR', 'IN', 'VBN', '.', 'PRP', 'VBD', 'JJ', 'NNS', 'IN', 'PRP$', 'NN', 'WDT', 'VBD', 'RB', 'VBN', '.']"
662802624,Would not recommend. The private room in apartment was not as clean as the photos suggested. The location in Buttes-Chaumont was noisier than expected. Check-in was confusing and delayed our arrival in Paris.,"[('Would', 'MD'), ('not', 'RB'), ('recommend', 'VB'), ('.', '.'), ('The', 'DT'), ('private', 'JJ'), ('room', 'NN'), ('in', 'IN'), ('apartment', 'NN'), ('was', 'VBD'), ('not', 'RB'), ('as', 'RB'), ('clean', 'JJ'), ('as', 'IN'), ('the', 'DT'), ('photos', 'NN'), ('suggested', 'VBD'), ('.', '.'), ('The', 'DT'), ('location', 'NN'), ('in', 'IN'), ('Buttes-Chaumont', 'NNP'), ('was', 'VBD'), ('noisier', 'JJR'), ('than', 'IN'), ('expected', 'VBN'), ('.', '.'), ('Check-in', 'NNP'), ('was', 'VBD'), ('confusing', 'VBG'), ('and', 'CC'), ('delayed', 'VB'), ('our', 'PRP$'), ('arrival', 'NN'), ('in', 'IN'), ('Paris', 'NNP'), ('.', '.')]","['MD', 'RB', 'VB', '.', 'DT', 'JJ', 'NN', 'IN', 'NN', 'VBD', 'RB', 'RB', 'JJ', 'IN', 'DT', 'NN', 'VBD', '.', 'DT', 'NN', 'IN', 'NNP', 'VBD', 'JJR', 'IN', 'VBN', '.', 'NNP', 'VBD', 'VBG', 'CC', 'VB', 'PRP$', 'NN', 'IN', 'NNP', '.']"
406378149,An average experience. It served its purpose for our stay in Rome.,"[('An', 'DT'), ('average', 'JJ'), ('experience', 'NN'), ('.', '.'), ('It', 'PRP'), ('served', 'VBD'), ('its', 'PRP$'), ('purpose', 'NN'), ('for', 'IN'), ('our', 'PRP$'), ('stay', 'NN'), ('in', 'IN'), ('Rome', 'NNP'), ('.', '.')]","['DT', 'JJ', 'NN', '.', 'PRP', 'VBD', 'PRP$', 'NN', 'IN', 'PRP$', 'NN', 'IN', 'NNP', '.']"
228643445,Loved every minute of it. We would definitely book this entire apartment again. The place felt very cozy for 5 guests.,"[('Loved', 'VBN'), ('every', 'DT'), ('minute', 'NN'), ('of', 'IN'), ('it', 'PRP'), ('.', '.'), ('We', 'PRP'), ('would', 'MD'), ('definitely', 'RB'), ('book', 'NN'), ('this', 'DT'), ('entire', 'JJ'), ('apartment', 'NN'), ('again', 'RB'), ('.', '.'), ('The', 'DT'), ('place', 'NN'), ('felt', 'VBD'), ('very', 'RB'), ('cozy', 'JJ'), ('for', 'IN'), ('5', 'CD'), ('guests', 'NNS'), ('.', '.')]","['VBN', 'DT', 'NN', 'IN', 'PRP', '.', 'PRP', 'MD', 'RB', 'NN', 'DT', 'JJ', 'NN', 'RB', '.', 'DT', 'NN', 'VBD', 'RB', 'JJ', 'IN', 'CD', 'NNS', '.']"
41714408,We had a rough experience. We had several issues during our stay that were never resolved. The private room in condominium was not as clean as the photos suggested. Our superhost was difficult to reach when we had issues.,"[('We', 'PRP'), ('had', 'VBD'), ('a', 'DT'), ('rough', 'JJ'), ('experience', 'NN'), ('.', '.'), ('We', 'PRP'), ('had', 'VBD'), ('several', 'JJ'), ('issues', 'NNS'), ('during', 'IN'), ('our', 'PRP$'), ('stay', 'NN'), ('that', 'WDT'), ('were', 'VBD'), ('never', 'RB'), ('resolved', 'VBN'), ('.', '.'), ('The', 'DT'), ('private', 'JJ'), ('room', 'NN'), ('in', 'IN'), ('condominium', 'NN'), ('was', 'VBD'), ('not', 'RB'), ('as', 'RB'), ('clean', 'JJ'), ('as', 'IN'), ('the', 'DT'), ('photos', 'NN'), ('suggested', 'VBD'), ('.', '.'), ('Our', 'PRP$'), ('superhost', 'NN'), ('was', 'VBD'), ('difficult', 'JJ'), ('to', 'TO'), ('reach', 'VB'), ('when', 'WRB'), ('we', 'PRP'), ('had', 'VBD'), ('issues', 'NNS'), ('.', '.')]","['PRP', 'VBD', 'DT', 'JJ', 'NN', '.', 'PRP', 'VBD', 'JJ', 'NNS', 'IN', 'PRP$', 'NN', 'WDT', 'VBD', 'RB', 'VBN', '.', 'DT', 'JJ', 'NN', 'IN', 'NN', 'VBD', 'RB', 'RB', 'JJ', 'IN', 'DT', 'NN', 'VBD', '.', 'PRP$', 'NN', 'VBD', 'JJ', 'TO', 'VB', 'WRB', 'PRP', 'VBD', 'NNS', '.']"
112408516,Disappointing stay. Our superhost was difficult to reach when we had issues. The location in VII San Giovanni/Cinecitta was noisier than expected. Check-in was confusing and delayed our arrival in Rome.,"[('Disappointing', 'VBG'), ('stay', 'NN'), ('.', '.'), ('Our', 'PRP$'), ('superhost', 'NN'), ('was', 'VBD'), ('difficult', 'JJ'), ('to', 'TO'), ('reach', 'VB'), ('when', 'WRB'), ('we', 'PRP'), ('had', 'VBD'), ('issues', 'NNS'), ('.', '.'), ('The', 'DT'), ('location', 'NN'), ('in', 'IN'), ('VII', 'NNP'), ('San', 'NNP'), ('Giovanni/Cinecitta', 'NNP'), ('was', 'VBD'), ('noisier', 'JJR'), ('than', 'IN'), ('expected', 'VBN'), ('.', '.'), ('Check-in', 'NNP'), ('was', 'VBD'), ('confusing', 'VBG'), ('and', 'CC'), ('delayed', 'VB'), ('our', 'PRP$'), ('arrival', 'NN'), ('in', 'IN'), ('Rome', 'NNP'), ('.', '.')]","['VBG', 'NN', '.', 'PRP$', 'NN', 'VBD', 'JJ', 'TO', 'VB', 'WRB', 'PRP', 'VBD', 'NNS', '.', 'DT', 'NN', 'IN', 'NNP', 'NNP', 'NNP', 'VBD', 'JJR', 'IN', 'VBN', '.', 'NNP', 'VBD', 'VBG', 'CC', 'VB', 'PRP$', 'NN', 'IN', 'NNP', '.']"
192620398,"Nothing special, but fine. The host was polite but slow to respond a couple of times.","[('Nothing', 'VBG'), ('special', 'JJ'), (',', ','), ('but', 'CC'), ('fine', 'JJ'), ('.', '.'), ('The', 'DT'), ('host', 'NN'), ('was', 'VBD'), ('polite', 'JJ'), ('but', 'CC'), ('slow', 'JJ'), ('to', 'TO'), ('respond', 'VB'), ('a', 'DT'), ('couple', 'NN'), ('of', 'IN'), ('times', 'NNS'), ('.', '.')]","['VBG', 'JJ', ',', 'CC', 'JJ', '.', 'DT', 'NN', 'VBD', 'JJ', 'CC', 'JJ', 'TO', 'VB', 'DT', 'NN', 'IN', 'NNS', '.']"
104212319,Would not recommend. The host was difficult to reach when we had issues. The entire apartment was not as clean as the photos suggested. Check-in was confusing and delayed our arrival in Rio de Janeiro.,"[('Would', 'MD'), ('not', 'RB'), ('recommend', 'VB'), ('.', '.'), ('The', 'DT'), ('host', 'NN'), ('was', 'VBD'), ('difficult', 'JJ'), ('to', 'TO'), ('reach', 'VB'), ('when', 'WRB'), ('we', 'PRP'), ('had', 'VBD'), ('issues', 'NNS'), ('.', '.'), ('The', 'DT'), ('entire', 'JJ'), ('apartment', 'NN'), ('was', 'VBD'), ('not', 'RB'), ('as', 'RB'), ('clean', 'JJ'), ('as', 'IN'), ('the', 'DT'), ('photos', 'NN'), ('suggested', 'VBD'), ('.', '.'), ('Check-in', 'NNP'), ('was', 'VBD'), ('confusing', 'VBG'), ('and', 'CC'), ('delayed', 'VB'), ('our', 'PRP$'), ('arrival', 'NN'), ('in', 'IN'), ('Rio', 'NNP'), ('de', 'IN'), ('Janeiro', 'NNP'), ('.', '.')]","['MD', 'RB', 'VB', '.', 'DT', 'NN', 'VBD', 'JJ', 'TO', 'VB', 'WRB', 'PRP', 'VBD', 'NNS', '.', 'DT', 'JJ', 'NN', 'VBD', 'RB', 'RB', 'JJ', 'IN', 'DT', 'NN', 'VBD', '.', 'NNP', 'VBD', 'VBG', 'CC', 'VB', 'PRP$', 'NN', 'IN', 'NNP', 'IN', 'NNP', '.']"
260277336,Disappointing stay. The entire apartment was not as clean as the photos suggested. Our superhost was difficult to reach when we had issues.,"[('Disappointing', 'VBG'), ('stay', 'NN'), ('.', '.'), ('The', 'DT'), ('entire', 'JJ'), ('apartment', 'NN'), ('was', 'VBD'), ('not', 'RB'), ('as', 'RB'), ('clean', 'JJ'), ('as', 'IN'), ('the', 'DT'), ('photos', 'NN'), ('suggested', 'VBD'), ('.', '.'), ('Our', 'PRP$'), ('superhost', 'NN'), ('was', 'VBD'), ('difficult', 'JJ'), ('to', 'TO'), ('reach', 'VB'), ('when', 'WRB'), ('we', 'PRP'), ('had', 'VBD'), ('issues', 'NNS'), ('.', '.')]","['VBG', 'NN', '.', 'DT', 'JJ', 'NN', 'VBD', 'RB', 'RB', 'JJ', 'IN', 'DT', 'NN', 'VBD', '.', 'PRP$', 'NN', 'VBD', 'JJ', 'TO', 'VB', 'WRB', 'PRP', 'VBD', 'NNS', '.']"
334111938,"Wonderful experience. Great location in Hotel-de-Ville, close to everything we needed in Paris. The entire apartment was spotless and exactly as described.","[('Wonderful', 'JJ'), ('experience', 'NN'), ('.', '.'), ('Great', 'NNP'), ('location', 'NN'), ('in', 'IN'), ('Hotel-de-Ville', 'NNP'), (',', ','), ('close', 'RB'), ('to', 'TO'), ('everything', 'NN'), ('we', 'PRP'), ('needed', 'VBD'), ('in', 'IN'), ('Paris', 'NNP'), ('.', '.'), ('The', 'DT'), ('entire', 'JJ'), ('apartment', 'NN'), ('was', 'VBD'), ('spotless', 'JJ'), ('and', 'CC'), ('exactly', 'RB'), ('as', 'IN'), ('described', 'NN'), ('.', '.')]","['JJ', 'NN', '.', 'NNP', 'NN', 'IN', 'NNP', ',', 'RB', 'TO', 'NN', 'PRP', 'VBD', 'IN', 'NNP', '.', 'DT', 'JJ', 'NN', 'VBD', 'JJ', 'CC', 'RB', 'IN', 'NN', '.']"
329069490,Disappointing stay. The location in Vadhana was noisier than expected. The host was difficult to reach when we had issues.,"[('Disappointing', 'VBG'), ('stay', 'NN'), ('.', '.'), ('The', 'DT'), ('location', 'NN'), ('in', 'IN'), ('Vadhana', 'NNP'), ('was', 'VBD'), ('noisier', 'JJR'), ('than', 'IN'), ('expected', 'VBN'), ('.', '.'), ('The', 'DT'), ('host', 'NN'), ('was', 'VBD'), ('difficult', 'JJ'), ('to', 'TO'), ('reach', 'VB'), ('when', 'WRB'), ('we', 'PRP'), ('had', 'VBD'), ('issues', 'NNS'), ('.', '.')]","['VBG', 'NN', '.', 'DT', 'NN', 'IN', 'NNP', 'VBD', 'JJR', 'IN', 'VBN', '.', 'DT', 'NN', 'VBD', 'JJ', 'TO', 'VB', 'WRB', 'PRP', 'VBD', 'NNS', '.']"
54882152,Reasonable for a short trip. Location in Upper West Side was convenient enough.,"[('Reasonable', 'JJ'), ('for', 'IN'), ('a', 'DT'), ('short', 'JJ'), ('trip', 'NN'), ('.', '.'), ('Location', 'NN'), ('in', 'IN'), ('Upper', 'NNP'), ('West', 'NNP'), ('Side', 'NNP'), ('was', 'VBD'), ('convenient', 'JJ'), ('enough', 'RB'), ('.', '.')]","['JJ', 'IN', 'DT', 'JJ', 'NN', '.', 'NN', 'IN', 'NNP', 'NNP', 'NNP', 'VBD', 'JJ', 'RB', '.']"
128510179,"Nothing special, but fine. The entire apartment was fine but a little smaller than expected.","[('Nothing', 'VBG'), ('special', 'JJ'), (',', ','), ('but', 'CC'), ('fine', 'JJ'), ('.', '.'), ('The', 'DT'), ('entire', 'JJ'), ('apartment', 'NN'), ('was', 'VBD'), ('fine', 'JJ'), ('but', 'CC'), ('a', 'DT'), ('little', 'JJ'), ('smaller', 'JJR'), ('than', 'IN'), ('expected', 'VBN'), ('.', '.')]","['VBG', 'JJ', ',', 'CC', 'JJ', '.', 'DT', 'JJ', 'NN', 'VBD', 'JJ', 'CC', 'DT', 'JJ', 'JJR', 'IN', 'VBN', '.']"
266789094,Reasonable for a short trip. Location in Jacarepagua was convenient enough.,"[('Reasonable', 'JJ'), ('for', 'IN'), ('a', 'DT'), ('short', 'JJ'), ('trip', 'NN'), ('.', '.'), ('Location', 'NN'), ('in', 'IN'), ('Jacarepagua', 'NNP'), ('was', 'VBD'), ('convenient', 'JJ'), ('enough', 'RB'), ('.', '.')]","['JJ', 'IN', 'DT', 'JJ', 'NN', '.', 'NN', 'IN', 'NNP', 'VBD', 'JJ', 'RB', '.']"
563493661,Loved every minute of it. The host was super responsive and easy to communicate with. We would definitely book this entire condominium again. The entire condominium was spotless and exactly as described.,"[('Loved', 'VBN'), ('every', 'DT'), ('minute', 'NN'), ('of', 'IN'), ('it', 'PRP'), ('.', '.'), ('The', 'DT'), ('host', 'NN'), ('was', 'VBD'), ('super', 'JJ'), ('responsive', 'NN'), ('and', 'CC'), ('easy', 'JJ'), ('to', 'TO'), ('communicate', 'VB'), ('with', 'IN'), ('.', '.'), ('We', 'PRP'), ('would', 'MD'), ('definitely', 'RB'), ('book', 'NN'), ('this', 'DT'), ('entire', 'JJ'), ('condominium', 'NN'), ('again', 'RB'), ('.', '.'), ('The', 'DT'), ('entire', 'JJ'), ('condominium', 'NN'), ('was', 'VBD'), ('spotless', 'JJ'), ('and', 'CC'), ('exactly', 'RB'), ('as', 'IN'), ('described', 'NN'), ('.', '.')]","['VBN', 'DT', 'NN', 'IN', 'PRP', '.', 'DT', 'NN', 'VBD', 'JJ', 'NN', 'CC', 'JJ', 'TO', 'VB', 'IN', '.', 'PRP', 'MD', 'RB', 'NN', 'DT', 'JJ', 'NN', 'RB', '.', 'DT', 'JJ', 'NN', 'VBD', 'JJ', 'CC', 'RB', 'IN', 'NN', '.']"
339193625,"It was okay for the price. It served its purpose for our stay in Istanbul. Some things could be improved, like cleanliness in the room in boutique hotel.","[('It', 'PRP'), ('was', 'VBD'), ('okay', 'VBN'), ('for', 'IN'), ('the', 'DT'), ('price', 'NN'), ('.', '.'), ('It', 'PRP'), ('served', 'VBD'), ('its', 'PRP$'), ('purpose', 'NN'), ('for', 'IN'), ('our', 'PRP$'), ('stay', 'NN'), ('in', 'IN'), ('Istanbul', 'NNP'), ('.', '.'), ('Some', 'DT'), ('things', 'NNS'), ('could', 'MD'), ('be', 'VB'), ('improved', 'VBN'), (',', ','), ('like', 'IN'), ('cleanliness', 'NN'), ('in', 'IN'), ('the', 'DT'), ('room', 'NN'), ('in', 'IN'), ('boutique', 'JJ'), ('hotel', 'NN'), ('.', '.')]","['PRP', 'VBD', 'VBN', 'IN', 'DT', 'NN', '.', 'PRP', 'VBD', 'PRP$', 'NN', 'IN', 'PRP$', 'NN', 'IN', 'NNP', '.', 'DT', 'NNS', 'MD', 'VB', 'VBN', ',', 'IN', 'NN', 'IN', 'DT', 'NN', 'IN', 'JJ', 'NN', '.']"
632427669,Not worth the price. We had several issues during our stay that were never resolved. Check-in was confusing and delayed our arrival in Sydney.,"[('Not', 'RB'), ('worth', 'IN'), ('the', 'DT'), ('price', 'NN'), ('.', '.'), ('We', 'PRP'), ('had', 'VBD'), ('several', 'JJ'), ('issues', 'NNS'), ('during', 'IN'), ('our', 'PRP$'), ('stay', 'NN'), ('that', 'WDT'), ('were', 'VBD'), ('never', 'RB'), ('resolved', 'VBN'), ('.', '.'), ('Check-in', 'NNP'), ('was', 'VBD'), ('confusing', 'VBG'), ('and', 'CC'), ('delayed', 'VB'), ('our', 'PRP$'), ('arrival', 'NN'), ('in', 'IN'), ('Sydney', 'NNP'), ('.', '.')]","['RB', 'IN', 'DT', 'NN', '.', 'PRP', 'VBD', 'JJ', 'NNS', 'IN', 'PRP$', 'NN', 'WDT', 'VBD', 'RB', 'VBN', '.', 'NNP', 'VBD', 'VBG', 'CC', 'VB', 'PRP$', 'NN', 'IN', 'NNP', '.']"
532233280,Below our expectations. The host was difficult to reach when we had issues. Check-in was confusing and delayed our arrival in Paris. The room in boutique hotel was not as clean as the photos suggested.,"[('Below', 'IN'), ('our', 'PRP$'), ('expectations', 'NNS'), ('.', '.'), ('The', 'DT'), ('host', 'NN'), ('was', 'VBD'), ('difficult', 'JJ'), ('to', 'TO'), ('reach', 'VB'), ('when', 'WRB'), ('we', 'PRP'), ('had', 'VBD'), ('issues', 'NNS'), ('.', '.'), ('Check-in', 'NNP'), ('was', 'VBD'), ('confusing', 'VBG'), ('and', 'CC'), ('delayed', 'VB'), ('our', 'PRP$'), ('arrival', 'NN'), ('in', 'IN'), ('Paris', 'NNP'), ('.', '.'), ('The', 'DT'), ('room', 'NN'), ('in', 'IN'), ('boutique', 'JJ'), ('hotel', 'NN'), ('was', 'VBD'), ('not', 'RB'), ('as', 'RB'), ('clean', 'JJ'), ('as', 'IN'), ('the', 'DT'), ('photos', 'NN'), ('suggested', 'VBD'), ('.', '.')]","['IN', 'PRP$', 'NNS', '.', 'DT', 'NN', 'VBD', 'JJ', 'TO', 'VB', 'WRB', 'PRP', 'VBD', 'NNS', '.', 'NNP', 'VBD', 'VBG', 'CC', 'VB', 'PRP$', 'NN', 'IN', 'NNP', '.', 'DT', 'NN', 'IN', 'JJ', 'NN', 'VBD', 'RB', 'RB', 'JJ', 'IN', 'DT', 'NN', 'VBD', '.']"
213040356,Reasonable for a short trip. It served its purpose for our stay in New York. Location in East Village was convenient enough.,"[('Reasonable', 'JJ'), ('for', 'IN'), ('a', 'DT'), ('short', 'JJ'), ('trip', 'NN'), ('.', '.'), ('It', 'PRP'), ('served', 'VBD'), ('its', 'PRP$'), ('purpose', 'NN'), ('for', 'IN'), ('our', 'PRP$'), ('stay', 'NN'), ('in', 'IN'), ('New', 'NNP'), ('York', 'NNP'), ('.', '.'), ('Location', 'NNP'), ('in', 'IN'), ('East', 'NNP'), ('Village', 'NNP'), ('was', 'VBD'), ('convenient', 'JJ'), ('enough', 'RB'), ('.', '.')]","['JJ', 'IN', 'DT', 'JJ', 'NN', '.', 'PRP', 'VBD', 'PRP$', 'NN', 'IN', 'PRP$', 'NN', 'IN', 'NNP', 'NNP', '.', 'NNP', 'IN', 'NNP', 'NNP', 'VBD', 'JJ', 'RB', '.']"
199315686,"Nothing special, but fine. The entire apartment was fine but a little smaller than expected.","[('Nothing', 'VBG'), ('special', 'JJ'), (',', ','), ('but', 'CC'), ('fine', 'JJ'), ('.', '.'), ('The', 'DT'), ('entire', 'JJ'), ('apartment', 'NN'), ('was', 'VBD'), ('fine', 'JJ'), ('but', 'CC'), ('a', 'DT'), ('little', 'JJ'), ('smaller', 'JJR'), ('than', 'IN'), ('expected', 'VBN'), ('.', '.')]","['VBG', 'JJ', ',', 'CC', 'JJ', '.', 'DT', 'JJ', 'NN', 'VBD', 'JJ', 'CC', 'DT', 'JJ', 'JJR', 'IN', 'VBN', '.']"
313769066,"Nothing special, but fine. It served its purpose for our stay in Hong Kong.","[('Nothing', 'VBG'), ('special', 'JJ'), (',', ','), ('but', 'CC'), ('fine', 'JJ'), ('.', '.'), ('It', 'PRP'), ('served', 'VBD'), ('its', 'PRP$'), ('purpose', 'NN'), ('for', 'IN'), ('our', 'PRP$'), ('stay', 'NN'), ('in', 'IN'), ('Hong', 'NNP'), ('Kong', 'NNP'), ('.', '.')]","['VBG', 'JJ', ',', 'CC', 'JJ', '.', 'PRP', 'VBD', 'PRP$', 'NN', 'IN', 'PRP$', 'NN', 'IN', 'NNP', 'NNP', '.']"
172136925,Couldn't have asked for more. We would definitely book this entire guest suite again. Check-in was smooth and the amenities were exactly what we needed. The place felt very cozy for 2 guests.,"[('Could', 'MD'), (""n't"", 'RB'), ('have', 'VB'), ('asked', 'VBN'), ('for', 'IN'), ('more', 'JJR'), ('.', '.'), ('We', 'PRP'), ('would', 'MD'), ('definitely', 'RB'), ('book', 'NN'), ('this', 'DT'), ('entire', 'JJ'), ('guest', 'NN'), ('suite', 'NN'), ('again', 'RB'), ('.', '.'), ('Check-in', 'NNP'), ('was', 'VBD'), ('smooth', 'JJ'), ('and', 'CC'), ('the', 'DT'), ('amenities', 'NNS'), ('were', 'VBD'), ('exactly', 'RB'), ('what', 'WP'), ('we', 'PRP'), ('needed', 'VBD'), ('.', '.'), ('The', 'DT'), ('place', 'NN'), ('felt', 'VBD'), ('very', 'RB'), ('cozy', 'JJ'), ('for', 'IN'), ('2', 'CD'), ('guests', 'NNS'), ('.', '.')]","['MD', 'RB', 'VB', 'VBN', 'IN', 'JJR', '.', 'PRP', 'MD', 'RB', 'NN', 'DT', 'JJ', 'NN', 'NN', 'RB', '.', 'NNP', 'VBD', 'JJ', 'CC', 'DT', 'NNS', 'VBD', 'RB', 'WP', 'PRP', 'VBD', '.', 'DT', 'NN', 'VBD', 'RB', 'JJ', 'IN', 'CD', 'NNS', '.']"
291703907,Below our expectations. We had several issues during our stay that were never resolved. The entire apartment was not as clean as the photos suggested. Check-in was confusing and delayed our arrival in Rome.,"[('Below', 'IN'), ('our', 'PRP$'), ('expectations', 'NNS'), ('.', '.'), ('We', 'PRP'), ('had', 'VBD'), ('several', 'JJ'), ('issues', 'NNS'), ('during', 'IN'), ('our', 'PRP$'), ('stay', 'NN'), ('that', 'WDT'), ('were', 'VBD'), ('never', 'RB'), ('resolved', 'VBN'), ('.', '.'), ('The', 'DT'), ('entire', 'JJ'), ('apartment', 'NN'), ('was', 'VBD'), ('not', 'RB'), ('as', 'RB'), ('clean', 'JJ'), ('as', 'IN'), ('the', 'DT'), ('photos', 'NN'), ('suggested', 'VBD'), ('.', '.'), ('Check-in', 'NNP'), ('was', 'VBD'), ('confusing', 'VBG'), ('and', 'CC'), ('delayed', 'VB'), ('our', 'PRP$'), ('arrival', 'NN'), ('in', 'IN'), ('Rome', 'NNP'), ('.', '.')]","['IN', 'PRP$', 'NNS', '.', 'PRP', 'VBD', 'JJ', 'NNS', 'IN', 'PRP$', 'NN', 'WDT', 'VBD', 'RB', 'VBN', '.', 'DT', 'JJ', 'NN', 'VBD', 'RB', 'RB', 'JJ', 'IN', 'DT', 'NN', 'VBD', '.', 'NNP', 'VBD', 'VBG', 'CC', 'VB', 'PRP$', 'NN', 'IN', 'NNP', '.']"
519927971,"We had a fantastic time. Our superhost was super responsive and easy to communicate with. Great location in Barra da Tijuca, close to everything we needed in Rio de Janeiro. The place felt very cozy for 4 guests.","[('We', 'PRP'), ('had', 'VBD'), ('a', 'DT'), ('fantastic', 'JJ'), ('time', 'NN'), ('.', '.'), ('Our', 'PRP$'), ('superhost', 'NN'), ('was', 'VBD'), ('super', 'JJ'), ('responsive', 'NN'), ('and', 'CC'), ('easy', 'JJ'), ('to', 'TO'), ('communicate', 'VB'), ('with', 'IN'), ('.', '.'), ('Great', 'NNP'), ('location', 'NN'), ('in', 'IN'), ('Barra', 'NNP'), ('da', 'NN'), ('Tijuca', 'NNP'), (',', ','), ('close', 'RB'), ('to', 'TO'), ('everything', 'NN'), ('we', 'PRP'), ('needed', 'VBD'), ('in', 'IN'), ('Rio', 'NNP'), ('de', 'IN'), ('Janeiro', 'NNP'), ('.', '.'), ('The', 'DT'), ('place', 'NN'), ('felt', 'VBD'), ('very', 'RB'), ('cozy', 'JJ'), ('for', 'IN'), ('4', 'CD'), ('guests', 'NNS'), ('.', '.')]","['PRP', 'VBD', 'DT', 'JJ', 'NN', '.', 'PRP$', 'NN', 'VBD', 'JJ', 'NN', 'CC', 'JJ', 'TO', 'VB', 'IN', '.', 'NNP', 'NN', 'IN', 'NNP', 'NN', 'NNP', ',', 'RB', 'TO', 'NN', 'PRP', 'VBD', 'IN', 'NNP', 'IN', 'NNP', '.', 'DT', 'NN', 'VBD', 'RB', 'JJ', 'IN', 'CD', 'NNS', '.']"
425754484,We had a rough experience. Our superhost was difficult to reach when we had issues. We had several issues during our stay that were never resolved. The location in Ryde was noisier than expected.,"[('We', 'PRP'), ('had', 'VBD'), ('a', 'DT'), ('rough', 'JJ'), ('experience', 'NN'), ('.', '.'), ('Our', 'PRP$'), ('superhost', 'NN'), ('was', 'VBD'), ('difficult', 'JJ'), ('to', 'TO'), ('reach', 'VB'), ('when', 'WRB'), ('we', 'PRP'), ('had', 'VBD'), ('issues', 'NNS'), ('.', '.'), ('We', 'PRP'), ('had', 'VBD'), ('several', 'JJ'), ('issues', 'NNS'), ('during', 'IN'), ('our', 'PRP$'), ('stay', 'NN'), ('that', 'WDT'), ('were', 'VBD'), ('never', 'RB'), ('resolved', 'VBN'), ('.', '.'), ('The', 'DT'), ('location', 'NN'), ('in', 'IN'), ('Ryde', 'NNP'), ('was', 'VBD'), ('noisier', 'JJR'), ('than', 'IN'), ('expected', 'VBN'), ('.', '.')]","['PRP', 'VBD', 'DT', 'JJ', 'NN', '.', 'PRP$', 'NN', 'VBD', 'JJ', 'TO', 'VB', 'WRB', 'PRP', 'VBD', 'NNS', '.', 'PRP', 'VBD', 'JJ', 'NNS', 'IN', 'PRP$', 'NN', 'WDT', 'VBD', 'RB', 'VBN', '.', 'DT', 'NN', 'IN', 'NNP', 'VBD', 'JJR', 'IN', 'VBN', '.']"
669683188,Perfect for our trip. The place felt very cozy for 6 guests. The entire house was spotless and exactly as described.,"[('Perfect', 'NN'), ('for', 'IN'), ('our', 'PRP$'), ('trip', 'NN'), ('.', '.'), ('The', 'DT'), ('place', 'NN'), ('felt', 'VBD'), ('very', 'RB'), ('cozy', 'JJ'), ('for', 'IN'), ('6', 'CD'), ('guests', 'NNS'), ('.', '.'), ('The', 'DT'), ('entire', 'JJ'), ('house', 'NN'), ('was', 'VBD'), ('spotless', 'JJ'), ('and', 'CC'), ('exactly', 'RB'), ('as', 'IN'), ('described', 'NN'), ('.', '.')]","['NN', 'IN', 'PRP$', 'NN', '.', 'DT', 'NN', 'VBD', 'RB', 'JJ', 'IN', 'CD', 'NNS', '.', 'DT', 'JJ', 'NN', 'VBD', 'JJ', 'CC', 'RB', 'IN', 'NN', '.']"
581600779,"Couldn't have asked for more. The entire apartment was spotless and exactly as described. Great location in Popincourt, close to everything we needed in Paris. Our superhost was super responsive and easy to communicate with.","[('Could', 'MD'), (""n't"", 'RB'), ('have', 'VB'), ('asked', 'VBN'), ('for', 'IN'), ('more', 'RBR'), ('.', '.'), ('The', 'DT'), ('entire', 'JJ'), ('apartment', 'NN'), ('was', 'VBD'), ('spotless', 'JJ'), ('and', 'CC'), ('exactly', 'RB'), ('as', 'IN'), ('described', 'VBN'), ('.', '.'), ('Great', 'NNP'), ('location', 'NN'), ('in', 'IN'), ('Popincourt', 'NNP'), (',', ','), ('close', 'RB'), ('to', 'TO'), ('everything', 'NN'), ('we', 'PRP'), ('needed', 'VBD'), ('in', 'IN'), ('Paris', 'NNP'), ('.', '.'), ('Our', 'PRP$'), ('superhost', 'NN'), ('was', 'VBD'), ('super', 'JJ'), ('responsive', 'NN'), ('and', 'CC'), ('easy', 'JJ'), ('to', 'TO'), ('communicate', 'VB'), ('with', 'IN'), ('.', '.')]","['MD', 'RB', 'VB', 'VBN', 'IN', 'RBR', '.', 'DT', 'JJ', 'NN', 'VBD', 'JJ', 'CC', 'RB', 'IN', 'VBN', '.', 'NNP', 'NN', 'IN', 'NNP', ',', 'RB', 'TO', 'NN', 'PRP', 'VBD', 'IN', 'NNP', '.', 'PRP$', 'NN', 'VBD', 'JJ', 'NN', 'CC', 'JJ', 'TO', 'VB', 'IN', '.']"
547883754,Would not recommend. The location in I Centro Storico was noisier than expected. The host was difficult to reach when we had issues.,"[('Would', 'MD'), ('not', 'RB'), ('recommend', 'VB'), ('.', '.'), ('The', 'DT'), ('location', 'NN'), ('in', 'IN'), ('I', 'PRP'), ('Centro', 'NNP'), ('Storico', 'NNP'), ('was', 'VBD'), ('noisier', 'JJR'), ('than', 'IN'), ('expected', 'VBN'), ('.', '.'), ('The', 'DT'), ('host', 'NN'), ('was', 'VBD'), ('difficult', 'JJ'), ('to', 'TO'), ('reach', 'VB'), ('when', 'WRB'), ('we', 'PRP'), ('had', 'VBD'), ('issues', 'NNS'), ('.', '.')]","['MD', 'RB', 'VB', '.', 'DT', 'NN', 'IN', 'PRP', 'NNP', 'NNP', 'VBD', 'JJR', 'IN', 'VBN', '.', 'DT', 'NN', 'VBD', 'JJ', 'TO', 'VB', 'WRB', 'PRP', 'VBD', 'NNS', '.']"
716678579,"Couldn't have asked for more. Great location in Islands, close to everything we needed in Hong Kong. Check-in was smooth and the amenities were exactly what we needed.","[('Could', 'MD'), (""n't"", 'RB'), ('have', 'VB'), ('asked', 'VBN'), ('for', 'IN'), ('more', 'RBR'), ('.', '.'), ('Great', 'NNP'), ('location', 'NN'), ('in', 'IN'), ('Islands', 'NNP'), (',', ','), ('close', 'RB'), ('to', 'TO'), ('everything', 'NN'), ('we', 'PRP'), ('needed', 'VBD'), ('in', 'IN'), ('Hong', 'NNP'), ('Kong', 'NNP'), ('.', '.'), ('Check-in', 'NNP'), ('was', 'VBD'), ('smooth', 'JJ'), ('and', 'CC'), ('the', 'DT'), ('amenities', 'NNS'), ('were', 'VBD'), ('exactly', 'RB'), ('what', 'WP'), ('we', 'PRP'), ('needed', 'VBD'), ('.', '.')]","['MD', 'RB', 'VB', 'VBN', 'IN', 'RBR', '.', 'NNP', 'NN', 'IN', 'NNP', ',', 'RB', 'TO', 'NN', 'PRP', 'VBD', 'IN', 'NNP', 'NNP', '.', 'NNP', 'VBD', 'JJ', 'CC', 'DT', 'NNS', 'VBD', 'RB', 'WP', 'PRP', 'VBD', '.']"
307832465,Disappointing stay. Check-in was confusing and delayed our arrival in Istanbul. We had several issues during our stay that were never resolved. The entire apartment was not as clean as the photos suggested.,"[('Disappointing', 'VBG'), ('stay', 'NN'), ('.', '.'), ('Check-in', 'NNP'), ('was', 'VBD'), ('confusing', 'VBG'), ('and', 'CC'), ('delayed', 'VB'), ('our', 'PRP$'), ('arrival', 'NN'), ('in', 'IN'), ('Istanbul', 'NNP'), ('.', '.'), ('We', 'PRP'), ('had', 'VBD'), ('several', 'JJ'), ('issues', 'NNS'), ('during', 'IN'), ('our', 'PRP$'), ('stay', 'NN'), ('that', 'WDT'), ('were', 'VBD'), ('never', 'RB'), ('resolved', 'VBN'), ('.', '.'), ('The', 'DT'), ('entire', 'JJ'), ('apartment', 'NN'), ('was', 'VBD'), ('not', 'RB'), ('as', 'RB'), ('clean', 'JJ'), ('as', 'IN'), ('the', 'DT'), ('photos', 'NN'), ('suggested', 'VBD'), ('.', '.')]","['VBG', 'NN', '.', 'NNP', 'VBD', 'VBG', 'CC', 'VB', 'PRP$', 'NN', 'IN', 'NNP', '.', 'PRP', 'VBD', 'JJ', 'NNS', 'IN', 'PRP$', 'NN', 'WDT', 'VBD', 'RB', 'VBN', '.', 'DT', 'JJ', 'NN', 'VBD', 'RB', 'RB', 'JJ', 'IN', 'DT', 'NN', 'VBD', '.']"
113942838,Would not recommend. Check-in was confusing and delayed our arrival in New York. The entire apartment was not as clean as the photos suggested.,"[('Would', 'MD'), ('not', 'RB'), ('recommend', 'VB'), ('.', '.'), ('Check-in', 'NNP'), ('was', 'VBD'), ('confusing', 'VBG'), ('and', 'CC'), ('delayed', 'VB'), ('our', 'PRP$'), ('arrival', 'NN'), ('in', 'IN'), ('New', 'NNP'), ('York', 'NNP'), ('.', '.'), ('The', 'DT'), ('entire', 'JJ'), ('apartment', 'NN'), ('was', 'VBD'), ('not', 'RB'), ('as', 'RB'), ('clean', 'JJ'), ('as', 'IN'), ('the', 'DT'), ('photos', 'NN'), ('suggested', 'VBD'), ('.', '.')]","['MD', 'RB', 'VB', '.', 'NNP', 'VBD', 'VBG', 'CC', 'VB', 'PRP$', 'NN', 'IN', 'NNP', 'NNP', '.', 'DT', 'JJ', 'NN', 'VBD', 'RB', 'RB', 'JJ', 'IN', 'DT', 'NN', 'VBD', '.']"
175520927,Not worth the price. The entire apartment was not as clean as the photos suggested. We had several issues during our stay that were never resolved. Check-in was confusing and delayed our arrival in Istanbul.,"[('Not', 'RB'), ('worth', 'IN'), ('the', 'DT'), ('price', 'NN'), ('.', '.'), ('The', 'DT'), ('entire', 'JJ'), ('apartment', 'NN'), ('was', 'VBD'), ('not', 'RB'), ('as', 'RB'), ('clean', 'JJ'), ('as', 'IN'), ('the', 'DT'), ('photos', 'NN'), ('suggested', 'VBD'), ('.', '.'), ('We', 'PRP'), ('had', 'VBD'), ('several', 'JJ'), ('issues', 'NNS'), ('during', 'IN'), ('our', 'PRP$'), ('stay', 'NN'), ('that', 'WDT'), ('were', 'VBD'), ('never', 'RB'), ('resolved', 'VBN'), ('.', '.'), ('Check-in', 'NNP'), ('was', 'VBD'), ('confusing', 'VBG'), ('and', 'CC'), ('delayed', 'VB'), ('our', 'PRP$'), ('arrival', 'NN'), ('in', 'IN'), ('Istanbul', 'NNP'), ('.', '.')]","['RB', 'IN', 'DT', 'NN', '.', 'DT', 'JJ', 'NN', 'VBD', 'RB', 'RB', 'JJ', 'IN', 'DT', 'NN', 'VBD', '.', 'PRP', 'VBD', 'JJ', 'NNS', 'IN', 'PRP$', 'NN', 'WDT', 'VBD', 'RB', 'VBN', '.', 'NNP', 'VBD', 'VBG', 'CC', 'VB', 'PRP$', 'NN', 'IN', 'NNP', '.']"
436234012,It was okay for the price. Location in Cuauhtemoc was convenient enough. The entire apartment was fine but a little smaller than expected.,"[('It', 'PRP'), ('was', 'VBD'), ('okay', 'VBN'), ('for', 'IN'), ('the', 'DT'), ('price', 'NN'), ('.', '.'), ('Location', 'NN'), ('in', 'IN'), ('Cuauhtemoc', 'NNP'), ('was', 'VBD'), ('convenient', 'JJ'), ('enough', 'RB'), ('.', '.'), ('The', 'DT'), ('entire', 'JJ'), ('apartment', 'NN'), ('was', 'VBD'), ('fine', 'JJ'), ('but', 'CC'), ('a', 'DT'), ('little', 'JJ'), ('smaller', 'JJR'), ('than', 'IN'), ('expected', 'VBN'), ('.', '.')]","['PRP', 'VBD', 'VBN', 'IN', 'DT', 'NN', '.', 'NN', 'IN', 'NNP', 'VBD', 'JJ', 'RB', '.', 'DT', 'JJ', 'NN', 'VBD', 'JJ', 'CC', 'DT', 'JJ', 'JJR', 'IN', 'VBN', '.']"
204217404,We had a rough experience. The entire apartment was not as clean as the photos suggested. The location in Phaya Thai was noisier than expected. Our superhost was difficult to reach when we had issues.,"[('We', 'PRP'), ('had', 'VBD'), ('a', 'DT'), ('rough', 'JJ'), ('experience', 'NN'), ('.', '.'), ('The', 'DT'), ('entire', 'JJ'), ('apartment', 'NN'), ('was', 'VBD'), ('not', 'RB'), ('as', 'RB'), ('clean', 'JJ'), ('as', 'IN'), ('the', 'DT'), ('photos', 'NN'), ('suggested', 'VBD'), ('.', '.'), ('The', 'DT'), ('location', 'NN'), ('in', 'IN'), ('Phaya', 'NNP'), ('Thai', 'NNP'), ('was', 'VBD'), ('noisier', 'JJR'), ('than', 'IN'), ('expected', 'VBN'), ('.', '.'), ('Our', 'PRP$'), ('superhost', 'NN'), ('was', 'VBD'), ('difficult', 'JJ'), ('to', 'TO'), ('reach', 'VB'), ('when', 'WRB'), ('we', 'PRP'), ('had', 'VBD'), ('issues', 'NNS'), ('.', '.')]","['PRP', 'VBD', 'DT', 'JJ', 'NN', '.', 'DT', 'JJ', 'NN', 'VBD', 'RB', 'RB', 'JJ', 'IN', 'DT', 'NN', 'VBD', '.', 'DT', 'NN', 'IN', 'NNP', 'NNP', 'VBD', 'JJR', 'IN', 'VBN', '.', 'PRP$', 'NN', 'VBD', 'JJ', 'TO', 'VB', 'WRB', 'PRP', 'VBD', 'NNS', '.']"
601243931,"Highly recommend this place! Great location in Lat Krabang, close to everything we needed in Bangkok. Our superhost was super responsive and easy to communicate with. The entire condominium was spotless and exactly as described.","[('Highly', 'RB'), ('recommend', 'VB'), ('this', 'DT'), ('place', 'NN'), ('!', '.'), ('Great', 'NNP'), ('location', 'NN'), ('in', 'IN'), ('Lat', 'NNP'), ('Krabang', 'NNP'), (',', ','), ('close', 'RB'), ('to', 'TO'), ('everything', 'NN'), ('we', 'PRP'), ('needed', 'VBD'), ('in', 'IN'), ('Bangkok', 'NNP'), ('.', '.'), ('Our', 'PRP$'), ('superhost', 'NN'), ('was', 'VBD'), ('super', 'JJ'), ('responsive', 'NN'), ('and', 'CC'), ('easy', 'JJ'), ('to', 'TO'), ('communicate', 'VB'), ('with', 'IN'), ('.', '.'), ('The', 'DT'), ('entire', 'JJ'), ('condominium', 'NN'), ('was', 'VBD'), ('spotless', 'JJ'), ('and', 'CC'), ('exactly', 'RB'), ('as', 'IN'), ('described', 'NN'), ('.', '.')]","['RB', 'VB', 'DT', 'NN', '.', 'NNP', 'NN', 'IN', 'NNP', 'NNP', ',', 'RB', 'TO', 'NN', 'PRP', 'VBD', 'IN', 'NNP', '.', 'PRP$', 'NN', 'VBD', 'JJ', 'NN', 'CC', 'JJ', 'TO', 'VB', 'IN', '.', 'DT', 'JJ', 'NN', 'VBD', 'JJ', 'CC', 'RB', 'IN', 'NN', '.']"
732173180,Disappointing stay. The entire apartment was not as clean as the photos suggested. Check-in was confusing and delayed our arrival in Rio de Janeiro. The host was difficult to reach when we had issues.,"[('Disappointing', 'VBG'), ('stay', 'NN'), ('.', '.'), ('The', 'DT'), ('entire', 'JJ'), ('apartment', 'NN'), ('was', 'VBD'), ('not', 'RB'), ('as', 'RB'), ('clean', 'JJ'), ('as', 'IN'), ('the', 'DT'), ('photos', 'NN'), ('suggested', 'VBD'), ('.', '.'), ('Check-in', 'NNP'), ('was', 'VBD'), ('confusing', 'VBG'), ('and', 'CC'), ('delayed', 'VB'), ('our', 'PRP$'), ('arrival', 'NN'), ('in', 'IN'), ('Rio', 'NNP'), ('de', 'IN'), ('Janeiro', 'NNP'), ('.', '.'), ('The', 'DT'), ('host', 'NN'), ('was', 'VBD'), ('difficult', 'JJ'), ('to', 'TO'), ('reach', 'VB'), ('when', 'WRB'), ('we', 'PRP'), ('had', 'VBD'), ('issues', 'NNS'), ('.', '.')]","['VBG', 'NN', '.', 'DT', 'JJ', 'NN', 'VBD', 'RB', 'RB', 'JJ', 'IN', 'DT', 'NN', 'VBD', '.', 'NNP', 'VBD', 'VBG', 'CC', 'VB', 'PRP$', 'NN', 'IN', 'NNP', 'IN', 'NNP', '.', 'DT', 'NN', 'VBD', 'JJ', 'TO', 'VB', 'WRB', 'PRP', 'VBD', 'NNS', '.']"
570264035,We had a rough experience. We had several issues during our stay that were never resolved. Check-in was confusing and delayed our arrival in Rome.,"[('We', 'PRP'), ('had', 'VBD'), ('a', 'DT'), ('rough', 'JJ'), ('experience', 'NN'), ('.', '.'), ('We', 'PRP'), ('had', 'VBD'), ('several', 'JJ'), ('issues', 'NNS'), ('during', 'IN'), ('our', 'PRP$'), ('stay', 'NN'), ('that', 'WDT'), ('were', 'VBD'), ('never', 'RB'), ('resolved', 'VBN'), ('.', '.'), ('Check-in', 'NNP'), ('was', 'VBD'), ('confusing', 'VBG'), ('and', 'CC'), ('delayed', 'VB'), ('our', 'PRP$'), ('arrival', 'NN'), ('in', 'IN'), ('Rome', 'NNP'), ('.', '.')]","['PRP', 'VBD', 'DT', 'JJ', 'NN', '.', 'PRP', 'VBD', 'JJ', 'NNS', 'IN', 'PRP$', 'NN', 'WDT', 'VBD', 'RB', 'VBN', '.', 'NNP', 'VBD', 'VBG', 'CC', 'VB', 'PRP$', 'NN', 'IN', 'NNP', '.']"
204503115,We had a rough experience. Our superhost was difficult to reach when we had issues. The location in VII San Giovanni/Cinecitta was noisier than expected. The entire apartment was not as clean as the photos suggested.,"[('We', 'PRP'), ('had', 'VBD'), ('a', 'DT'), ('rough', 'JJ'), ('experience', 'NN'), ('.', '.'), ('Our', 'PRP$'), ('superhost', 'NN'), ('was', 'VBD'), ('difficult', 'JJ'), ('to', 'TO'), ('reach', 'VB'), ('when', 'WRB'), ('we', 'PRP'), ('had', 'VBD'), ('issues', 'NNS'), ('.', '.'), ('The', 'DT'), ('location', 'NN'), ('in', 'IN'), ('VII', 'NNP'), ('San', 'NNP'), ('Giovanni/Cinecitta', 'NNP'), ('was', 'VBD'), ('noisier', 'JJR'), ('than', 'IN'), ('expected', 'VBN'), ('.', '.'), ('The', 'DT'), ('entire', 'JJ'), ('apartment', 'NN'), ('was', 'VBD'), ('not', 'RB'), ('as', 'RB'), ('clean', 'JJ'), ('as', 'IN'), ('the', 'DT'), ('photos', 'NN'), ('suggested', 'VBD'), ('.', '.')]","['PRP', 'VBD', 'DT', 'JJ', 'NN', '.', 'PRP$', 'NN', 'VBD', 'JJ', 'TO', 'VB', 'WRB', 'PRP', 'VBD', 'NNS', '.', 'DT', 'NN', 'IN', 'NNP', 'NNP', 'NNP', 'VBD', 'JJR', 'IN', 'VBN', '.', 'DT', 'JJ', 'NN', 'VBD', 'RB', 'RB', 'JJ', 'IN', 'DT', 'NN', 'VBD', '.']"
537299,It was okay for the price. Location in Passy was convenient enough. The host was polite but slow to respond a couple of times.,"[('It', 'PRP'), ('was', 'VBD'), ('okay', 'VBN'), ('for', 'IN'), ('the', 'DT'), ('price', 'NN'), ('.', '.'), ('Location', 'NN'), ('in', 'IN'), ('Passy', 'NNP'), ('was', 'VBD'), ('convenient', 'JJ'), ('enough', 'RB'), ('.', '.'), ('The', 'DT'), ('host', 'NN'), ('was', 'VBD'), ('polite', 'JJ'), ('but', 'CC'), ('slow', 'JJ'), ('to', 'TO'), ('respond', 'VB'), ('a', 'DT'), ('couple', 'NN'), ('of', 'IN'), ('times', 'NNS'), ('.', '.')]","['PRP', 'VBD', 'VBN', 'IN', 'DT', 'NN', '.', 'NN', 'IN', 'NNP', 'VBD', 'JJ', 'RB', '.', 'DT', 'NN', 'VBD', 'JJ', 'CC', 'JJ', 'TO', 'VB', 'DT', 'NN', 'IN', 'NNS', '.']"
614531642,"Decent stay overall. Some things could be improved, like cleanliness in the private room in apartment. It served its purpose for our stay in Rio de Janeiro.","[('Decent', 'NNP'), ('stay', 'NN'), ('overall', 'RB'), ('.', '.'), ('Some', 'DT'), ('things', 'NNS'), ('could', 'MD'), ('be', 'VB'), ('improved', 'VBN'), (',', ','), ('like', 'IN'), ('cleanliness', 'NN'), ('in', 'IN'), ('the', 'DT'), ('private', 'JJ'), ('room', 'NN'), ('in', 'IN'), ('apartment', 'NN'), ('.', '.'), ('It', 'PRP'), ('served', 'VBD'), ('its', 'PRP$'), ('purpose', 'NN'), ('for', 'IN'), ('our', 'PRP$'), ('stay', 'NN'), ('in', 'IN'), ('Rio', 'NNP'), ('de', 'IN'), ('Janeiro', 'NNP'), ('.', '.')]","['NNP', 'NN', 'RB', '.', 'DT', 'NNS', 'MD', 'VB', 'VBN', ',', 'IN', 'NN', 'IN', 'DT', 'JJ', 'NN', 'IN', 'NN', '.', 'PRP', 'VBD', 'PRP$', 'NN', 'IN', 'PRP$', 'NN', 'IN', 'NNP', 'IN', 'NNP', '.']"
446824007,"We had a fantastic time. Great location in I Centro Storico, close to everything we needed in Rome. Check-in was smooth and the amenities were exactly what we needed. Our superhost was super responsive and easy to communicate with.","[('We', 'PRP'), ('had', 'VBD'), ('a', 'DT'), ('fantastic', 'JJ'), ('time', 'NN'), ('.', '.'), ('Great', 'NNP'), ('location', 'NN'), ('in', 'IN'), ('I', 'PRP'), ('Centro', 'NNP'), ('Storico', 'NNP'), (',', ','), ('close', 'RB'), ('to', 'TO'), ('everything', 'NN'), ('we', 'PRP'), ('needed', 'VBD'), ('in', 'IN'), ('Rome', 'NNP'), ('.', '.'), ('Check-in', 'NNP'), ('was', 'VBD'), ('smooth', 'JJ'), ('and', 'CC'), ('the', 'DT'), ('amenities', 'NNS'), ('were', 'VBD'), ('exactly', 'RB'), ('what', 'WP'), ('we', 'PRP'), ('needed', 'VBD'), ('.', '.'), ('Our', 'PRP$'), ('superhost', 'NN'), ('was', 'VBD'), ('super', 'JJ'), ('responsive', 'NN'), ('and', 'CC'), ('easy', 'JJ'), ('to', 'TO'), ('communicate', 'VB'), ('with', 'IN'), ('.', '.')]","['PRP', 'VBD', 'DT', 'JJ', 'NN', '.', 'NNP', 'NN', 'IN', 'PRP', 'NNP', 'NNP', ',', 'RB', 'TO', 'NN', 'PRP', 'VBD', 'IN', 'NNP', '.', 'NNP', 'VBD', 'JJ', 'CC', 'DT', 'NNS', 'VBD', 'RB', 'WP', 'PRP', 'VBD', '.', 'PRP$', 'NN', 'VBD', 'JJ', 'NN', 'CC', 'JJ', 'TO', 'VB', 'IN', '.']"
207116247,Loved every minute of it. The host was super responsive and easy to communicate with. We would definitely book this entire apartment again. The place felt very cozy for 9 guests.,"[('Loved', 'VBN'), ('every', 'DT'), ('minute', 'NN'), ('of', 'IN'), ('it', 'PRP'), ('.', '.'), ('The', 'DT'), ('host', 'NN'), ('was', 'VBD'), ('super', 'JJ'), ('responsive', 'NN'), ('and', 'CC'), ('easy', 'JJ'), ('to', 'TO'), ('communicate', 'VB'), ('with', 'IN'), ('.', '.'), ('We', 'PRP'), ('would', 'MD'), ('definitely', 'RB'), ('book', 'NN'), ('this', 'DT'), ('entire', 'JJ'), ('apartment', 'NN'), ('again', 'RB'), ('.', '.'), ('The', 'DT'), ('place', 'NN'), ('felt', 'VBD'), ('very', 'RB'), ('cozy', 'JJ'), ('for', 'IN'), ('9', 'CD'), ('guests', 'NNS'), ('.', '.')]","['VBN', 'DT', 'NN', 'IN', 'PRP', '.', 'DT', 'NN', 'VBD', 'JJ', 'NN', 'CC', 'JJ', 'TO', 'VB', 'IN', '.', 'PRP', 'MD', 'RB', 'NN', 'DT', 'JJ', 'NN', 'RB', '.', 'DT', 'NN', 'VBD', 'RB', 'JJ', 'IN', 'CD', 'NNS', '.']"
586926183,Wonderful experience. We would definitely book this entire apartment again. The place felt very cozy for 8 guests.,"[('Wonderful', 'JJ'), ('experience', 'NN'), ('.', '.'), ('We', 'PRP'), ('would', 'MD'), ('definitely', 'RB'), ('book', 'NN'), ('this', 'DT'), ('entire', 'JJ'), ('apartment', 'NN'), ('again', 'RB'), ('.', '.'), ('The', 'DT'), ('place', 'NN'), ('felt', 'VBD'), ('very', 'RB'), ('cozy', 'JJ'), ('for', 'IN'), ('8', 'CD'), ('guests', 'NNS'), ('.', '.')]","['JJ', 'NN', '.', 'PRP', 'MD', 'RB', 'NN', 'DT', 'JJ', 'NN', 'RB', '.', 'DT', 'NN', 'VBD', 'RB', 'JJ', 'IN', 'CD', 'NNS', '.']"
141398597,Exceeded our expectations! The entire house was spotless and exactly as described. Check-in was smooth and the amenities were exactly what we needed. The place felt very cozy for 5 guests.,"[('Exceeded', 'VBD'), ('our', 'PRP$'), ('expectations', 'NNS'), ('!', '.'), ('The', 'DT'), ('entire', 'JJ'), ('house', 'NN'), ('was', 'VBD'), ('spotless', 'JJ'), ('and', 'CC'), ('exactly', 'RB'), ('as', 'IN'), ('described', 'VBN'), ('.', '.'), ('Check-in', 'NNP'), ('was', 'VBD'), ('smooth', 'JJ'), ('and', 'CC'), ('the', 'DT'), ('amenities', 'NNS'), ('were', 'VBD'), ('exactly', 'RB'), ('what', 'WP'), ('we', 'PRP'), ('needed', 'VBD'), ('.', '.'), ('The', 'DT'), ('place', 'NN'), ('felt', 'VBD'), ('very', 'RB'), ('cozy', 'JJ'), ('for', 'IN'), ('5', 'CD'), ('guests', 'NNS'), ('.', '.')]","['VBD', 'PRP$', 'NNS', '.', 'DT', 'JJ', 'NN', 'VBD', 'JJ', 'CC', 'RB', 'IN', 'VBN', '.', 'NNP', 'VBD', 'JJ', 'CC', 'DT', 'NNS', 'VBD', 'RB', 'WP', 'PRP', 'VBD', '.', 'DT', 'NN', 'VBD', 'RB', 'JJ', 'IN', 'CD', 'NNS', '.']"
255438519,Not worth the price. The private room in apartment was not as clean as the photos suggested. Our superhost was difficult to reach when we had issues.,"[('Not', 'RB'), ('worth', 'IN'), ('the', 'DT'), ('price', 'NN'), ('.', '.'), ('The', 'DT'), ('private', 'JJ'), ('room', 'NN'), ('in', 'IN'), ('apartment', 'NN'), ('was', 'VBD'), ('not', 'RB'), ('as', 'RB'), ('clean', 'JJ'), ('as', 'IN'), ('the', 'DT'), ('photos', 'NN'), ('suggested', 'VBD'), ('.', '.'), ('Our', 'PRP$'), ('superhost', 'NN'), ('was', 'VBD'), ('difficult', 'JJ'), ('to', 'TO'), ('reach', 'VB'), ('when', 'WRB'), ('we', 'PRP'), ('had', 'VBD'), ('issues', 'NNS'), ('.', '.')]","['RB', 'IN', 'DT', 'NN', '.', 'DT', 'JJ', 'NN', 'IN', 'NN', 'VBD', 'RB', 'RB', 'JJ', 'IN', 'DT', 'NN', 'VBD', '.', 'PRP$', 'NN', 'VBD', 'JJ', 'TO', 'VB', 'WRB', 'PRP', 'VBD', 'NNS', '.']"
530116673,Reasonable for a short trip. The host was polite but slow to respond a couple of times.,"[('Reasonable', 'JJ'), ('for', 'IN'), ('a', 'DT'), ('short', 'JJ'), ('trip', 'NN'), ('.', '.'), ('The', 'DT'), ('host', 'NN'), ('was', 'VBD'), ('polite', 'JJ'), ('but', 'CC'), ('slow', 'JJ'), ('to', 'TO'), ('respond', 'VB'), ('a', 'DT'), ('couple', 'NN'), ('of', 'IN'), ('times', 'NNS'), ('.', '.')]","['JJ', 'IN', 'DT', 'JJ', 'NN', '.', 'DT', 'NN', 'VBD', 'JJ', 'CC', 'JJ', 'TO', 'VB', 'DT', 'NN', 'IN', 'NNS', '.']"
542477460,"Amazing stay! Great location in Barra da Tijuca, close to everything we needed in Rio de Janeiro. Check-in was smooth and the amenities were exactly what we needed. The host was super responsive and easy to communicate with.","[('Amazing', 'VBG'), ('stay', 'NN'), ('!', '.'), ('Great', 'NNP'), ('location', 'NN'), ('in', 'IN'), ('Barra', 'NNP'), ('da', 'NN'), ('Tijuca', 'NNP'), (',', ','), ('close', 'RB'), ('to', 'TO'), ('everything', 'NN'), ('we', 'PRP'), ('needed', 'VBD'), ('in', 'IN'), ('Rio', 'NNP'), ('de', 'IN'), ('Janeiro', 'NNP'), ('.', '.'), ('Check-in', 'NNP'), ('was', 'VBD'), ('smooth', 'JJ'), ('and', 'CC'), ('the', 'DT'), ('amenities', 'NNS'), ('were', 'VBD'), ('exactly', 'RB'), ('what', 'WP'), ('we', 'PRP'), ('needed', 'VBD'), ('.', '.'), ('The', 'DT'), ('host', 'NN'), ('was', 'VBD'), ('super', 'JJ'), ('responsive', 'NN'), ('and', 'CC'), ('easy', 'JJ'), ('to', 'TO'), ('communicate', 'VB'), ('with', 'IN'), ('.', '.')]","['VBG', 'NN', '.', 'NNP', 'NN', 'IN', 'NNP', 'NN', 'NNP', ',', 'RB', 'TO', 'NN', 'PRP', 'VBD', 'IN', 'NNP', 'IN', 'NNP', '.', 'NNP', 'VBD', 'JJ', 'CC', 'DT', 'NNS', 'VBD', 'RB', 'WP', 'PRP', 'VBD', '.', 'DT', 'NN', 'VBD', 'JJ', 'NN', 'CC', 'JJ', 'TO', 'VB', 'IN', '.']"
522652108,Amazing stay! We would definitely book this private room in townhouse again. Check-in was smooth and the amenities were exactly what we needed.,"[('Amazing', 'VBG'), ('stay', 'NN'), ('!', '.'), ('We', 'PRP'), ('would', 'MD'), ('definitely', 'RB'), ('book', 'NN'), ('this', 'DT'), ('private', 'JJ'), ('room', 'NN'), ('in', 'IN'), ('townhouse', 'NN'), ('again', 'RB'), ('.', '.'), ('Check-in', 'NNP'), ('was', 'VBD'), ('smooth', 'JJ'), ('and', 'CC'), ('the', 'DT'), ('amenities', 'NNS'), ('were', 'VBD'), ('exactly', 'RB'), ('what', 'WP'), ('we', 'PRP'), ('needed', 'VBD'), ('.', '.')]","['VBG', 'NN', '.', 'PRP', 'MD', 'RB', 'NN', 'DT', 'JJ', 'NN', 'IN', 'NN', 'RB', '.', 'NNP', 'VBD', 'JJ', 'CC', 'DT', 'NNS', 'VBD', 'RB', 'WP', 'PRP', 'VBD', '.']"
533417226,An average experience. It served its purpose for our stay in New York.,"[('An', 'DT'), ('average', 'JJ'), ('experience', 'NN'), ('.', '.'), ('It', 'PRP'), ('served', 'VBD'), ('its', 'PRP$'), ('purpose', 'NN'), ('for', 'IN'), ('our', 'PRP$'), ('stay', 'NN'), ('in', 'IN'), ('New', 'NNP'), ('York', 'NNP'), ('.', '.')]","['DT', 'JJ', 'NN', '.', 'PRP', 'VBD', 'PRP$', 'NN', 'IN', 'PRP$', 'NN', 'IN', 'NNP', 'NNP', '.']"
722018339,Reasonable for a short trip. It served its purpose for our stay in Mexico City. Location in Cuauhtemoc was convenient enough.,"[('Reasonable', 'JJ'), ('for', 'IN'), ('a', 'DT'), ('short', 'JJ'), ('trip', 'NN'), ('.', '.'), ('It', 'PRP'), ('served', 'VBD'), ('its', 'PRP$'), ('purpose', 'NN'), ('for', 'IN'), ('our', 'PRP$'), ('stay', 'NN'), ('in', 'IN'), ('Mexico', 'NNP'), ('City', 'NNP'), ('.', '.'), ('Location', 'NNP'), ('in', 'IN'), ('Cuauhtemoc', 'NNP'), ('was', 'VBD'), ('convenient', 'JJ'), ('enough', 'RB'), ('.', '.')]","['JJ', 'IN', 'DT', 'JJ', 'NN', '.', 'PRP', 'VBD', 'PRP$', 'NN', 'IN', 'PRP$', 'NN', 'IN', 'NNP', 'NNP', '.', 'NNP', 'IN', 'NNP', 'VBD', 'JJ', 'RB', '.']"
601336117,Not worth the price. We had several issues during our stay that were never resolved. The location in Ward 115 was noisier than expected. Check-in was confusing and delayed our arrival in Cape Town.,"[('Not', 'RB'), ('worth', 'IN'), ('the', 'DT'), ('price', 'NN'), ('.', '.'), ('We', 'PRP'), ('had', 'VBD'), ('several', 'JJ'), ('issues', 'NNS'), ('during', 'IN'), ('our', 'PRP$'), ('stay', 'NN'), ('that', 'WDT'), ('were', 'VBD'), ('never', 'RB'), ('resolved', 'VBN'), ('.', '.'), ('The', 'DT'), ('location', 'NN'), ('in', 'IN'), ('Ward', 'NNP'), ('115', 'CD'), ('was', 'VBD'), ('noisier', 'JJR'), ('than', 'IN'), ('expected', 'VBN'), ('.', '.'), ('Check-in', 'NNP'), ('was', 'VBD'), ('confusing', 'VBG'), ('and', 'CC'), ('delayed', 'VB'), ('our', 'PRP$'), ('arrival', 'NN'), ('in', 'IN'), ('Cape', 'NNP'), ('Town', 'NNP'), ('.', '.')]","['RB', 'IN', 'DT', 'NN', '.', 'PRP', 'VBD', 'JJ', 'NNS', 'IN', 'PRP$', 'NN', 'WDT', 'VBD', 'RB', 'VBN', '.', 'DT', 'NN', 'IN', 'NNP', 'CD', 'VBD', 'JJR', 'IN', 'VBN', '.', 'NNP', 'VBD', 'VBG', 'CC', 'VB', 'PRP$', 'NN', 'IN', 'NNP', 'NNP', '.']"
711421354,Reasonable for a short trip. The private room in apartment was fine but a little smaller than expected.,"[('Reasonable', 'JJ'), ('for', 'IN'), ('a', 'DT'), ('short', 'JJ'), ('trip', 'NN'), ('.', '.'), ('The', 'DT'), ('private', 'JJ'), ('room', 'NN'), ('in', 'IN'), ('apartment', 'NN'), ('was', 'VBD'), ('fine', 'JJ'), ('but', 'CC'), ('a', 'DT'), ('little', 'JJ'), ('smaller', 'JJR'), ('than', 'IN'), ('expected', 'VBN'), ('.', '.')]","['JJ', 'IN', 'DT', 'JJ', 'NN', '.', 'DT', 'JJ', 'NN', 'IN', 'NN', 'VBD', 'JJ', 'CC', 'DT', 'JJ', 'JJR', 'IN', 'VBN', '.']"
216858600,Amazing stay! The host was super responsive and easy to communicate with. Check-in was smooth and the amenities were exactly what we needed.,"[('Amazing', 'VBG'), ('stay', 'NN'), ('!', '.'), ('The', 'DT'), ('host', 'NN'), ('was', 'VBD'), ('super', 'JJ'), ('responsive', 'NN'), ('and', 'CC'), ('easy', 'JJ'), ('to', 'TO'), ('communicate', 'VB'), ('with', 'IN'), ('.', '.'), ('Check-in', 'NNP'), ('was', 'VBD'), ('smooth', 'JJ'), ('and', 'CC'), ('the', 'DT'), ('amenities', 'NNS'), ('were', 'VBD'), ('exactly', 'RB'), ('what', 'WP'), ('we', 'PRP'), ('needed', 'VBD'), ('.', '.')]","['VBG', 'NN', '.', 'DT', 'NN', 'VBD', 'JJ', 'NN', 'CC', 'JJ', 'TO', 'VB', 'IN', '.', 'NNP', 'VBD', 'JJ', 'CC', 'DT', 'NNS', 'VBD', 'RB', 'WP', 'PRP', 'VBD', '.']"
547761873,"Nothing special, but fine. Our superhost was polite but slow to respond a couple of times. It served its purpose for our stay in Bangkok.","[('Nothing', 'VBG'), ('special', 'JJ'), (',', ','), ('but', 'CC'), ('fine', 'JJ'), ('.', '.'), ('Our', 'PRP$'), ('superhost', 'NN'), ('was', 'VBD'), ('polite', 'JJ'), ('but', 'CC'), ('slow', 'JJ'), ('to', 'TO'), ('respond', 'VB'), ('a', 'DT'), ('couple', 'NN'), ('of', 'IN'), ('times', 'NNS'), ('.', '.'), ('It', 'PRP'), ('served', 'VBD'), ('its', 'PRP$'), ('purpose', 'NN'), ('for', 'IN'), ('our', 'PRP$'), ('stay', 'NN'), ('in', 'IN'), ('Bangkok', 'NNP'), ('.', '.')]","['VBG', 'JJ', ',', 'CC', 'JJ', '.', 'PRP$', 'NN', 'VBD', 'JJ', 'CC', 'JJ', 'TO', 'VB', 'DT', 'NN', 'IN', 'NNS', '.', 'PRP', 'VBD', 'PRP$', 'NN', 'IN', 'PRP$', 'NN', 'IN', 'NNP', '.']"
420271292,"Decent stay overall. Our superhost was polite but slow to respond a couple of times. Some things could be improved, like cleanliness in the entire apartment.","[('Decent', 'NNP'), ('stay', 'NN'), ('overall', 'RB'), ('.', '.'), ('Our', 'PRP$'), ('superhost', 'NN'), ('was', 'VBD'), ('polite', 'JJ'), ('but', 'CC'), ('slow', 'JJ'), ('to', 'TO'), ('respond', 'VB'), ('a', 'DT'), ('couple', 'NN'), ('of', 'IN'), ('times', 'NNS'), ('.', '.'), ('Some', 'DT'), ('things', 'NNS'), ('could', 'MD'), ('be', 'VB'), ('improved', 'VBN'), (',', ','), ('like', 'IN'), ('cleanliness', 'NN'), ('in', 'IN'), ('the', 'DT'), ('entire', 'JJ'), ('apartment', 'NN'), ('.', '.')]","['NNP', 'NN', 'RB', '.', 'PRP$', 'NN', 'VBD', 'JJ', 'CC', 'JJ', 'TO', 'VB', 'DT', 'NN', 'IN', 'NNS', '.', 'DT', 'NNS', 'MD', 'VB', 'VBN', ',', 'IN', 'NN', 'IN', 'DT', 'JJ', 'NN', '.']"
463512915,"It was okay for the price. Some things could be improved, like cleanliness in the entire house. The entire house was fine but a little smaller than expected.","[('It', 'PRP'), ('was', 'VBD'), ('okay', 'VBN'), ('for', 'IN'), ('the', 'DT'), ('price', 'NN'), ('.', '.'), ('Some', 'DT'), ('things', 'NNS'), ('could', 'MD'), ('be', 'VB'), ('improved', 'VBN'), (',', ','), ('like', 'IN'), ('cleanliness', 'NN'), ('in', 'IN'), ('the', 'DT'), ('entire', 'JJ'), ('house', 'NN'), ('.', '.'), ('The', 'DT'), ('entire', 'JJ'), ('house', 'NN'), ('was', 'VBD'), ('fine', 'JJ'), ('but', 'CC'), ('a', 'DT'), ('little', 'JJ'), ('smaller', 'JJR'), ('than', 'IN'), ('expected', 'VBN'), ('.', '.')]","['PRP', 'VBD', 'VBN', 'IN', 'DT', 'NN', '.', 'DT', 'NNS', 'MD', 'VB', 'VBN', ',', 'IN', 'NN', 'IN', 'DT', 'JJ', 'NN', '.', 'DT', 'JJ', 'NN', 'VBD', 'JJ', 'CC', 'DT', 'JJ', 'JJR', 'IN', 'VBN', '.']"
147303884,Reasonable for a short trip. It served its purpose for our stay in Rome. The entire apartment was fine but a little smaller than expected.,"[('Reasonable', 'JJ'), ('for', 'IN'), ('a', 'DT'), ('short', 'JJ'), ('trip', 'NN'), ('.', '.'), ('It', 'PRP'), ('served', 'VBD'), ('its', 'PRP$'), ('purpose', 'NN'), ('for', 'IN'), ('our', 'PRP$'), ('stay', 'NN'), ('in', 'IN'), ('Rome', 'NNP'), ('.', '.'), ('The', 'DT'), ('entire', 'JJ'), ('apartment', 'NN'), ('was', 'VBD'), ('fine', 'JJ'), ('but', 'CC'), ('a', 'DT'), ('little', 'JJ'), ('smaller', 'JJR'), ('than', 'IN'), ('expected', 'VBN'), ('.', '.')]","['JJ', 'IN', 'DT', 'JJ', 'NN', '.', 'PRP', 'VBD', 'PRP$', 'NN', 'IN', 'PRP$', 'NN', 'IN', 'NNP', '.', 'DT', 'JJ', 'NN', 'VBD', 'JJ', 'CC', 'DT', 'JJ', 'JJR', 'IN', 'VBN', '.']"
57293043,"Reasonable for a short trip. Some things could be improved, like cleanliness in the entire loft.","[('Reasonable', 'JJ'), ('for', 'IN'), ('a', 'DT'), ('short', 'JJ'), ('trip', 'NN'), ('.', '.'), ('Some', 'DT'), ('things', 'NNS'), ('could', 'MD'), ('be', 'VB'), ('improved', 'VBN'), (',', ','), ('like', 'IN'), ('cleanliness', 'NN'), ('in', 'IN'), ('the', 'DT'), ('entire', 'JJ'), ('loft', 'NN'), ('.', '.')]","['JJ', 'IN', 'DT', 'JJ', 'NN', '.', 'DT', 'NNS', 'MD', 'VB', 'VBN', ',', 'IN', 'NN', 'IN', 'DT', 'JJ', 'NN', '.']"
347035608,Decent stay overall. The private room in townhouse was fine but a little smaller than expected.,"[('Decent', 'NNP'), ('stay', 'NN'), ('overall', 'RB'), ('.', '.'), ('The', 'DT'), ('private', 'JJ'), ('room', 'NN'), ('in', 'IN'), ('townhouse', 'NN'), ('was', 'VBD'), ('fine', 'JJ'), ('but', 'CC'), ('a', 'DT'), ('little', 'JJ'), ('smaller', 'JJR'), ('than', 'IN'), ('expected', 'VBN'), ('.', '.')]","['NNP', 'NN', 'RB', '.', 'DT', 'JJ', 'NN', 'IN', 'NN', 'VBD', 'JJ', 'CC', 'DT', 'JJ', 'JJR', 'IN', 'VBN', '.']"
492161756,Below our expectations. The location in I Centro Storico was noisier than expected. Our superhost was difficult to reach when we had issues. The entire apartment was not as clean as the photos suggested.,"[('Below', 'IN'), ('our', 'PRP$'), ('expectations', 'NNS'), ('.', '.'), ('The', 'DT'), ('location', 'NN'), ('in', 'IN'), ('I', 'PRP'), ('Centro', 'NNP'), ('Storico', 'NNP'), ('was', 'VBD'), ('noisier', 'JJR'), ('than', 'IN'), ('expected', 'VBN'), ('.', '.'), ('Our', 'PRP$'), ('superhost', 'NN'), ('was', 'VBD'), ('difficult', 'JJ'), ('to', 'TO'), ('reach', 'VB'), ('when', 'WRB'), ('we', 'PRP'), ('had', 'VBD'), ('issues', 'NNS'), ('.', '.'), ('The', 'DT'), ('entire', 'JJ'), ('apartment', 'NN'), ('was', 'VBD'), ('not', 'RB'), ('as', 'RB'), ('clean', 'JJ'), ('as', 'IN'), ('the', 'DT'), ('photos', 'NN'), ('suggested', 'VBD'), ('.', '.')]","['IN', 'PRP$', 'NNS', '.', 'DT', 'NN', 'IN', 'PRP', 'NNP', 'NNP', 'VBD', 'JJR', 'IN', 'VBN', '.', 'PRP$', 'NN', 'VBD', 'JJ', 'TO', 'VB', 'WRB', 'PRP', 'VBD', 'NNS', '.', 'DT', 'JJ', 'NN', 'VBD', 'RB', 'RB', 'JJ', 'IN', 'DT', 'NN', 'VBD', '.']"
457171171,"Nothing special, but fine. Some things could be improved, like cleanliness in the private room in condominium. It served its purpose for our stay in New York.","[('Nothing', 'VBG'), ('special', 'JJ'), (',', ','), ('but', 'CC'), ('fine', 'NN'), ('.', '.'), ('Some', 'DT'), ('things', 'NNS'), ('could', 'MD'), ('be', 'VB'), ('improved', 'VBN'), (',', ','), ('like', 'IN'), ('cleanliness', 'NN'), ('in', 'IN'), ('the', 'DT'), ('private', 'JJ'), ('room', 'NN'), ('in', 'IN'), ('condominium', 'NN'), ('.', '.'), ('It', 'PRP'), ('served', 'VBD'), ('its', 'PRP$'), ('purpose', 'NN'), ('for', 'IN'), ('our', 'PRP$'), ('stay', 'NN'), ('in', 'IN'), ('New', 'NNP'), ('York', 'NNP'), ('.', '.')]","['VBG', 'JJ', ',', 'CC', 'NN', '.', 'DT', 'NNS', 'MD', 'VB', 'VBN', ',', 'IN', 'NN', 'IN', 'DT', 'JJ', 'NN', 'IN', 'NN', '.', 'PRP', 'VBD', 'PRP$', 'NN', 'IN', 'PRP$', 'NN', 'IN', 'NNP', 'NNP', '.']"
529529917,Reasonable for a short trip. It served its purpose for our stay in Sydney.,"[('Reasonable', 'JJ'), ('for', 'IN'), ('a', 'DT'), ('short', 'JJ'), ('trip', 'NN'), ('.', '.'), ('It', 'PRP'), ('served', 'VBD'), ('its', 'PRP$'), ('purpose', 'NN'), ('for', 'IN'), ('our', 'PRP$'), ('stay', 'NN'), ('in', 'IN'), ('Sydney', 'NNP'), ('.', '.')]","['JJ', 'IN', 'DT', 'JJ', 'NN', '.', 'PRP', 'VBD', 'PRP$', 'NN', 'IN', 'PRP$', 'NN', 'IN', 'NNP', '.']"
521910599,"Nothing special, but fine. Location in II Parioli/Nomentano was convenient enough.","[('Nothing', 'VBG'), ('special', 'JJ'), (',', ','), ('but', 'CC'), ('fine', 'JJ'), ('.', '.'), ('Location', 'NN'), ('in', 'IN'), ('II', 'NNP'), ('Parioli/Nomentano', 'NNP'), ('was', 'VBD'), ('convenient', 'JJ'), ('enough', 'RB'), ('.', '.')]","['VBG', 'JJ', ',', 'CC', 'JJ', '.', 'NN', 'IN', 'NNP', 'NNP', 'VBD', 'JJ', 'RB', '.']"
361798167,"Loved every minute of it. The host was super responsive and easy to communicate with. Great location in Cuauhtemoc, close to everything we needed in Mexico City. The entire apartment was spotless and exactly as described.","[('Loved', 'VBN'), ('every', 'DT'), ('minute', 'NN'), ('of', 'IN'), ('it', 'PRP'), ('.', '.'), ('The', 'DT'), ('host', 'NN'), ('was', 'VBD'), ('super', 'JJ'), ('responsive', 'NN'), ('and', 'CC'), ('easy', 'JJ'), ('to', 'TO'), ('communicate', 'VB'), ('with', 'IN'), ('.', '.'), ('Great', 'NNP'), ('location', 'NN'), ('in', 'IN'), ('Cuauhtemoc', 'NNP'), (',', ','), ('close', 'RB'), ('to', 'TO'), ('everything', 'NN'), ('we', 'PRP'), ('needed', 'VBD'), ('in', 'IN'), ('Mexico', 'NNP'), ('City', 'NNP'), ('.', '.'), ('The', 'DT'), ('entire', 'JJ'), ('apartment', 'NN'), ('was', 'VBD'), ('spotless', 'JJ'), ('and', 'CC'), ('exactly', 'RB'), ('as', 'IN'), ('described', 'NN'), ('.', '.')]","['VBN', 'DT', 'NN', 'IN', 'PRP', '.', 'DT', 'NN', 'VBD', 'JJ', 'NN', 'CC', 'JJ', 'TO', 'VB', 'IN', '.', 'NNP', 'NN', 'IN', 'NNP', ',', 'RB', 'TO', 'NN', 'PRP', 'VBD', 'IN', 'NNP', 'NNP', '.', 'DT', 'JJ', 'NN', 'VBD', 'JJ', 'CC', 'RB', 'IN', 'NN', '.']"
87455953,Reasonable for a short trip. It served its purpose for our stay in Rome.,"[('Reasonable', 'JJ'), ('for', 'IN'), ('a', 'DT'), ('short', 'JJ'), ('trip', 'NN'), ('.', '.'), ('It', 'PRP'), ('served', 'VBD'), ('its', 'PRP$'), ('purpose', 'NN'), ('for', 'IN'), ('our', 'PRP$'), ('stay', 'NN'), ('in', 'IN'), ('Rome', 'NNP'), ('.', '.')]","['JJ', 'IN', 'DT', 'JJ', 'NN', '.', 'PRP', 'VBD', 'PRP$', 'NN', 'IN', 'PRP$', 'NN', 'IN', 'NNP', '.']"
65651022,"It was okay for the price. Some things could be improved, like cleanliness in the private room in apartment. Location in VII San Giovanni/Cinecitta was convenient enough.","[('It', 'PRP'), ('was', 'VBD'), ('okay', 'VBN'), ('for', 'IN'), ('the', 'DT'), ('price', 'NN'), ('.', '.'), ('Some', 'DT'), ('things', 'NNS'), ('could', 'MD'), ('be', 'VB'), ('improved', 'VBN'), (',', ','), ('like', 'IN'), ('cleanliness', 'NN'), ('in', 'IN'), ('the', 'DT'), ('private', 'JJ'), ('room', 'NN'), ('in', 'IN'), ('apartment', 'NN'), ('.', '.'), ('Location', 'NN'), ('in', 'IN'), ('VII', 'NNP'), ('San', 'NNP'), ('Giovanni/Cinecitta', 'NNP'), ('was', 'VBD'), ('convenient', 'JJ'), ('enough', 'RB'), ('.', '.')]","['PRP', 'VBD', 'VBN', 'IN', 'DT', 'NN', '.', 'DT', 'NNS', 'MD', 'VB', 'VBN', ',', 'IN', 'NN', 'IN', 'DT', 'JJ', 'NN', 'IN', 'NN', '.', 'NN', 'IN', 'NNP', 'NNP', 'NNP', 'VBD', 'JJ', 'RB', '.']"
402773265,We had a fantastic time. The host was super responsive and easy to communicate with. The place felt very cozy for 2 guests.,"[('We', 'PRP'), ('had', 'VBD'), ('a', 'DT'), ('fantastic', 'JJ'), ('time', 'NN'), ('.', '.'), ('The', 'DT'), ('host', 'NN'), ('was', 'VBD'), ('super', 'JJ'), ('responsive', 'NN'), ('and', 'CC'), ('easy', 'JJ'), ('to', 'TO'), ('communicate', 'VB'), ('with', 'IN'), ('.', '.'), ('The', 'DT'), ('place', 'NN'), ('felt', 'VBD'), ('very', 'RB'), ('cozy', 'JJ'), ('for', 'IN'), ('2', 'CD'), ('guests', 'NNS'), ('.', '.')]","['PRP', 'VBD', 'DT', 'JJ', 'NN', '.', 'DT', 'NN', 'VBD', 'JJ', 'NN', 'CC', 'JJ', 'TO', 'VB', 'IN', '.', 'DT', 'NN', 'VBD', 'RB', 'JJ', 'IN', 'CD', 'NNS', '.']"
542618674,Perfect for our trip. We would definitely book this entire house again. The place felt very cozy for 4 guests. Check-in was smooth and the amenities were exactly what we needed.,"[('Perfect', 'NN'), ('for', 'IN'), ('our', 'PRP$'), ('trip', 'NN'), ('.', '.'), ('We', 'PRP'), ('would', 'MD'), ('definitely', 'RB'), ('book', 'NN'), ('this', 'DT'), ('entire', 'JJ'), ('house', 'NN'), ('again', 'RB'), ('.', '.'), ('The', 'DT'), ('place', 'NN'), ('felt', 'VBD'), ('very', 'RB'), ('cozy', 'JJ'), ('for', 'IN'), ('4', 'CD'), ('guests', 'NNS'), ('.', '.'), ('Check-in', 'NNP'), ('was', 'VBD'), ('smooth', 'JJ'), ('and', 'CC'), ('the', 'DT'), ('amenities', 'NNS'), ('were', 'VBD'), ('exactly', 'RB'), ('what', 'WP'), ('we', 'PRP'), ('needed', 'VBD'), ('.', '.')]","['NN', 'IN', 'PRP$', 'NN', '.', 'PRP', 'MD', 'RB', 'NN', 'DT', 'JJ', 'NN', 'RB', '.', 'DT', 'NN', 'VBD', 'RB', 'JJ', 'IN', 'CD', 'NNS', '.', 'NNP', 'VBD', 'JJ', 'CC', 'DT', 'NNS', 'VBD', 'RB', 'WP', 'PRP', 'VBD', '.']"
571362538,"Exceeded our expectations! The entire guest suite was spotless and exactly as described. Our superhost was super responsive and easy to communicate with. Great location in Ward 61, close to everything we needed in Cape Town.","[('Exceeded', 'VBD'), ('our', 'PRP$'), ('expectations', 'NNS'), ('!', '.'), ('The', 'DT'), ('entire', 'JJ'), ('guest', 'NN'), ('suite', 'NN'), ('was', 'VBD'), ('spotless', 'JJ'), ('and', 'CC'), ('exactly', 'RB'), ('as', 'IN'), ('described', 'VBN'), ('.', '.'), ('Our', 'PRP$'), ('superhost', 'NN'), ('was', 'VBD'), ('super', 'JJ'), ('responsive', 'NN'), ('and', 'CC'), ('easy', 'JJ'), ('to', 'TO'), ('communicate', 'VB'), ('with', 'IN'), ('.', '.'), ('Great', 'NNP'), ('location', 'NN'), ('in', 'IN'), ('Ward', 'NNP'), ('61', 'CD'), (',', ','), ('close', 'RB'), ('to', 'TO'), ('everything', 'NN'), ('we', 'PRP'), ('needed', 'VBD'), ('in', 'IN'), ('Cape', 'NNP'), ('Town', 'NNP'), ('.', '.')]","['VBD', 'PRP$', 'NNS', '.', 'DT', 'JJ', 'NN', 'NN', 'VBD', 'JJ', 'CC', 'RB', 'IN', 'VBN', '.', 'PRP$', 'NN', 'VBD', 'JJ', 'NN', 'CC', 'JJ', 'TO', 'VB', 'IN', '.', 'NNP', 'NN', 'IN', 'NNP', 'CD', ',', 'RB', 'TO', 'NN', 'PRP', 'VBD', 'IN', 'NNP', 'NNP', '.']"
422709232,Would not recommend. The private room in house was not as clean as the photos suggested. The location in Benito Juarez was noisier than expected.,"[('Would', 'MD'), ('not', 'RB'), ('recommend', 'VB'), ('.', '.'), ('The', 'DT'), ('private', 'JJ'), ('room', 'NN'), ('in', 'IN'), ('house', 'NN'), ('was', 'VBD'), ('not', 'RB'), ('as', 'RB'), ('clean', 'JJ'), ('as', 'IN'), ('the', 'DT'), ('photos', 'NN'), ('suggested', 'VBD'), ('.', '.'), ('The', 'DT'), ('location', 'NN'), ('in', 'IN'), ('Benito', 'NNP'), ('Juarez', 'NNP'), ('was', 'VBD'), ('noisier', 'JJR'), ('than', 'IN'), ('expected', 'VBN'), ('.', '.')]","['MD', 'RB', 'VB', '.', 'DT', 'JJ', 'NN', 'IN', 'NN', 'VBD', 'RB', 'RB', 'JJ', 'IN', 'DT', 'NN', 'VBD', '.', 'DT', 'NN', 'IN', 'NNP', 'NNP', 'VBD', 'JJR', 'IN', 'VBN', '.']"
362323139,Below our expectations. Our superhost was difficult to reach when we had issues. Check-in was confusing and delayed our arrival in Rome. The entire apartment was not as clean as the photos suggested.,"[('Below', 'IN'), ('our', 'PRP$'), ('expectations', 'NNS'), ('.', '.'), ('Our', 'PRP$'), ('superhost', 'NN'), ('was', 'VBD'), ('difficult', 'JJ'), ('to', 'TO'), ('reach', 'VB'), ('when', 'WRB'), ('we', 'PRP'), ('had', 'VBD'), ('issues', 'NNS'), ('.', '.'), ('Check-in', 'NNP'), ('was', 'VBD'), ('confusing', 'VBG'), ('and', 'CC'), ('delayed', 'VB'), ('our', 'PRP$'), ('arrival', 'NN'), ('in', 'IN'), ('Rome', 'NNP'), ('.', '.'), ('The', 'DT'), ('entire', 'JJ'), ('apartment', 'NN'), ('was', 'VBD'), ('not', 'RB'), ('as', 'RB'), ('clean', 'JJ'), ('as', 'IN'), ('the', 'DT'), ('photos', 'NN'), ('suggested', 'VBD'), ('.', '.')]","['IN', 'PRP$', 'NNS', '.', 'PRP$', 'NN', 'VBD', 'JJ', 'TO', 'VB', 'WRB', 'PRP', 'VBD', 'NNS', '.', 'NNP', 'VBD', 'VBG', 'CC', 'VB', 'PRP$', 'NN', 'IN', 'NNP', '.', 'DT', 'JJ', 'NN', 'VBD', 'RB', 'RB', 'JJ', 'IN', 'DT', 'NN', 'VBD', '.']"
578604524,Not worth the price. Our superhost was difficult to reach when we had issues. Check-in was confusing and delayed our arrival in Istanbul.,"[('Not', 'RB'), ('worth', 'IN'), ('the', 'DT'), ('price', 'NN'), ('.', '.'), ('Our', 'PRP$'), ('superhost', 'NN'), ('was', 'VBD'), ('difficult', 'JJ'), ('to', 'TO'), ('reach', 'VB'), ('when', 'WRB'), ('we', 'PRP'), ('had', 'VBD'), ('issues', 'NNS'), ('.', '.'), ('Check-in', 'NNP'), ('was', 'VBD'), ('confusing', 'VBG'), ('and', 'CC'), ('delayed', 'VB'), ('our', 'PRP$'), ('arrival', 'NN'), ('in', 'IN'), ('Istanbul', 'NNP'), ('.', '.')]","['RB', 'IN', 'DT', 'NN', '.', 'PRP$', 'NN', 'VBD', 'JJ', 'TO', 'VB', 'WRB', 'PRP', 'VBD', 'NNS', '.', 'NNP', 'VBD', 'VBG', 'CC', 'VB', 'PRP$', 'NN', 'IN', 'NNP', '.']"
573930963,Below our expectations. Check-in was confusing and delayed our arrival in Mexico City. The entire apartment was not as clean as the photos suggested. The location in Cuauhtemoc was noisier than expected.,"[('Below', 'IN'), ('our', 'PRP$'), ('expectations', 'NNS'), ('.', '.'), ('Check-in', 'NNP'), ('was', 'VBD'), ('confusing', 'VBG'), ('and', 'CC'), ('delayed', 'VB'), ('our', 'PRP$'), ('arrival', 'NN'), ('in', 'IN'), ('Mexico', 'NNP'), ('City', 'NNP'), ('.', '.'), ('The', 'DT'), ('entire', 'JJ'), ('apartment', 'NN'), ('was', 'VBD'), ('not', 'RB'), ('as', 'RB'), ('clean', 'JJ'), ('as', 'IN'), ('the', 'DT'), ('photos', 'NN'), ('suggested', 'VBD'), ('.', '.'), ('The', 'DT'), ('location', 'NN'), ('in', 'IN'), ('Cuauhtemoc', 'NNP'), ('was', 'VBD'), ('noisier', 'JJR'), ('than', 'IN'), ('expected', 'VBN'), ('.', '.')]","['IN', 'PRP$', 'NNS', '.', 'NNP', 'VBD', 'VBG', 'CC', 'VB', 'PRP$', 'NN', 'IN', 'NNP', 'NNP', '.', 'DT', 'JJ', 'NN', 'VBD', 'RB', 'RB', 'JJ', 'IN', 'DT', 'NN', 'VBD', '.', 'DT', 'NN', 'IN', 'NNP', 'VBD', 'JJR', 'IN', 'VBN', '.']"
539999894,Reasonable for a short trip. It served its purpose for our stay in Rio de Janeiro. The host was polite but slow to respond a couple of times.,"[('Reasonable', 'JJ'), ('for', 'IN'), ('a', 'DT'), ('short', 'JJ'), ('trip', 'NN'), ('.', '.'), ('It', 'PRP'), ('served', 'VBD'), ('its', 'PRP$'), ('purpose', 'NN'), ('for', 'IN'), ('our', 'PRP$'), ('stay', 'NN'), ('in', 'IN'), ('Rio', 'NNP'), ('de', 'IN'), ('Janeiro', 'NNP'), ('.', '.'), ('The', 'DT'), ('host', 'NN'), ('was', 'VBD'), ('polite', 'JJ'), ('but', 'CC'), ('slow', 'JJ'), ('to', 'TO'), ('respond', 'VB'), ('a', 'DT'), ('couple', 'NN'), ('of', 'IN'), ('times', 'NNS'), ('.', '.')]","['JJ', 'IN', 'DT', 'JJ', 'NN', '.', 'PRP', 'VBD', 'PRP$', 'NN', 'IN', 'PRP$', 'NN', 'IN', 'NNP', 'IN', 'NNP', '.', 'DT', 'NN', 'VBD', 'JJ', 'CC', 'JJ', 'TO', 'VB', 'DT', 'NN', 'IN', 'NNS', '.']"
590585378,Not worth the price. Check-in was confusing and delayed our arrival in Bangkok. The entire condominium was not as clean as the photos suggested. We had several issues during our stay that were never resolved.,"[('Not', 'RB'), ('worth', 'IN'), ('the', 'DT'), ('price', 'NN'), ('.', '.'), ('Check-in', 'NNP'), ('was', 'VBD'), ('confusing', 'VBG'), ('and', 'CC'), ('delayed', 'VB'), ('our', 'PRP$'), ('arrival', 'NN'), ('in', 'IN'), ('Bangkok', 'NNP'), ('.', '.'), ('The', 'DT'), ('entire', 'JJ'), ('condominium', 'NN'), ('was', 'VBD'), ('not', 'RB'), ('as', 'RB'), ('clean', 'JJ'), ('as', 'IN'), ('the', 'DT'), ('photos', 'NN'), ('suggested', 'VBD'), ('.', '.'), ('We', 'PRP'), ('had', 'VBD'), ('several', 'JJ'), ('issues', 'NNS'), ('during', 'IN'), ('our', 'PRP$'), ('stay', 'NN'), ('that', 'WDT'), ('were', 'VBD'), ('never', 'RB'), ('resolved', 'VBN'), ('.', '.')]","['RB', 'IN', 'DT', 'NN', '.', 'NNP', 'VBD', 'VBG', 'CC', 'VB', 'PRP$', 'NN', 'IN', 'NNP', '.', 'DT', 'JJ', 'NN', 'VBD', 'RB', 'RB', 'JJ', 'IN', 'DT', 'NN', 'VBD', '.', 'PRP', 'VBD', 'JJ', 'NNS', 'IN', 'PRP$', 'NN', 'WDT', 'VBD', 'RB', 'VBN', '.']"
200219110,It was okay for the price. Location in Bedford-Stuyvesant was convenient enough.,"[('It', 'PRP'), ('was', 'VBD'), ('okay', 'VBN'), ('for', 'IN'), ('the', 'DT'), ('price', 'NN'), ('.', '.'), ('Location', 'NN'), ('in', 'IN'), ('Bedford-Stuyvesant', 'NNP'), ('was', 'VBD'), ('convenient', 'JJ'), ('enough', 'RB'), ('.', '.')]","['PRP', 'VBD', 'VBN', 'IN', 'DT', 'NN', '.', 'NN', 'IN', 'NNP', 'VBD', 'JJ', 'RB', '.']"
334036558,It was okay for the price. The entire apartment was fine but a little smaller than expected.,"[('It', 'PRP'), ('was', 'VBD'), ('okay', 'VBN'), ('for', 'IN'), ('the', 'DT'), ('price', 'NN'), ('.', '.'), ('The', 'DT'), ('entire', 'JJ'), ('apartment', 'NN'), ('was', 'VBD'), ('fine', 'JJ'), ('but', 'CC'), ('a', 'DT'), ('little', 'JJ'), ('smaller', 'JJR'), ('than', 'IN'), ('expected', 'VBN'), ('.', '.')]","['PRP', 'VBD', 'VBN', 'IN', 'DT', 'NN', '.', 'DT', 'JJ', 'NN', 'VBD', 'JJ', 'CC', 'DT', 'JJ', 'JJR', 'IN', 'VBN', '.']"
321330400,"Reasonable for a short trip. It served its purpose for our stay in Paris. Some things could be improved, like cleanliness in the private room in condominium.","[('Reasonable', 'JJ'), ('for', 'IN'), ('a', 'DT'), ('short', 'JJ'), ('trip', 'NN'), ('.', '.'), ('It', 'PRP'), ('served', 'VBD'), ('its', 'PRP$'), ('purpose', 'NN'), ('for', 'IN'), ('our', 'PRP$'), ('stay', 'NN'), ('in', 'IN'), ('Paris', 'NNP'), ('.', '.'), ('Some', 'DT'), ('things', 'NNS'), ('could', 'MD'), ('be', 'VB'), ('improved', 'VBN'), (',', ','), ('like', 'IN'), ('cleanliness', 'NN'), ('in', 'IN'), ('the', 'DT'), ('private', 'JJ'), ('room', 'NN'), ('in', 'IN'), ('condominium', 'NN'), ('.', '.')]","['JJ', 'IN', 'DT', 'JJ', 'NN', '.', 'PRP', 'VBD', 'PRP$', 'NN', 'IN', 'PRP$', 'NN', 'IN', 'NNP', '.', 'DT', 'NNS', 'MD', 'VB', 'VBN', ',', 'IN', 'NN', 'IN', 'DT', 'JJ', 'NN', 'IN', 'NN', '.']"
313331313,Highly recommend this place! Check-in was smooth and the amenities were exactly what we needed. The entire house was spotless and exactly as described.,"[('Highly', 'RB'), ('recommend', 'VB'), ('this', 'DT'), ('place', 'NN'), ('!', '.'), ('Check-in', 'NN'), ('was', 'VBD'), ('smooth', 'JJ'), ('and', 'CC'), ('the', 'DT'), ('amenities', 'NNS'), ('were', 'VBD'), ('exactly', 'RB'), ('what', 'WP'), ('we', 'PRP'), ('needed', 'VBD'), ('.', '.'), ('The', 'DT'), ('entire', 'JJ'), ('house', 'NN'), ('was', 'VBD'), ('spotless', 'JJ'), ('and', 'CC'), ('exactly', 'RB'), ('as', 'IN'), ('described', 'NN'), ('.', '.')]","['RB', 'VB', 'DT', 'NN', '.', 'NN', 'VBD', 'JJ', 'CC', 'DT', 'NNS', 'VBD', 'RB', 'WP', 'PRP', 'VBD', '.', 'DT', 'JJ', 'NN', 'VBD', 'JJ', 'CC', 'RB', 'IN', 'NN', '.']"
417272959,Disappointing stay. Check-in was confusing and delayed our arrival in Mexico City. The location in Cuauhtemoc was noisier than expected.,"[('Disappointing', 'VBG'), ('stay', 'NN'), ('.', '.'), ('Check-in', 'NNP'), ('was', 'VBD'), ('confusing', 'VBG'), ('and', 'CC'), ('delayed', 'VB'), ('our', 'PRP$'), ('arrival', 'NN'), ('in', 'IN'), ('Mexico', 'NNP'), ('City', 'NNP'), ('.', '.'), ('The', 'DT'), ('location', 'NN'), ('in', 'IN'), ('Cuauhtemoc', 'NNP'), ('was', 'VBD'), ('noisier', 'JJR'), ('than', 'IN'), ('expected', 'VBN'), ('.', '.')]","['VBG', 'NN', '.', 'NNP', 'VBD', 'VBG', 'CC', 'VB', 'PRP$', 'NN', 'IN', 'NNP', 'NNP', '.', 'DT', 'NN', 'IN', 'NNP', 'VBD', 'JJR', 'IN', 'VBN', '.']"
10509381,An average experience. Location in Bedford-Stuyvesant was convenient enough.,"[('An', 'DT'), ('average', 'JJ'), ('experience', 'NN'), ('.', '.'), ('Location', 'NN'), ('in', 'IN'), ('Bedford-Stuyvesant', 'NNP'), ('was', 'VBD'), ('convenient', 'JJ'), ('enough', 'RB'), ('.', '.')]","['DT', 'JJ', 'NN', '.', 'NN', 'IN', 'NNP', 'VBD', 'JJ', 'RB', '.']"
230829421,"Nothing special, but fine. The host was polite but slow to respond a couple of times.","[('Nothing', 'VBG'), ('special', 'JJ'), (',', ','), ('but', 'CC'), ('fine', 'JJ'), ('.', '.'), ('The', 'DT'), ('host', 'NN'), ('was', 'VBD'), ('polite', 'JJ'), ('but', 'CC'), ('slow', 'JJ'), ('to', 'TO'), ('respond', 'VB'), ('a', 'DT'), ('couple', 'NN'), ('of', 'IN'), ('times', 'NNS'), ('.', '.')]","['VBG', 'JJ', ',', 'CC', 'JJ', '.', 'DT', 'NN', 'VBD', 'JJ', 'CC', 'JJ', 'TO', 'VB', 'DT', 'NN', 'IN', 'NNS', '.']"
521457436,"Couldn't have asked for more. The host was super responsive and easy to communicate with. Great location in Sathon, close to everything we needed in Bangkok. Check-in was smooth and the amenities were exactly what we needed.","[('Could', 'MD'), (""n't"", 'RB'), ('have', 'VB'), ('asked', 'VBN'), ('for', 'IN'), ('more', 'RBR'), ('.', '.'), ('The', 'DT'), ('host', 'NN'), ('was', 'VBD'), ('super', 'JJ'), ('responsive', 'NN'), ('and', 'CC'), ('easy', 'JJ'), ('to', 'TO'), ('communicate', 'VB'), ('with', 'IN'), ('.', '.'), ('Great', 'NNP'), ('location', 'NN'), ('in', 'IN'), ('Sathon', 'NNP'), (',', ','), ('close', 'RB'), ('to', 'TO'), ('everything', 'NN'), ('we', 'PRP'), ('needed', 'VBD'), ('in', 'IN'), ('Bangkok', 'NNP'), ('.', '.'), ('Check-in', 'NNP'), ('was', 'VBD'), ('smooth', 'JJ'), ('and', 'CC'), ('the', 'DT'), ('amenities', 'NNS'), ('were', 'VBD'), ('exactly', 'RB'), ('what', 'WP'), ('we', 'PRP'), ('needed', 'VBD'), ('.', '.')]","['MD', 'RB', 'VB', 'VBN', 'IN', 'RBR', '.', 'DT', 'NN', 'VBD', 'JJ', 'NN', 'CC', 'JJ', 'TO', 'VB', 'IN', '.', 'NNP', 'NN', 'IN', 'NNP', ',', 'RB', 'TO', 'NN', 'PRP', 'VBD', 'IN', 'NNP', '.', 'NNP', 'VBD', 'JJ', 'CC', 'DT', 'NNS', 'VBD', 'RB', 'WP', 'PRP', 'VBD', '.']"
725914988,Couldn't have asked for more. The host was super responsive and easy to communicate with. Check-in was smooth and the amenities were exactly what we needed. The place felt very cozy for 2 guests.,"[('Could', 'MD'), (""n't"", 'RB'), ('have', 'VB'), ('asked', 'VBN'), ('for', 'IN'), ('more', 'RBR'), ('.', '.'), ('The', 'DT'), ('host', 'NN'), ('was', 'VBD'), ('super', 'JJ'), ('responsive', 'NN'), ('and', 'CC'), ('easy', 'JJ'), ('to', 'TO'), ('communicate', 'VB'), ('with', 'IN'), ('.', '.'), ('Check-in', 'NNP'), ('was', 'VBD'), ('smooth', 'JJ'), ('and', 'CC'), ('the', 'DT'), ('amenities', 'NNS'), ('were', 'VBD'), ('exactly', 'RB'), ('what', 'WP'), ('we', 'PRP'), ('needed', 'VBD'), ('.', '.'), ('The', 'DT'), ('place', 'NN'), ('felt', 'VBD'), ('very', 'RB'), ('cozy', 'JJ'), ('for', 'IN'), ('2', 'CD'), ('guests', 'NNS'), ('.', '.')]","['MD', 'RB', 'VB', 'VBN', 'IN', 'RBR', '.', 'DT', 'NN', 'VBD', 'JJ', 'NN', 'CC', 'JJ', 'TO', 'VB', 'IN', '.', 'NNP', 'VBD', 'JJ', 'CC', 'DT', 'NNS', 'VBD', 'RB', 'WP', 'PRP', 'VBD', '.', 'DT', 'NN', 'VBD', 'RB', 'JJ', 'IN', 'CD', 'NNS', '.']"
268451998,Reasonable for a short trip. It served its purpose for our stay in Rome.,"[('Reasonable', 'JJ'), ('for', 'IN'), ('a', 'DT'), ('short', 'JJ'), ('trip', 'NN'), ('.', '.'), ('It', 'PRP'), ('served', 'VBD'), ('its', 'PRP$'), ('purpose', 'NN'), ('for', 'IN'), ('our', 'PRP$'), ('stay', 'NN'), ('in', 'IN'), ('Rome', 'NNP'), ('.', '.')]","['JJ', 'IN', 'DT', 'JJ', 'NN', '.', 'PRP', 'VBD', 'PRP$', 'NN', 'IN', 'PRP$', 'NN', 'IN', 'NNP', '.']"
442915153,"Wonderful experience. Our superhost was super responsive and easy to communicate with. We would definitely book this entire loft again. Great location in Cuauhtemoc, close to everything we needed in Mexico City.","[('Wonderful', 'JJ'), ('experience', 'NN'), ('.', '.'), ('Our', 'PRP$'), ('superhost', 'NN'), ('was', 'VBD'), ('super', 'JJ'), ('responsive', 'NN'), ('and', 'CC'), ('easy', 'JJ'), ('to', 'TO'), ('communicate', 'VB'), ('with', 'IN'), ('.', '.'), ('We', 'PRP'), ('would', 'MD'), ('definitely', 'RB'), ('book', 'NN'), ('this', 'DT'), ('entire', 'JJ'), ('loft', 'NN'), ('again', 'RB'), ('.', '.'), ('Great', 'NNP'), ('location', 'NN'), ('in', 'IN'), ('Cuauhtemoc', 'NNP'), (',', ','), ('close', 'RB'), ('to', 'TO'), ('everything', 'NN'), ('we', 'PRP'), ('needed', 'VBD'), ('in', 'IN'), ('Mexico', 'NNP'), ('City', 'NNP'), ('.', '.')]","['JJ', 'NN', '.', 'PRP$', 'NN', 'VBD', 'JJ', 'NN', 'CC', 'JJ', 'TO', 'VB', 'IN', '.', 'PRP', 'MD', 'RB', 'NN', 'DT', 'JJ', 'NN', 'RB', '.', 'NNP', 'NN', 'IN', 'NNP', ',', 'RB', 'TO', 'NN', 'PRP', 'VBD', 'IN', 'NNP', 'NNP', '.']"
145403812,Amazing stay! Check-in was smooth and the amenities were exactly what we needed. The place felt very cozy for 4 guests. The entire apartment was spotless and exactly as described.,"[('Amazing', 'VBG'), ('stay', 'NN'), ('!', '.'), ('Check-in', 'NNP'), ('was', 'VBD'), ('smooth', 'JJ'), ('and', 'CC'), ('the', 'DT'), ('amenities', 'NNS'), ('were', 'VBD'), ('exactly', 'RB'), ('what', 'WP'), ('we', 'PRP'), ('needed', 'VBD'), ('.', '.'), ('The', 'DT'), ('place', 'NN'), ('felt', 'VBD'), ('very', 'RB'), ('cozy', 'JJ'), ('for', 'IN'), ('4', 'CD'), ('guests', 'NNS'), ('.', '.'), ('The', 'DT'), ('entire', 'JJ'), ('apartment', 'NN'), ('was', 'VBD'), ('spotless', 'JJ'), ('and', 'CC'), ('exactly', 'RB'), ('as', 'IN'), ('described', 'NN'), ('.', '.')]","['VBG', 'NN', '.', 'NNP', 'VBD', 'JJ', 'CC', 'DT', 'NNS', 'VBD', 'RB', 'WP', 'PRP', 'VBD', '.', 'DT', 'NN', 'VBD', 'RB', 'JJ', 'IN', 'CD', 'NNS', '.', 'DT', 'JJ', 'NN', 'VBD', 'JJ', 'CC', 'RB', 'IN', 'NN', '.']"
320112659,Disappointing stay. The entire apartment was not as clean as the photos suggested. The host was difficult to reach when we had issues.,"[('Disappointing', 'VBG'), ('stay', 'NN'), ('.', '.'), ('The', 'DT'), ('entire', 'JJ'), ('apartment', 'NN'), ('was', 'VBD'), ('not', 'RB'), ('as', 'RB'), ('clean', 'JJ'), ('as', 'IN'), ('the', 'DT'), ('photos', 'NN'), ('suggested', 'VBD'), ('.', '.'), ('The', 'DT'), ('host', 'NN'), ('was', 'VBD'), ('difficult', 'JJ'), ('to', 'TO'), ('reach', 'VB'), ('when', 'WRB'), ('we', 'PRP'), ('had', 'VBD'), ('issues', 'NNS'), ('.', '.')]","['VBG', 'NN', '.', 'DT', 'JJ', 'NN', 'VBD', 'RB', 'RB', 'JJ', 'IN', 'DT', 'NN', 'VBD', '.', 'DT', 'NN', 'VBD', 'JJ', 'TO', 'VB', 'WRB', 'PRP', 'VBD', 'NNS', '.']"
58906929,Disappointing stay. The location in Ward 69 was noisier than expected. We had several issues during our stay that were never resolved. The host was difficult to reach when we had issues.,"[('Disappointing', 'VBG'), ('stay', 'NN'), ('.', '.'), ('The', 'DT'), ('location', 'NN'), ('in', 'IN'), ('Ward', 'NNP'), ('69', 'CD'), ('was', 'VBD'), ('noisier', 'JJR'), ('than', 'IN'), ('expected', 'VBN'), ('.', '.'), ('We', 'PRP'), ('had', 'VBD'), ('several', 'JJ'), ('issues', 'NNS'), ('during', 'IN'), ('our', 'PRP$'), ('stay', 'NN'), ('that', 'WDT'), ('were', 'VBD'), ('never', 'RB'), ('resolved', 'VBN'), ('.', '.'), ('The', 'DT'), ('host', 'NN'), ('was', 'VBD'), ('difficult', 'JJ'), ('to', 'TO'), ('reach', 'VB'), ('when', 'WRB'), ('we', 'PRP'), ('had', 'VBD'), ('issues', 'NNS'), ('.', '.')]","['VBG', 'NN', '.', 'DT', 'NN', 'IN', 'NNP', 'CD', 'VBD', 'JJR', 'IN', 'VBN', '.', 'PRP', 'VBD', 'JJ', 'NNS', 'IN', 'PRP$', 'NN', 'WDT', 'VBD', 'RB', 'VBN', '.', 'DT', 'NN', 'VBD', 'JJ', 'TO', 'VB', 'WRB', 'PRP', 'VBD', 'NNS', '.']"
266502820,Disappointing stay. Check-in was confusing and delayed our arrival in Rome. The host was difficult to reach when we had issues. We had several issues during our stay that were never resolved.,"[('Disappointing', 'VBG'), ('stay', 'NN'), ('.', '.'), ('Check-in', 'NNP'), ('was', 'VBD'), ('confusing', 'VBG'), ('and', 'CC'), ('delayed', 'VB'), ('our', 'PRP$'), ('arrival', 'NN'), ('in', 'IN'), ('Rome', 'NNP'), ('.', '.'), ('The', 'DT'), ('host', 'NN'), ('was', 'VBD'), ('difficult', 'JJ'), ('to', 'TO'), ('reach', 'VB'), ('when', 'WRB'), ('we', 'PRP'), ('had', 'VBD'), ('issues', 'NNS'), ('.', '.'), ('We', 'PRP'), ('had', 'VBD'), ('several', 'JJ'), ('issues', 'NNS'), ('during', 'IN'), ('our', 'PRP$'), ('stay', 'NN'), ('that', 'WDT'), ('were', 'VBD'), ('never', 'RB'), ('resolved', 'VBN'), ('.', '.')]","['VBG', 'NN', '.', 'NNP', 'VBD', 'VBG', 'CC', 'VB', 'PRP$', 'NN', 'IN', 'NNP', '.', 'DT', 'NN', 'VBD', 'JJ', 'TO', 'VB', 'WRB', 'PRP', 'VBD', 'NNS', '.', 'PRP', 'VBD', 'JJ', 'NNS', 'IN', 'PRP$', 'NN', 'WDT', 'VBD', 'RB', 'VBN', '.']"
280591813,"Nothing special, but fine. Our superhost was polite but slow to respond a couple of times. Some things could be improved, like cleanliness in the entire apartment.","[('Nothing', 'VBG'), ('special', 'JJ'), (',', ','), ('but', 'CC'), ('fine', 'JJ'), ('.', '.'), ('Our', 'PRP$'), ('superhost', 'NN'), ('was', 'VBD'), ('polite', 'JJ'), ('but', 'CC'), ('slow', 'JJ'), ('to', 'TO'), ('respond', 'VB'), ('a', 'DT'), ('couple', 'NN'), ('of', 'IN'), ('times', 'NNS'), ('.', '.'), ('Some', 'DT'), ('things', 'NNS'), ('could', 'MD'), ('be', 'VB'), ('improved', 'VBN'), (',', ','), ('like', 'IN'), ('cleanliness', 'NN'), ('in', 'IN'), ('the', 'DT'), ('entire', 'JJ'), ('apartment', 'NN'), ('.', '.')]","['VBG', 'JJ', ',', 'CC', 'JJ', '.', 'PRP$', 'NN', 'VBD', 'JJ', 'CC', 'JJ', 'TO', 'VB', 'DT', 'NN', 'IN', 'NNS', '.', 'DT', 'NNS', 'MD', 'VB', 'VBN', ',', 'IN', 'NN', 'IN', 'DT', 'JJ', 'NN', '.']"
439272640,Wonderful experience. The place felt very cozy for 5 guests. The host was super responsive and easy to communicate with. Check-in was smooth and the amenities were exactly what we needed.,"[('Wonderful', 'JJ'), ('experience', 'NN'), ('.', '.'), ('The', 'DT'), ('place', 'NN'), ('felt', 'VBD'), ('very', 'RB'), ('cozy', 'JJ'), ('for', 'IN'), ('5', 'CD'), ('guests', 'NNS'), ('.', '.'), ('The', 'DT'), ('host', 'NN'), ('was', 'VBD'), ('super', 'JJ'), ('responsive', 'NN'), ('and', 'CC'), ('easy', 'JJ'), ('to', 'TO'), ('communicate', 'VB'), ('with', 'IN'), ('.', '.'), ('Check-in', 'NNP'), ('was', 'VBD'), ('smooth', 'JJ'), ('and', 'CC'), ('the', 'DT'), ('amenities', 'NNS'), ('were', 'VBD'), ('exactly', 'RB'), ('what', 'WP'), ('we', 'PRP'), ('needed', 'VBD'), ('.', '.')]","['JJ', 'NN', '.', 'DT', 'NN', 'VBD', 'RB', 'JJ', 'IN', 'CD', 'NNS', '.', 'DT', 'NN', 'VBD', 'JJ', 'NN', 'CC', 'JJ', 'TO', 'VB', 'IN', '.', 'NNP', 'VBD', 'JJ', 'CC', 'DT', 'NNS', 'VBD', 'RB', 'WP', 'PRP', 'VBD', '.']"
408916251,It was okay for the price. It served its purpose for our stay in Hong Kong.,"[('It', 'PRP'), ('was', 'VBD'), ('okay', 'VBN'), ('for', 'IN'), ('the', 'DT'), ('price', 'NN'), ('.', '.'), ('It', 'PRP'), ('served', 'VBD'), ('its', 'PRP$'), ('purpose', 'NN'), ('for', 'IN'), ('our', 'PRP$'), ('stay', 'NN'), ('in', 'IN'), ('Hong', 'NNP'), ('Kong', 'NNP'), ('.', '.')]","['PRP', 'VBD', 'VBN', 'IN', 'DT', 'NN', '.', 'PRP', 'VBD', 'PRP$', 'NN', 'IN', 'PRP$', 'NN', 'IN', 'NNP', 'NNP', '.']"
72702382,Below our expectations. The location in Passy was noisier than expected. We had several issues during our stay that were never resolved. The host was difficult to reach when we had issues.,"[('Below', 'IN'), ('our', 'PRP$'), ('expectations', 'NNS'), ('.', '.'), ('The', 'DT'), ('location', 'NN'), ('in', 'IN'), ('Passy', 'NNP'), ('was', 'VBD'), ('noisier', 'JJR'), ('than', 'IN'), ('expected', 'VBN'), ('.', '.'), ('We', 'PRP'), ('had', 'VBD'), ('several', 'JJ'), ('issues', 'NNS'), ('during', 'IN'), ('our', 'PRP$'), ('stay', 'NN'), ('that', 'WDT'), ('were', 'VBD'), ('never', 'RB'), ('resolved', 'VBN'), ('.', '.'), ('The', 'DT'), ('host', 'NN'), ('was', 'VBD'), ('difficult', 'JJ'), ('to', 'TO'), ('reach', 'VB'), ('when', 'WRB'), ('we', 'PRP'), ('had', 'VBD'), ('issues', 'NNS'), ('.', '.')]","['IN', 'PRP$', 'NNS', '.', 'DT', 'NN', 'IN', 'NNP', 'VBD', 'JJR', 'IN', 'VBN', '.', 'PRP', 'VBD', 'JJ', 'NNS', 'IN', 'PRP$', 'NN', 'WDT', 'VBD', 'RB', 'VBN', '.', 'DT', 'NN', 'VBD', 'JJ', 'TO', 'VB', 'WRB', 'PRP', 'VBD', 'NNS', '.']"
470861680,"Highly recommend this place! Great location in Cuauhtemoc, close to everything we needed in Mexico City. The entire apartment was spotless and exactly as described. The place felt very cozy for 2 guests.","[('Highly', 'RB'), ('recommend', 'VB'), ('this', 'DT'), ('place', 'NN'), ('!', '.'), ('Great', 'NNP'), ('location', 'NN'), ('in', 'IN'), ('Cuauhtemoc', 'NNP'), (',', ','), ('close', 'RB'), ('to', 'TO'), ('everything', 'NN'), ('we', 'PRP'), ('needed', 'VBD'), ('in', 'IN'), ('Mexico', 'NNP'), ('City', 'NNP'), ('.', '.'), ('The', 'DT'), ('entire', 'JJ'), ('apartment', 'NN'), ('was', 'VBD'), ('spotless', 'JJ'), ('and', 'CC'), ('exactly', 'RB'), ('as', 'IN'), ('described', 'VBN'), ('.', '.'), ('The', 'DT'), ('place', 'NN'), ('felt', 'VBD'), ('very', 'RB'), ('cozy', 'JJ'), ('for', 'IN'), ('2', 'CD'), ('guests', 'NNS'), ('.', '.')]","['RB', 'VB', 'DT', 'NN', '.', 'NNP', 'NN', 'IN', 'NNP', ',', 'RB', 'TO', 'NN', 'PRP', 'VBD', 'IN', 'NNP', 'NNP', '.', 'DT', 'JJ', 'NN', 'VBD', 'JJ', 'CC', 'RB', 'IN', 'VBN', '.', 'DT', 'NN', 'VBD', 'RB', 'JJ', 'IN', 'CD', 'NNS', '.']"
106156723,We had a fantastic time. We would definitely book this entire apartment again. The entire apartment was spotless and exactly as described.,"[('We', 'PRP'), ('had', 'VBD'), ('a', 'DT'), ('fantastic', 'JJ'), ('time', 'NN'), ('.', '.'), ('We', 'PRP'), ('would', 'MD'), ('definitely', 'RB'), ('book', 'NN'), ('this', 'DT'), ('entire', 'JJ'), ('apartment', 'NN'), ('again', 'RB'), ('.', '.'), ('The', 'DT'), ('entire', 'JJ'), ('apartment', 'NN'), ('was', 'VBD'), ('spotless', 'JJ'), ('and', 'CC'), ('exactly', 'RB'), ('as', 'IN'), ('described', 'NN'), ('.', '.')]","['PRP', 'VBD', 'DT', 'JJ', 'NN', '.', 'PRP', 'MD', 'RB', 'NN', 'DT', 'JJ', 'NN', 'RB', '.', 'DT', 'JJ', 'NN', 'VBD', 'JJ', 'CC', 'RB', 'IN', 'NN', '.']"
538787157,Below our expectations. The host was difficult to reach when we had issues. The location in I Centro Storico was noisier than expected. Check-in was confusing and delayed our arrival in Rome.,"[('Below', 'IN'), ('our', 'PRP$'), ('expectations', 'NNS'), ('.', '.'), ('The', 'DT'), ('host', 'NN'), ('was', 'VBD'), ('difficult', 'JJ'), ('to', 'TO'), ('reach', 'VB'), ('when', 'WRB'), ('we', 'PRP'), ('had', 'VBD'), ('issues', 'NNS'), ('.', '.'), ('The', 'DT'), ('location', 'NN'), ('in', 'IN'), ('I', 'PRP'), ('Centro', 'NNP'), ('Storico', 'NNP'), ('was', 'VBD'), ('noisier', 'JJR'), ('than', 'IN'), ('expected', 'VBN'), ('.', '.'), ('Check-in', 'NNP'), ('was', 'VBD'), ('confusing', 'VBG'), ('and', 'CC'), ('delayed', 'VB'), ('our', 'PRP$'), ('arrival', 'NN'), ('in', 'IN'), ('Rome', 'NNP'), ('.', '.')]","['IN', 'PRP$', 'NNS', '.', 'DT', 'NN', 'VBD', 'JJ', 'TO', 'VB', 'WRB', 'PRP', 'VBD', 'NNS', '.', 'DT', 'NN', 'IN', 'PRP', 'NNP', 'NNP', 'VBD', 'JJR', 'IN', 'VBN', '.', 'NNP', 'VBD', 'VBG', 'CC', 'VB', 'PRP$', 'NN', 'IN', 'NNP', '.']"
611456397,Reasonable for a short trip. The entire apartment was fine but a little smaller than expected. Location in Ward 59 was convenient enough.,"[('Reasonable', 'JJ'), ('for', 'IN'), ('a', 'DT'), ('short', 'JJ'), ('trip', 'NN'), ('.', '.'), ('The', 'DT'), ('entire', 'JJ'), ('apartment', 'NN'), ('was', 'VBD'), ('fine', 'JJ'), ('but', 'CC'), ('a', 'DT'), ('little', 'JJ'), ('smaller', 'JJR'), ('than', 'IN'), ('expected', 'VBN'), ('.', '.'), ('Location', 'NN'), ('in', 'IN'), ('Ward', 'NNP'), ('59', 'CD'), ('was', 'VBD'), ('convenient', 'JJ'), ('enough', 'RB'), ('.', '.')]","['JJ', 'IN', 'DT', 'JJ', 'NN', '.', 'DT', 'JJ', 'NN', 'VBD', 'JJ', 'CC', 'DT', 'JJ', 'JJR', 'IN', 'VBN', '.', 'NN', 'IN', 'NNP', 'CD', 'VBD', 'JJ', 'RB', '.']"
356452401,Loved every minute of it. Our superhost was super responsive and easy to communicate with. The place felt very cozy for 6 guests. The entire apartment was spotless and exactly as described.,"[('Loved', 'VBN'), ('every', 'DT'), ('minute', 'NN'), ('of', 'IN'), ('it', 'PRP'), ('.', '.'), ('Our', 'PRP$'), ('superhost', 'NN'), ('was', 'VBD'), ('super', 'JJ'), ('responsive', 'NN'), ('and', 'CC'), ('easy', 'JJ'), ('to', 'TO'), ('communicate', 'VB'), ('with', 'IN'), ('.', '.'), ('The', 'DT'), ('place', 'NN'), ('felt', 'VBD'), ('very', 'RB'), ('cozy', 'JJ'), ('for', 'IN'), ('6', 'CD'), ('guests', 'NNS'), ('.', '.'), ('The', 'DT'), ('entire', 'JJ'), ('apartment', 'NN'), ('was', 'VBD'), ('spotless', 'JJ'), ('and', 'CC'), ('exactly', 'RB'), ('as', 'IN'), ('described', 'NN'), ('.', '.')]","['VBN', 'DT', 'NN', 'IN', 'PRP', '.', 'PRP$', 'NN', 'VBD', 'JJ', 'NN', 'CC', 'JJ', 'TO', 'VB', 'IN', '.', 'DT', 'NN', 'VBD', 'RB', 'JJ', 'IN', 'CD', 'NNS', '.', 'DT', 'JJ', 'NN', 'VBD', 'JJ', 'CC', 'RB', 'IN', 'NN', '.']"
634317107,"Amazing stay! The place felt very cozy for 2 guests. Great location in Flushing, close to everything we needed in New York.","[('Amazing', 'VBG'), ('stay', 'NN'), ('!', '.'), ('The', 'DT'), ('place', 'NN'), ('felt', 'VBD'), ('very', 'RB'), ('cozy', 'JJ'), ('for', 'IN'), ('2', 'CD'), ('guests', 'NNS'), ('.', '.'), ('Great', 'NNP'), ('location', 'NN'), ('in', 'IN'), ('Flushing', 'NNP'), (',', ','), ('close', 'RB'), ('to', 'TO'), ('everything', 'NN'), ('we', 'PRP'), ('needed', 'VBD'), ('in', 'IN'), ('New', 'NNP'), ('York', 'NNP'), ('.', '.')]","['VBG', 'NN', '.', 'DT', 'NN', 'VBD', 'RB', 'JJ', 'IN', 'CD', 'NNS', '.', 'NNP', 'NN', 'IN', 'NNP', ',', 'RB', 'TO', 'NN', 'PRP', 'VBD', 'IN', 'NNP', 'NNP', '.']"
211931206,"Nothing special, but fine. It served its purpose for our stay in Paris.","[('Nothing', 'VBG'), ('special', 'JJ'), (',', ','), ('but', 'CC'), ('fine', 'JJ'), ('.', '.'), ('It', 'PRP'), ('served', 'VBD'), ('its', 'PRP$'), ('purpose', 'NN'), ('for', 'IN'), ('our', 'PRP$'), ('stay', 'NN'), ('in', 'IN'), ('Paris', 'NNP'), ('.', '.')]","['VBG', 'JJ', ',', 'CC', 'JJ', '.', 'PRP', 'VBD', 'PRP$', 'NN', 'IN', 'PRP$', 'NN', 'IN', 'NNP', '.']"
367230289,"Nothing special, but fine. Some things could be improved, like cleanliness in the entire apartment. It served its purpose for our stay in Paris.","[('Nothing', 'VBG'), ('special', 'JJ'), (',', ','), ('but', 'CC'), ('fine', 'NN'), ('.', '.'), ('Some', 'DT'), ('things', 'NNS'), ('could', 'MD'), ('be', 'VB'), ('improved', 'VBN'), (',', ','), ('like', 'IN'), ('cleanliness', 'NN'), ('in', 'IN'), ('the', 'DT'), ('entire', 'JJ'), ('apartment', 'NN'), ('.', '.'), ('It', 'PRP'), ('served', 'VBD'), ('its', 'PRP$'), ('purpose', 'NN'), ('for', 'IN'), ('our', 'PRP$'), ('stay', 'NN'), ('in', 'IN'), ('Paris', 'NNP'), ('.', '.')]","['VBG', 'JJ', ',', 'CC', 'NN', '.', 'DT', 'NNS', 'MD', 'VB', 'VBN', ',', 'IN', 'NN', 'IN', 'DT', 'JJ', 'NN', '.', 'PRP', 'VBD', 'PRP$', 'NN', 'IN', 'PRP$', 'NN', 'IN', 'NNP', '.']"
614585049,Reasonable for a short trip. The host was polite but slow to respond a couple of times.,"[('Reasonable', 'JJ'), ('for', 'IN'), ('a', 'DT'), ('short', 'JJ'), ('trip', 'NN'), ('.', '.'), ('The', 'DT'), ('host', 'NN'), ('was', 'VBD'), ('polite', 'JJ'), ('but', 'CC'), ('slow', 'JJ'), ('to', 'TO'), ('respond', 'VB'), ('a', 'DT'), ('couple', 'NN'), ('of', 'IN'), ('times', 'NNS'), ('.', '.')]","['JJ', 'IN', 'DT', 'JJ', 'NN', '.', 'DT', 'NN', 'VBD', 'JJ', 'CC', 'JJ', 'TO', 'VB', 'DT', 'NN', 'IN', 'NNS', '.']"
42644913,"An average experience. Some things could be improved, like cleanliness in the entire apartment. The entire apartment was fine but a little smaller than expected.","[('An', 'DT'), ('average', 'JJ'), ('experience', 'NN'), ('.', '.'), ('Some', 'DT'), ('things', 'NNS'), ('could', 'MD'), ('be', 'VB'), ('improved', 'VBN'), (',', ','), ('like', 'IN'), ('cleanliness', 'NN'), ('in', 'IN'), ('the', 'DT'), ('entire', 'JJ'), ('apartment', 'NN'), ('.', '.'), ('The', 'DT'), ('entire', 'JJ'), ('apartment', 'NN'), ('was', 'VBD'), ('fine', 'JJ'), ('but', 'CC'), ('a', 'DT'), ('little', 'JJ'), ('smaller', 'JJR'), ('than', 'IN'), ('expected', 'VBN'), ('.', '.')]","['DT', 'JJ', 'NN', '.', 'DT', 'NNS', 'MD', 'VB', 'VBN', ',', 'IN', 'NN', 'IN', 'DT', 'JJ', 'NN', '.', 'DT', 'JJ', 'NN', 'VBD', 'JJ', 'CC', 'DT', 'JJ', 'JJR', 'IN', 'VBN', '.']"
318724009,"Nothing special, but fine. Our superhost was polite but slow to respond a couple of times.","[('Nothing', 'VBG'), ('special', 'JJ'), (',', ','), ('but', 'CC'), ('fine', 'JJ'), ('.', '.'), ('Our', 'PRP$'), ('superhost', 'NN'), ('was', 'VBD'), ('polite', 'JJ'), ('but', 'CC'), ('slow', 'JJ'), ('to', 'TO'), ('respond', 'VB'), ('a', 'DT'), ('couple', 'NN'), ('of', 'IN'), ('times', 'NNS'), ('.', '.')]","['VBG', 'JJ', ',', 'CC', 'JJ', '.', 'PRP$', 'NN', 'VBD', 'JJ', 'CC', 'JJ', 'TO', 'VB', 'DT', 'NN', 'IN', 'NNS', '.']"
76085690,"Couldn't have asked for more. Great location in I Centro Storico, close to everything we needed in Rome. The entire serviced apartment was spotless and exactly as described. Check-in was smooth and the amenities were exactly what we needed.","[('Could', 'MD'), (""n't"", 'RB'), ('have', 'VB'), ('asked', 'VBN'), ('for', 'IN'), ('more', 'RBR'), ('.', '.'), ('Great', 'NNP'), ('location', 'NN'), ('in', 'IN'), ('I', 'PRP'), ('Centro', 'NNP'), ('Storico', 'NNP'), (',', ','), ('close', 'RB'), ('to', 'TO'), ('everything', 'NN'), ('we', 'PRP'), ('needed', 'VBD'), ('in', 'IN'), ('Rome', 'NNP'), ('.', '.'), ('The', 'DT'), ('entire', 'JJ'), ('serviced', 'VBD'), ('apartment', 'NN'), ('was', 'VBD'), ('spotless', 'JJ'), ('and', 'CC'), ('exactly', 'RB'), ('as', 'IN'), ('described', 'VBN'), ('.', '.'), ('Check-in', 'NNP'), ('was', 'VBD'), ('smooth', 'JJ'), ('and', 'CC'), ('the', 'DT'), ('amenities', 'NNS'), ('were', 'VBD'), ('exactly', 'RB'), ('what', 'WP'), ('we', 'PRP'), ('needed', 'VBD'), ('.', '.')]","['MD', 'RB', 'VB', 'VBN', 'IN', 'RBR', '.', 'NNP', 'NN', 'IN', 'PRP', 'NNP', 'NNP', ',', 'RB', 'TO', 'NN', 'PRP', 'VBD', 'IN', 'NNP', '.', 'DT', 'JJ', 'VBD', 'NN', 'VBD', 'JJ', 'CC', 'RB', 'IN', 'VBN', '.', 'NNP', 'VBD', 'JJ', 'CC', 'DT', 'NNS', 'VBD', 'RB', 'WP', 'PRP', 'VBD', '.']"
520435397,Decent stay overall. The host was polite but slow to respond a couple of times.,"[('Decent', 'NNP'), ('stay', 'NN'), ('overall', 'RB'), ('.', '.'), ('The', 'DT'), ('host', 'NN'), ('was', 'VBD'), ('polite', 'JJ'), ('but', 'CC'), ('slow', 'JJ'), ('to', 'TO'), ('respond', 'VB'), ('a', 'DT'), ('couple', 'NN'), ('of', 'IN'), ('times', 'NNS'), ('.', '.')]","['NNP', 'NN', 'RB', '.', 'DT', 'NN', 'VBD', 'JJ', 'CC', 'JJ', 'TO', 'VB', 'DT', 'NN', 'IN', 'NNS', '.']"
548323748,Couldn't have asked for more. The entire apartment was spotless and exactly as described. The host was super responsive and easy to communicate with. The place felt very cozy for 4 guests.,"[('Could', 'MD'), (""n't"", 'RB'), ('have', 'VB'), ('asked', 'VBN'), ('for', 'IN'), ('more', 'RBR'), ('.', '.'), ('The', 'DT'), ('entire', 'JJ'), ('apartment', 'NN'), ('was', 'VBD'), ('spotless', 'JJ'), ('and', 'CC'), ('exactly', 'RB'), ('as', 'IN'), ('described', 'VBN'), ('.', '.'), ('The', 'DT'), ('host', 'NN'), ('was', 'VBD'), ('super', 'JJ'), ('responsive', 'NN'), ('and', 'CC'), ('easy', 'JJ'), ('to', 'TO'), ('communicate', 'VB'), ('with', 'IN'), ('.', '.'), ('The', 'DT'), ('place', 'NN'), ('felt', 'VBD'), ('very', 'RB'), ('cozy', 'JJ'), ('for', 'IN'), ('4', 'CD'), ('guests', 'NNS'), ('.', '.')]","['MD', 'RB', 'VB', 'VBN', 'IN', 'RBR', '.', 'DT', 'JJ', 'NN', 'VBD', 'JJ', 'CC', 'RB', 'IN', 'VBN', '.', 'DT', 'NN', 'VBD', 'JJ', 'NN', 'CC', 'JJ', 'TO', 'VB', 'IN', '.', 'DT', 'NN', 'VBD', 'RB', 'JJ', 'IN', 'CD', 'NNS', '.']"
482403143,"Nothing special, but fine. Location in I Centro Storico was convenient enough.","[('Nothing', 'VBG'), ('special', 'JJ'), (',', ','), ('but', 'CC'), ('fine', 'JJ'), ('.', '.'), ('Location', 'NN'), ('in', 'IN'), ('I', 'PRP'), ('Centro', 'NNP'), ('Storico', 'NNP'), ('was', 'VBD'), ('convenient', 'JJ'), ('enough', 'RB'), ('.', '.')]","['VBG', 'JJ', ',', 'CC', 'JJ', '.', 'NN', 'IN', 'PRP', 'NNP', 'NNP', 'VBD', 'JJ', 'RB', '.']"
727924431,We had a rough experience. The private room in condominium was not as clean as the photos suggested. The host was difficult to reach when we had issues. The location in XV Cassia/Flaminia was noisier than expected.,"[('We', 'PRP'), ('had', 'VBD'), ('a', 'DT'), ('rough', 'JJ'), ('experience', 'NN'), ('.', '.'), ('The', 'DT'), ('private', 'JJ'), ('room', 'NN'), ('in', 'IN'), ('condominium', 'NN'), ('was', 'VBD'), ('not', 'RB'), ('as', 'RB'), ('clean', 'JJ'), ('as', 'IN'), ('the', 'DT'), ('photos', 'NN'), ('suggested', 'VBD'), ('.', '.'), ('The', 'DT'), ('host', 'NN'), ('was', 'VBD'), ('difficult', 'JJ'), ('to', 'TO'), ('reach', 'VB'), ('when', 'WRB'), ('we', 'PRP'), ('had', 'VBD'), ('issues', 'NNS'), ('.', '.'), ('The', 'DT'), ('location', 'NN'), ('in', 'IN'), ('XV', 'NNP'), ('Cassia/Flaminia', 'NNP'), ('was', 'VBD'), ('noisier', 'JJR'), ('than', 'IN'), ('expected', 'VBN'), ('.', '.')]","['PRP', 'VBD', 'DT', 'JJ', 'NN', '.', 'DT', 'JJ', 'NN', 'IN', 'NN', 'VBD', 'RB', 'RB', 'JJ', 'IN', 'DT', 'NN', 'VBD', '.', 'DT', 'NN', 'VBD', 'JJ', 'TO', 'VB', 'WRB', 'PRP', 'VBD', 'NNS', '.', 'DT', 'NN', 'IN', 'NNP', 'NNP', 'VBD', 'JJR', 'IN', 'VBN', '.']"
171563510,"Nothing special, but fine. Location in II Parioli/Nomentano was convenient enough. The entire apartment was fine but a little smaller than expected.","[('Nothing', 'VBG'), ('special', 'JJ'), (',', ','), ('but', 'CC'), ('fine', 'JJ'), ('.', '.'), ('Location', 'NN'), ('in', 'IN'), ('II', 'NNP'), ('Parioli/Nomentano', 'NNP'), ('was', 'VBD'), ('convenient', 'JJ'), ('enough', 'RB'), ('.', '.'), ('The', 'DT'), ('entire', 'JJ'), ('apartment', 'NN'), ('was', 'VBD'), ('fine', 'JJ'), ('but', 'CC'), ('a', 'DT'), ('little', 'JJ'), ('smaller', 'JJR'), ('than', 'IN'), ('expected', 'VBN'), ('.', '.')]","['VBG', 'JJ', ',', 'CC', 'JJ', '.', 'NN', 'IN', 'NNP', 'NNP', 'VBD', 'JJ', 'RB', '.', 'DT', 'JJ', 'NN', 'VBD', 'JJ', 'CC', 'DT', 'JJ', 'JJR', 'IN', 'VBN', '.']"
102891040,"Amazing stay! Great location in Flatbush, close to everything we needed in New York. The entire apartment was spotless and exactly as described. Check-in was smooth and the amenities were exactly what we needed.","[('Amazing', 'VBG'), ('stay', 'NN'), ('!', '.'), ('Great', 'NNP'), ('location', 'NN'), ('in', 'IN'), ('Flatbush', 'NNP'), (',', ','), ('close', 'RB'), ('to', 'TO'), ('everything', 'NN'), ('we', 'PRP'), ('needed', 'VBD'), ('in', 'IN'), ('New', 'NNP'), ('York', 'NNP'), ('.', '.'), ('The', 'DT'), ('entire', 'JJ'), ('apartment', 'NN'), ('was', 'VBD'), ('spotless', 'JJ'), ('and', 'CC'), ('exactly', 'RB'), ('as', 'IN'), ('described', 'VBN'), ('.', '.'), ('Check-in', 'NNP'), ('was', 'VBD'), ('smooth', 'JJ'), ('and', 'CC'), ('the', 'DT'), ('amenities', 'NNS'), ('were', 'VBD'), ('exactly', 'RB'), ('what', 'WP'), ('we', 'PRP'), ('needed', 'VBD'), ('.', '.')]","['VBG', 'NN', '.', 'NNP', 'NN', 'IN', 'NNP', ',', 'RB', 'TO', 'NN', 'PRP', 'VBD', 'IN', 'NNP', 'NNP', '.', 'DT', 'JJ', 'NN', 'VBD', 'JJ', 'CC', 'RB', 'IN', 'VBN', '.', 'NNP', 'VBD', 'JJ', 'CC', 'DT', 'NNS', 'VBD', 'RB', 'WP', 'PRP', 'VBD', '.']"
196479835,"Reasonable for a short trip. Some things could be improved, like cleanliness in the private room.","[('Reasonable', 'JJ'), ('for', 'IN'), ('a', 'DT'), ('short', 'JJ'), ('trip', 'NN'), ('.', '.'), ('Some', 'DT'), ('things', 'NNS'), ('could', 'MD'), ('be', 'VB'), ('improved', 'VBN'), (',', ','), ('like', 'IN'), ('cleanliness', 'NN'), ('in', 'IN'), ('the', 'DT'), ('private', 'JJ'), ('room', 'NN'), ('.', '.')]","['JJ', 'IN', 'DT', 'JJ', 'NN', '.', 'DT', 'NNS', 'MD', 'VB', 'VBN', ',', 'IN', 'NN', 'IN', 'DT', 'JJ', 'NN', '.']"
20990152,Not worth the price. Our superhost was difficult to reach when we had issues. The location in Bedford-Stuyvesant was noisier than expected.,"[('Not', 'RB'), ('worth', 'IN'), ('the', 'DT'), ('price', 'NN'), ('.', '.'), ('Our', 'PRP$'), ('superhost', 'NN'), ('was', 'VBD'), ('difficult', 'JJ'), ('to', 'TO'), ('reach', 'VB'), ('when', 'WRB'), ('we', 'PRP'), ('had', 'VBD'), ('issues', 'NNS'), ('.', '.'), ('The', 'DT'), ('location', 'NN'), ('in', 'IN'), ('Bedford-Stuyvesant', 'NNP'), ('was', 'VBD'), ('noisier', 'JJR'), ('than', 'IN'), ('expected', 'VBN'), ('.', '.')]","['RB', 'IN', 'DT', 'NN', '.', 'PRP$', 'NN', 'VBD', 'JJ', 'TO', 'VB', 'WRB', 'PRP', 'VBD', 'NNS', '.', 'DT', 'NN', 'IN', 'NNP', 'VBD', 'JJR', 'IN', 'VBN', '.']"
47989244,Exceeded our expectations! The place felt very cozy for 2 guests. Our superhost was super responsive and easy to communicate with. The entire apartment was spotless and exactly as described.,"[('Exceeded', 'VBD'), ('our', 'PRP$'), ('expectations', 'NNS'), ('!', '.'), ('The', 'DT'), ('place', 'NN'), ('felt', 'VBD'), ('very', 'RB'), ('cozy', 'JJ'), ('for', 'IN'), ('2', 'CD'), ('guests', 'NNS'), ('.', '.'), ('Our', 'PRP$'), ('superhost', 'NN'), ('was', 'VBD'), ('super', 'JJ'), ('responsive', 'NN'), ('and', 'CC'), ('easy', 'JJ'), ('to', 'TO'), ('communicate', 'VB'), ('with', 'IN'), ('.', '.'), ('The', 'DT'), ('entire', 'JJ'), ('apartment', 'NN'), ('was', 'VBD'), ('spotless', 'JJ'), ('and', 'CC'), ('exactly', 'RB'), ('as', 'IN'), ('described', 'NN'), ('.', '.')]","['VBD', 'PRP$', 'NNS', '.', 'DT', 'NN', 'VBD', 'RB', 'JJ', 'IN', 'CD', 'NNS', '.', 'PRP$', 'NN', 'VBD', 'JJ', 'NN', 'CC', 'JJ', 'TO', 'VB', 'IN', '.', 'DT', 'JJ', 'NN', 'VBD', 'JJ', 'CC', 'RB', 'IN', 'NN', '.']"
255890927,"It was okay for the price. Some things could be improved, like cleanliness in the entire apartment. It served its purpose for our stay in Sydney.","[('It', 'PRP'), ('was', 'VBD'), ('okay', 'VBN'), ('for', 'IN'), ('the', 'DT'), ('price', 'NN'), ('.', '.'), ('Some', 'DT'), ('things', 'NNS'), ('could', 'MD'), ('be', 'VB'), ('improved', 'VBN'), (',', ','), ('like', 'IN'), ('cleanliness', 'NN'), ('in', 'IN'), ('the', 'DT'), ('entire', 'JJ'), ('apartment', 'NN'), ('.', '.'), ('It', 'PRP'), ('served', 'VBD'), ('its', 'PRP$'), ('purpose', 'NN'), ('for', 'IN'), ('our', 'PRP$'), ('stay', 'NN'), ('in', 'IN'), ('Sydney', 'NNP'), ('.', '.')]","['PRP', 'VBD', 'VBN', 'IN', 'DT', 'NN', '.', 'DT', 'NNS', 'MD', 'VB', 'VBN', ',', 'IN', 'NN', 'IN', 'DT', 'JJ', 'NN', '.', 'PRP', 'VBD', 'PRP$', 'NN', 'IN', 'PRP$', 'NN', 'IN', 'NNP', '.']"
346141769,Exceeded our expectations! Check-in was smooth and the amenities were exactly what we needed. The entire loft was spotless and exactly as described.,"[('Exceeded', 'VBD'), ('our', 'PRP$'), ('expectations', 'NNS'), ('!', '.'), ('Check-in', 'NN'), ('was', 'VBD'), ('smooth', 'JJ'), ('and', 'CC'), ('the', 'DT'), ('amenities', 'NNS'), ('were', 'VBD'), ('exactly', 'RB'), ('what', 'WP'), ('we', 'PRP'), ('needed', 'VBD'), ('.', '.'), ('The', 'DT'), ('entire', 'JJ'), ('loft', 'NN'), ('was', 'VBD'), ('spotless', 'JJ'), ('and', 'CC'), ('exactly', 'RB'), ('as', 'IN'), ('described', 'NN'), ('.', '.')]","['VBD', 'PRP$', 'NNS', '.', 'NN', 'VBD', 'JJ', 'CC', 'DT', 'NNS', 'VBD', 'RB', 'WP', 'PRP', 'VBD', '.', 'DT', 'JJ', 'NN', 'VBD', 'JJ', 'CC', 'RB', 'IN', 'NN', '.']"
452484153,We had a rough experience. The host was difficult to reach when we had issues. The location in Beyoglu was noisier than expected.,"[('We', 'PRP'), ('had', 'VBD'), ('a', 'DT'), ('rough', 'JJ'), ('experience', 'NN'), ('.', '.'), ('The', 'DT'), ('host', 'NN'), ('was', 'VBD'), ('difficult', 'JJ'), ('to', 'TO'), ('reach', 'VB'), ('when', 'WRB'), ('we', 'PRP'), ('had', 'VBD'), ('issues', 'NNS'), ('.', '.'), ('The', 'DT'), ('location', 'NN'), ('in', 'IN'), ('Beyoglu', 'NNP'), ('was', 'VBD'), ('noisier', 'JJR'), ('than', 'IN'), ('expected', 'VBN'), ('.', '.')]","['PRP', 'VBD', 'DT', 'JJ', 'NN', '.', 'DT', 'NN', 'VBD', 'JJ', 'TO', 'VB', 'WRB', 'PRP', 'VBD', 'NNS', '.', 'DT', 'NN', 'IN', 'NNP', 'VBD', 'JJR', 'IN', 'VBN', '.']"
441976861,Couldn't have asked for more. The host was super responsive and easy to communicate with. The place felt very cozy for 4 guests.,"[('Could', 'MD'), (""n't"", 'RB'), ('have', 'VB'), ('asked', 'VBN'), ('for', 'IN'), ('more', 'RBR'), ('.', '.'), ('The', 'DT'), ('host', 'NN'), ('was', 'VBD'), ('super', 'JJ'), ('responsive', 'NN'), ('and', 'CC'), ('easy', 'JJ'), ('to', 'TO'), ('communicate', 'VB'), ('with', 'IN'), ('.', '.'), ('The', 'DT'), ('place', 'NN'), ('felt', 'VBD'), ('very', 'RB'), ('cozy', 'JJ'), ('for', 'IN'), ('4', 'CD'), ('guests', 'NNS'), ('.', '.')]","['MD', 'RB', 'VB', 'VBN', 'IN', 'RBR', '.', 'DT', 'NN', 'VBD', 'JJ', 'NN', 'CC', 'JJ', 'TO', 'VB', 'IN', '.', 'DT', 'NN', 'VBD', 'RB', 'JJ', 'IN', 'CD', 'NNS', '.']"
576378574,Reasonable for a short trip. Location in IV Tiburtina was convenient enough.,"[('Reasonable', 'JJ'), ('for', 'IN'), ('a', 'DT'), ('short', 'JJ'), ('trip', 'NN'), ('.', '.'), ('Location', 'NN'), ('in', 'IN'), ('IV', 'NNP'), ('Tiburtina', 'NNP'), ('was', 'VBD'), ('convenient', 'JJ'), ('enough', 'RB'), ('.', '.')]","['JJ', 'IN', 'DT', 'JJ', 'NN', '.', 'NN', 'IN', 'NNP', 'NNP', 'VBD', 'JJ', 'RB', '.']"
315745369,Below our expectations. We had several issues during our stay that were never resolved. The entire apartment was not as clean as the photos suggested.,"[('Below', 'IN'), ('our', 'PRP$'), ('expectations', 'NNS'), ('.', '.'), ('We', 'PRP'), ('had', 'VBD'), ('several', 'JJ'), ('issues', 'NNS'), ('during', 'IN'), ('our', 'PRP$'), ('stay', 'NN'), ('that', 'WDT'), ('were', 'VBD'), ('never', 'RB'), ('resolved', 'VBN'), ('.', '.'), ('The', 'DT'), ('entire', 'JJ'), ('apartment', 'NN'), ('was', 'VBD'), ('not', 'RB'), ('as', 'RB'), ('clean', 'JJ'), ('as', 'IN'), ('the', 'DT'), ('photos', 'NN'), ('suggested', 'VBD'), ('.', '.')]","['IN', 'PRP$', 'NNS', '.', 'PRP', 'VBD', 'JJ', 'NNS', 'IN', 'PRP$', 'NN', 'WDT', 'VBD', 'RB', 'VBN', '.', 'DT', 'JJ', 'NN', 'VBD', 'RB', 'RB', 'JJ', 'IN', 'DT', 'NN', 'VBD', '.']"
533100618,"Loved every minute of it. Our superhost was super responsive and easy to communicate with. Great location in Beyoglu, close to everything we needed in Istanbul. The place felt very cozy for 2 guests.","[('Loved', 'VBN'), ('every', 'DT'), ('minute', 'NN'), ('of', 'IN'), ('it', 'PRP'), ('.', '.'), ('Our', 'PRP$'), ('superhost', 'NN'), ('was', 'VBD'), ('super', 'JJ'), ('responsive', 'NN'), ('and', 'CC'), ('easy', 'JJ'), ('to', 'TO'), ('communicate', 'VB'), ('with', 'IN'), ('.', '.'), ('Great', 'NNP'), ('location', 'NN'), ('in', 'IN'), ('Beyoglu', 'NNP'), (',', ','), ('close', 'RB'), ('to', 'TO'), ('everything', 'NN'), ('we', 'PRP'), ('needed', 'VBD'), ('in', 'IN'), ('Istanbul', 'NNP'), ('.', '.'), ('The', 'DT'), ('place', 'NN'), ('felt', 'VBD'), ('very', 'RB'), ('cozy', 'JJ'), ('for', 'IN'), ('2', 'CD'), ('guests', 'NNS'), ('.', '.')]","['VBN', 'DT', 'NN', 'IN', 'PRP', '.', 'PRP$', 'NN', 'VBD', 'JJ', 'NN', 'CC', 'JJ', 'TO', 'VB', 'IN', '.', 'NNP', 'NN', 'IN', 'NNP', ',', 'RB', 'TO', 'NN', 'PRP', 'VBD', 'IN', 'NNP', '.', 'DT', 'NN', 'VBD', 'RB', 'JJ', 'IN', 'CD', 'NNS', '.']"
116962854,"Loved every minute of it. The place felt very cozy for 2 guests. Great location in Enclos-St-Laurent, close to everything we needed in Paris. The host was super responsive and easy to communicate with.","[('Loved', 'VBN'), ('every', 'DT'), ('minute', 'NN'), ('of', 'IN'), ('it', 'PRP'), ('.', '.'), ('The', 'DT'), ('place', 'NN'), ('felt', 'VBD'), ('very', 'RB'), ('cozy', 'JJ'), ('for', 'IN'), ('2', 'CD'), ('guests', 'NNS'), ('.', '.'), ('Great', 'NNP'), ('location', 'NN'), ('in', 'IN'), ('Enclos-St-Laurent', 'NNP'), (',', ','), ('close', 'RB'), ('to', 'TO'), ('everything', 'NN'), ('we', 'PRP'), ('needed', 'VBD'), ('in', 'IN'), ('Paris', 'NNP'), ('.', '.'), ('The', 'DT'), ('host', 'NN'), ('was', 'VBD'), ('super', 'JJ'), ('responsive', 'NN'), ('and', 'CC'), ('easy', 'JJ'), ('to', 'TO'), ('communicate', 'VB'), ('with', 'IN'), ('.', '.')]","['VBN', 'DT', 'NN', 'IN', 'PRP', '.', 'DT', 'NN', 'VBD', 'RB', 'JJ', 'IN', 'CD', 'NNS', '.', 'NNP', 'NN', 'IN', 'NNP', ',', 'RB', 'TO', 'NN', 'PRP', 'VBD', 'IN', 'NNP', '.', 'DT', 'NN', 'VBD', 'JJ', 'NN', 'CC', 'JJ', 'TO', 'VB', 'IN', '.']"
152777998,Couldn't have asked for more. We would definitely book this private room in serviced apartment again. The host was super responsive and easy to communicate with.,"[('Could', 'MD'), (""n't"", 'RB'), ('have', 'VB'), ('asked', 'VBN'), ('for', 'IN'), ('more', 'JJR'), ('.', '.'), ('We', 'PRP'), ('would', 'MD'), ('definitely', 'RB'), ('book', 'NN'), ('this', 'DT'), ('private', 'JJ'), ('room', 'NN'), ('in', 'IN'), ('serviced', 'JJ'), ('apartment', 'NN'), ('again', 'RB'), ('.', '.'), ('The', 'DT'), ('host', 'NN'), ('was', 'VBD'), ('super', 'JJ'), ('responsive', 'NN'), ('and', 'CC'), ('easy', 'JJ'), ('to', 'TO'), ('communicate', 'VB'), ('with', 'IN'), ('.', '.')]","['MD', 'RB', 'VB', 'VBN', 'IN', 'JJR', '.', 'PRP', 'MD', 'RB', 'NN', 'DT', 'JJ', 'NN', 'IN', 'JJ', 'NN', 'RB', '.', 'DT', 'NN', 'VBD', 'JJ', 'NN', 'CC', 'JJ', 'TO', 'VB', 'IN', '.']"
437005031,Amazing stay! Our superhost was super responsive and easy to communicate with. The place felt very cozy for 2 guests.,"[('Amazing', 'VBG'), ('stay', 'NN'), ('!', '.'), ('Our', 'PRP$'), ('superhost', 'NN'), ('was', 'VBD'), ('super', 'JJ'), ('responsive', 'NN'), ('and', 'CC'), ('easy', 'JJ'), ('to', 'TO'), ('communicate', 'VB'), ('with', 'IN'), ('.', '.'), ('The', 'DT'), ('place', 'NN'), ('felt', 'VBD'), ('very', 'RB'), ('cozy', 'JJ'), ('for', 'IN'), ('2', 'CD'), ('guests', 'NNS'), ('.', '.')]","['VBG', 'NN', '.', 'PRP$', 'NN', 'VBD', 'JJ', 'NN', 'CC', 'JJ', 'TO', 'VB', 'IN', '.', 'DT', 'NN', 'VBD', 'RB', 'JJ', 'IN', 'CD', 'NNS', '.']"
662642555,"Wonderful experience. Great location in Greenwich Village, close to everything we needed in New York. The entire apartment was spotless and exactly as described. We would definitely book this entire apartment again.","[('Wonderful', 'JJ'), ('experience', 'NN'), ('.', '.'), ('Great', 'NNP'), ('location', 'NN'), ('in', 'IN'), ('Greenwich', 'NNP'), ('Village', 'NNP'), (',', ','), ('close', 'RB'), ('to', 'TO'), ('everything', 'NN'), ('we', 'PRP'), ('needed', 'VBD'), ('in', 'IN'), ('New', 'NNP'), ('York', 'NNP'), ('.', '.'), ('The', 'DT'), ('entire', 'JJ'), ('apartment', 'NN'), ('was', 'VBD'), ('spotless', 'JJ'), ('and', 'CC'), ('exactly', 'RB'), ('as', 'IN'), ('described', 'VBN'), ('.', '.'), ('We', 'PRP'), ('would', 'MD'), ('definitely', 'RB'), ('book', 'NN'), ('this', 'DT'), ('entire', 'JJ'), ('apartment', 'NN'), ('again', 'RB'), ('.', '.')]","['JJ', 'NN', '.', 'NNP', 'NN', 'IN', 'NNP', 'NNP', ',', 'RB', 'TO', 'NN', 'PRP', 'VBD', 'IN', 'NNP', 'NNP', '.', 'DT', 'JJ', 'NN', 'VBD', 'JJ', 'CC', 'RB', 'IN', 'VBN', '.', 'PRP', 'MD', 'RB', 'NN', 'DT', 'JJ', 'NN', 'RB', '.']"
564346189,Reasonable for a short trip. It served its purpose for our stay in Mexico City.,"[('Reasonable', 'JJ'), ('for', 'IN'), ('a', 'DT'), ('short', 'JJ'), ('trip', 'NN'), ('.', '.'), ('It', 'PRP'), ('served', 'VBD'), ('its', 'PRP$'), ('purpose', 'NN'), ('for', 'IN'), ('our', 'PRP$'), ('stay', 'NN'), ('in', 'IN'), ('Mexico', 'NNP'), ('City', 'NNP'), ('.', '.')]","['JJ', 'IN', 'DT', 'JJ', 'NN', '.', 'PRP', 'VBD', 'PRP$', 'NN', 'IN', 'PRP$', 'NN', 'IN', 'NNP', 'NNP', '.']"
30494974,Not worth the price. Our superhost was difficult to reach when we had issues. The entire apartment was not as clean as the photos suggested. We had several issues during our stay that were never resolved.,"[('Not', 'RB'), ('worth', 'IN'), ('the', 'DT'), ('price', 'NN'), ('.', '.'), ('Our', 'PRP$'), ('superhost', 'NN'), ('was', 'VBD'), ('difficult', 'JJ'), ('to', 'TO'), ('reach', 'VB'), ('when', 'WRB'), ('we', 'PRP'), ('had', 'VBD'), ('issues', 'NNS'), ('.', '.'), ('The', 'DT'), ('entire', 'JJ'), ('apartment', 'NN'), ('was', 'VBD'), ('not', 'RB'), ('as', 'RB'), ('clean', 'JJ'), ('as', 'IN'), ('the', 'DT'), ('photos', 'NN'), ('suggested', 'VBD'), ('.', '.'), ('We', 'PRP'), ('had', 'VBD'), ('several', 'JJ'), ('issues', 'NNS'), ('during', 'IN'), ('our', 'PRP$'), ('stay', 'NN'), ('that', 'WDT'), ('were', 'VBD'), ('never', 'RB'), ('resolved', 'VBN'), ('.', '.')]","['RB', 'IN', 'DT', 'NN', '.', 'PRP$', 'NN', 'VBD', 'JJ', 'TO', 'VB', 'WRB', 'PRP', 'VBD', 'NNS', '.', 'DT', 'JJ', 'NN', 'VBD', 'RB', 'RB', 'JJ', 'IN', 'DT', 'NN', 'VBD', '.', 'PRP', 'VBD', 'JJ', 'NNS', 'IN', 'PRP$', 'NN', 'WDT', 'VBD', 'RB', 'VBN', '.']"
556859109,It was okay for the price. Location in Williamsburg was convenient enough. The private room in apartment was fine but a little smaller than expected.,"[('It', 'PRP'), ('was', 'VBD'), ('okay', 'VBN'), ('for', 'IN'), ('the', 'DT'), ('price', 'NN'), ('.', '.'), ('Location', 'NN'), ('in', 'IN'), ('Williamsburg', 'NNP'), ('was', 'VBD'), ('convenient', 'JJ'), ('enough', 'RB'), ('.', '.'), ('The', 'DT'), ('private', 'JJ'), ('room', 'NN'), ('in', 'IN'), ('apartment', 'NN'), ('was', 'VBD'), ('fine', 'JJ'), ('but', 'CC'), ('a', 'DT'), ('little', 'JJ'), ('smaller', 'JJR'), ('than', 'IN'), ('expected', 'VBN'), ('.', '.')]","['PRP', 'VBD', 'VBN', 'IN', 'DT', 'NN', '.', 'NN', 'IN', 'NNP', 'VBD', 'JJ', 'RB', '.', 'DT', 'JJ', 'NN', 'IN', 'NN', 'VBD', 'JJ', 'CC', 'DT', 'JJ', 'JJR', 'IN', 'VBN', '.']"
595472479,"Perfect for our trip. We would definitely book this entire apartment again. Great location in Popincourt, close to everything we needed in Paris.","[('Perfect', 'NN'), ('for', 'IN'), ('our', 'PRP$'), ('trip', 'NN'), ('.', '.'), ('We', 'PRP'), ('would', 'MD'), ('definitely', 'RB'), ('book', 'NN'), ('this', 'DT'), ('entire', 'JJ'), ('apartment', 'NN'), ('again', 'RB'), ('.', '.'), ('Great', 'NNP'), ('location', 'NN'), ('in', 'IN'), ('Popincourt', 'NNP'), (',', ','), ('close', 'RB'), ('to', 'TO'), ('everything', 'NN'), ('we', 'PRP'), ('needed', 'VBD'), ('in', 'IN'), ('Paris', 'NNP'), ('.', '.')]","['NN', 'IN', 'PRP$', 'NN', '.', 'PRP', 'MD', 'RB', 'NN', 'DT', 'JJ', 'NN', 'RB', '.', 'NNP', 'NN', 'IN', 'NNP', ',', 'RB', 'TO', 'NN', 'PRP', 'VBD', 'IN', 'NNP', '.']"
66988811,It was okay for the price. The entire house was fine but a little smaller than expected.,"[('It', 'PRP'), ('was', 'VBD'), ('okay', 'VBN'), ('for', 'IN'), ('the', 'DT'), ('price', 'NN'), ('.', '.'), ('The', 'DT'), ('entire', 'JJ'), ('house', 'NN'), ('was', 'VBD'), ('fine', 'JJ'), ('but', 'CC'), ('a', 'DT'), ('little', 'JJ'), ('smaller', 'JJR'), ('than', 'IN'), ('expected', 'VBN'), ('.', '.')]","['PRP', 'VBD', 'VBN', 'IN', 'DT', 'NN', '.', 'DT', 'JJ', 'NN', 'VBD', 'JJ', 'CC', 'DT', 'JJ', 'JJR', 'IN', 'VBN', '.']"
104760373,"An average experience. Some things could be improved, like cleanliness in the entire townhouse.","[('An', 'DT'), ('average', 'JJ'), ('experience', 'NN'), ('.', '.'), ('Some', 'DT'), ('things', 'NNS'), ('could', 'MD'), ('be', 'VB'), ('improved', 'VBN'), (',', ','), ('like', 'IN'), ('cleanliness', 'NN'), ('in', 'IN'), ('the', 'DT'), ('entire', 'JJ'), ('townhouse', 'NN'), ('.', '.')]","['DT', 'JJ', 'NN', '.', 'DT', 'NNS', 'MD', 'VB', 'VBN', ',', 'IN', 'NN', 'IN', 'DT', 'JJ', 'NN', '.']"
426311086,Decent stay overall. The entire apartment was fine but a little smaller than expected.,"[('Decent', 'NNP'), ('stay', 'NN'), ('overall', 'RB'), ('.', '.'), ('The', 'DT'), ('entire', 'JJ'), ('apartment', 'NN'), ('was', 'VBD'), ('fine', 'JJ'), ('but', 'CC'), ('a', 'DT'), ('little', 'JJ'), ('smaller', 'JJR'), ('than', 'IN'), ('expected', 'VBN'), ('.', '.')]","['NNP', 'NN', 'RB', '.', 'DT', 'JJ', 'NN', 'VBD', 'JJ', 'CC', 'DT', 'JJ', 'JJR', 'IN', 'VBN', '.']"
591402485,"Exceeded our expectations! Great location in Ward 54, close to everything we needed in Cape Town. We would definitely book this entire apartment again.","[('Exceeded', 'VBD'), ('our', 'PRP$'), ('expectations', 'NNS'), ('!', '.'), ('Great', 'NNP'), ('location', 'NN'), ('in', 'IN'), ('Ward', 'NNP'), ('54', 'CD'), (',', ','), ('close', 'RB'), ('to', 'TO'), ('everything', 'NN'), ('we', 'PRP'), ('needed', 'VBD'), ('in', 'IN'), ('Cape', 'NNP'), ('Town', 'NNP'), ('.', '.'), ('We', 'PRP'), ('would', 'MD'), ('definitely', 'RB'), ('book', 'NN'), ('this', 'DT'), ('entire', 'JJ'), ('apartment', 'NN'), ('again', 'RB'), ('.', '.')]","['VBD', 'PRP$', 'NNS', '.', 'NNP', 'NN', 'IN', 'NNP', 'CD', ',', 'RB', 'TO', 'NN', 'PRP', 'VBD', 'IN', 'NNP', 'NNP', '.', 'PRP', 'MD', 'RB', 'NN', 'DT', 'JJ', 'NN', 'RB', '.']"
712185319,Exceeded our expectations! The place felt very cozy for 4 guests. We would definitely book this entire apartment again. The entire apartment was spotless and exactly as described.,"[('Exceeded', 'VBD'), ('our', 'PRP$'), ('expectations', 'NNS'), ('!', '.'), ('The', 'DT'), ('place', 'NN'), ('felt', 'VBD'), ('very', 'RB'), ('cozy', 'JJ'), ('for', 'IN'), ('4', 'CD'), ('guests', 'NNS'), ('.', '.'), ('We', 'PRP'), ('would', 'MD'), ('definitely', 'RB'), ('book', 'NN'), ('this', 'DT'), ('entire', 'JJ'), ('apartment', 'NN'), ('again', 'RB'), ('.', '.'), ('The', 'DT'), ('entire', 'JJ'), ('apartment', 'NN'), ('was', 'VBD'), ('spotless', 'JJ'), ('and', 'CC'), ('exactly', 'RB'), ('as', 'IN'), ('described', 'NN'), ('.', '.')]","['VBD', 'PRP$', 'NNS', '.', 'DT', 'NN', 'VBD', 'RB', 'JJ', 'IN', 'CD', 'NNS', '.', 'PRP', 'MD', 'RB', 'NN', 'DT', 'JJ', 'NN', 'RB', '.', 'DT', 'JJ', 'NN', 'VBD', 'JJ', 'CC', 'RB', 'IN', 'NN', '.']"
638872562,"Loved every minute of it. The entire apartment was spotless and exactly as described. Great location in Sisli, close to everything we needed in Istanbul. Check-in was smooth and the amenities were exactly what we needed.","[('Loved', 'VBN'), ('every', 'DT'), ('minute', 'NN'), ('of', 'IN'), ('it', 'PRP'), ('.', '.'), ('The', 'DT'), ('entire', 'JJ'), ('apartment', 'NN'), ('was', 'VBD'), ('spotless', 'JJ'), ('and', 'CC'), ('exactly', 'RB'), ('as', 'IN'), ('described', 'VBN'), ('.', '.'), ('Great', 'NNP'), ('location', 'NN'), ('in', 'IN'), ('Sisli', 'NNP'), (',', ','), ('close', 'RB'), ('to', 'TO'), ('everything', 'NN'), ('we', 'PRP'), ('needed', 'VBD'), ('in', 'IN'), ('Istanbul', 'NNP'), ('.', '.'), ('Check-in', 'NNP'), ('was', 'VBD'), ('smooth', 'JJ'), ('and', 'CC'), ('the', 'DT'), ('amenities', 'NNS'), ('were', 'VBD'), ('exactly', 'RB'), ('what', 'WP'), ('we', 'PRP'), ('needed', 'VBD'), ('.', '.')]","['VBN', 'DT', 'NN', 'IN', 'PRP', '.', 'DT', 'JJ', 'NN', 'VBD', 'JJ', 'CC', 'RB', 'IN', 'VBN', '.', 'NNP', 'NN', 'IN', 'NNP', ',', 'RB', 'TO', 'NN', 'PRP', 'VBD', 'IN', 'NNP', '.', 'NNP', 'VBD', 'JJ', 'CC', 'DT', 'NNS', 'VBD', 'RB', 'WP', 'PRP', 'VBD', '.']"
422601680,"Reasonable for a short trip. Some things could be improved, like cleanliness in the entire condominium.","[('Reasonable', 'JJ'), ('for', 'IN'), ('a', 'DT'), ('short', 'JJ'), ('trip', 'NN'), ('.', '.'), ('Some', 'DT'), ('things', 'NNS'), ('could', 'MD'), ('be', 'VB'), ('improved', 'VBN'), (',', ','), ('like', 'IN'), ('cleanliness', 'NN'), ('in', 'IN'), ('the', 'DT'), ('entire', 'JJ'), ('condominium', 'NN'), ('.', '.')]","['JJ', 'IN', 'DT', 'JJ', 'NN', '.', 'DT', 'NNS', 'MD', 'VB', 'VBN', ',', 'IN', 'NN', 'IN', 'DT', 'JJ', 'NN', '.']"
270745707,Below our expectations. The location in Beyoglu was noisier than expected. The entire apartment was not as clean as the photos suggested. Our superhost was difficult to reach when we had issues.,"[('Below', 'IN'), ('our', 'PRP$'), ('expectations', 'NNS'), ('.', '.'), ('The', 'DT'), ('location', 'NN'), ('in', 'IN'), ('Beyoglu', 'NNP'), ('was', 'VBD'), ('noisier', 'JJR'), ('than', 'IN'), ('expected', 'VBN'), ('.', '.'), ('The', 'DT'), ('entire', 'JJ'), ('apartment', 'NN'), ('was', 'VBD'), ('not', 'RB'), ('as', 'RB'), ('clean', 'JJ'), ('as', 'IN'), ('the', 'DT'), ('photos', 'NN'), ('suggested', 'VBD'), ('.', '.'), ('Our', 'PRP$'), ('superhost', 'NN'), ('was', 'VBD'), ('difficult', 'JJ'), ('to', 'TO'), ('reach', 'VB'), ('when', 'WRB'), ('we', 'PRP'), ('had', 'VBD'), ('issues', 'NNS'), ('.', '.')]","['IN', 'PRP$', 'NNS', '.', 'DT', 'NN', 'IN', 'NNP', 'VBD', 'JJR', 'IN', 'VBN', '.', 'DT', 'JJ', 'NN', 'VBD', 'RB', 'RB', 'JJ', 'IN', 'DT', 'NN', 'VBD', '.', 'PRP$', 'NN', 'VBD', 'JJ', 'TO', 'VB', 'WRB', 'PRP', 'VBD', 'NNS', '.']"
537762187,Reasonable for a short trip. The host was polite but slow to respond a couple of times. It served its purpose for our stay in Paris.,"[('Reasonable', 'JJ'), ('for', 'IN'), ('a', 'DT'), ('short', 'JJ'), ('trip', 'NN'), ('.', '.'), ('The', 'DT'), ('host', 'NN'), ('was', 'VBD'), ('polite', 'JJ'), ('but', 'CC'), ('slow', 'JJ'), ('to', 'TO'), ('respond', 'VB'), ('a', 'DT'), ('couple', 'NN'), ('of', 'IN'), ('times', 'NNS'), ('.', '.'), ('It', 'PRP'), ('served', 'VBD'), ('its', 'PRP$'), ('purpose', 'NN'), ('for', 'IN'), ('our', 'PRP$'), ('stay', 'NN'), ('in', 'IN'), ('Paris', 'NNP'), ('.', '.')]","['JJ', 'IN', 'DT', 'JJ', 'NN', '.', 'DT', 'NN', 'VBD', 'JJ', 'CC', 'JJ', 'TO', 'VB', 'DT', 'NN', 'IN', 'NNS', '.', 'PRP', 'VBD', 'PRP$', 'NN', 'IN', 'PRP$', 'NN', 'IN', 'NNP', '.']"
361692549,"Couldn't have asked for more. Great location in Opera, close to everything we needed in Paris. The room in boutique hotel was spotless and exactly as described.","[('Could', 'MD'), (""n't"", 'RB'), ('have', 'VB'), ('asked', 'VBN'), ('for', 'IN'), ('more', 'RBR'), ('.', '.'), ('Great', 'NNP'), ('location', 'NN'), ('in', 'IN'), ('Opera', 'NNP'), (',', ','), ('close', 'RB'), ('to', 'TO'), ('everything', 'NN'), ('we', 'PRP'), ('needed', 'VBD'), ('in', 'IN'), ('Paris', 'NNP'), ('.', '.'), ('The', 'DT'), ('room', 'NN'), ('in', 'IN'), ('boutique', 'JJ'), ('hotel', 'NN'), ('was', 'VBD'), ('spotless', 'JJ'), ('and', 'CC'), ('exactly', 'RB'), ('as', 'IN'), ('described', 'NN'), ('.', '.')]","['MD', 'RB', 'VB', 'VBN', 'IN', 'RBR', '.', 'NNP', 'NN', 'IN', 'NNP', ',', 'RB', 'TO', 'NN', 'PRP', 'VBD', 'IN', 'NNP', '.', 'DT', 'NN', 'IN', 'JJ', 'NN', 'VBD', 'JJ', 'CC', 'RB', 'IN', 'NN', '.']"
207737457,"Loved every minute of it. The place felt very cozy for 3 guests. Great location in Cuauhtemoc, close to everything we needed in Mexico City. The entire apartment was spotless and exactly as described.","[('Loved', 'VBN'), ('every', 'DT'), ('minute', 'NN'), ('of', 'IN'), ('it', 'PRP'), ('.', '.'), ('The', 'DT'), ('place', 'NN'), ('felt', 'VBD'), ('very', 'RB'), ('cozy', 'JJ'), ('for', 'IN'), ('3', 'CD'), ('guests', 'NNS'), ('.', '.'), ('Great', 'NNP'), ('location', 'NN'), ('in', 'IN'), ('Cuauhtemoc', 'NNP'), (',', ','), ('close', 'RB'), ('to', 'TO'), ('everything', 'NN'), ('we', 'PRP'), ('needed', 'VBD'), ('in', 'IN'), ('Mexico', 'NNP'), ('City', 'NNP'), ('.', '.'), ('The', 'DT'), ('entire', 'JJ'), ('apartment', 'NN'), ('was', 'VBD'), ('spotless', 'JJ'), ('and', 'CC'), ('exactly', 'RB'), ('as', 'IN'), ('described', 'NN'), ('.', '.')]","['VBN', 'DT', 'NN', 'IN', 'PRP', '.', 'DT', 'NN', 'VBD', 'RB', 'JJ', 'IN', 'CD', 'NNS', '.', 'NNP', 'NN', 'IN', 'NNP', ',', 'RB', 'TO', 'NN', 'PRP', 'VBD', 'IN', 'NNP', 'NNP', '.', 'DT', 'JJ', 'NN', 'VBD', 'JJ', 'CC', 'RB', 'IN', 'NN', '.']"
635927408,Would not recommend. The entire guest suite was not as clean as the photos suggested. Our superhost was difficult to reach when we had issues.,"[('Would', 'MD'), ('not', 'RB'), ('recommend', 'VB'), ('.', '.'), ('The', 'DT'), ('entire', 'JJ'), ('guest', 'NN'), ('suite', 'NN'), ('was', 'VBD'), ('not', 'RB'), ('as', 'RB'), ('clean', 'JJ'), ('as', 'IN'), ('the', 'DT'), ('photos', 'NN'), ('suggested', 'VBD'), ('.', '.'), ('Our', 'PRP$'), ('superhost', 'NN'), ('was', 'VBD'), ('difficult', 'JJ'), ('to', 'TO'), ('reach', 'VB'), ('when', 'WRB'), ('we', 'PRP'), ('had', 'VBD'), ('issues', 'NNS'), ('.', '.')]","['MD', 'RB', 'VB', '.', 'DT', 'JJ', 'NN', 'NN', 'VBD', 'RB', 'RB', 'JJ', 'IN', 'DT', 'NN', 'VBD', '.', 'PRP$', 'NN', 'VBD', 'JJ', 'TO', 'VB', 'WRB', 'PRP', 'VBD', 'NNS', '.']"
347539108,"Couldn't have asked for more. Great location in Upper West Side, close to everything we needed in New York. We would definitely book this entire apartment again.","[('Could', 'MD'), (""n't"", 'RB'), ('have', 'VB'), ('asked', 'VBN'), ('for', 'IN'), ('more', 'RBR'), ('.', '.'), ('Great', 'NNP'), ('location', 'NN'), ('in', 'IN'), ('Upper', 'NNP'), ('West', 'NNP'), ('Side', 'NNP'), (',', ','), ('close', 'RB'), ('to', 'TO'), ('everything', 'NN'), ('we', 'PRP'), ('needed', 'VBD'), ('in', 'IN'), ('New', 'NNP'), ('York', 'NNP'), ('.', '.'), ('We', 'PRP'), ('would', 'MD'), ('definitely', 'RB'), ('book', 'NN'), ('this', 'DT'), ('entire', 'JJ'), ('apartment', 'NN'), ('again', 'RB'), ('.', '.')]","['MD', 'RB', 'VB', 'VBN', 'IN', 'RBR', '.', 'NNP', 'NN', 'IN', 'NNP', 'NNP', 'NNP', ',', 'RB', 'TO', 'NN', 'PRP', 'VBD', 'IN', 'NNP', 'NNP', '.', 'PRP', 'MD', 'RB', 'NN', 'DT', 'JJ', 'NN', 'RB', '.']"
279579552,Not worth the price. The host was difficult to reach when we had issues. The location in I Centro Storico was noisier than expected. The private room in apartment was not as clean as the photos suggested.,"[('Not', 'RB'), ('worth', 'IN'), ('the', 'DT'), ('price', 'NN'), ('.', '.'), ('The', 'DT'), ('host', 'NN'), ('was', 'VBD'), ('difficult', 'JJ'), ('to', 'TO'), ('reach', 'VB'), ('when', 'WRB'), ('we', 'PRP'), ('had', 'VBD'), ('issues', 'NNS'), ('.', '.'), ('The', 'DT'), ('location', 'NN'), ('in', 'IN'), ('I', 'PRP'), ('Centro', 'NNP'), ('Storico', 'NNP'), ('was', 'VBD'), ('noisier', 'JJR'), ('than', 'IN'), ('expected', 'VBN'), ('.', '.'), ('The', 'DT'), ('private', 'JJ'), ('room', 'NN'), ('in', 'IN'), ('apartment', 'NN'), ('was', 'VBD'), ('not', 'RB'), ('as', 'RB'), ('clean', 'JJ'), ('as', 'IN'), ('the', 'DT'), ('photos', 'NN'), ('suggested', 'VBD'), ('.', '.')]","['RB', 'IN', 'DT', 'NN', '.', 'DT', 'NN', 'VBD', 'JJ', 'TO', 'VB', 'WRB', 'PRP', 'VBD', 'NNS', '.', 'DT', 'NN', 'IN', 'PRP', 'NNP', 'NNP', 'VBD', 'JJR', 'IN', 'VBN', '.', 'DT', 'JJ', 'NN', 'IN', 'NN', 'VBD', 'RB', 'RB', 'JJ', 'IN', 'DT', 'NN', 'VBD', '.']"
424735276,Not worth the price. Check-in was confusing and delayed our arrival in Cape Town. The location in Ward 61 was noisier than expected. The entire guest suite was not as clean as the photos suggested.,"[('Not', 'RB'), ('worth', 'IN'), ('the', 'DT'), ('price', 'NN'), ('.', '.'), ('Check-in', 'NNP'), ('was', 'VBD'), ('confusing', 'VBG'), ('and', 'CC'), ('delayed', 'VB'), ('our', 'PRP$'), ('arrival', 'NN'), ('in', 'IN'), ('Cape', 'NNP'), ('Town', 'NNP'), ('.', '.'), ('The', 'DT'), ('location', 'NN'), ('in', 'IN'), ('Ward', 'NNP'), ('61', 'CD'), ('was', 'VBD'), ('noisier', 'JJR'), ('than', 'IN'), ('expected', 'VBN'), ('.', '.'), ('The', 'DT'), ('entire', 'JJ'), ('guest', 'NN'), ('suite', 'NN'), ('was', 'VBD'), ('not', 'RB'), ('as', 'RB'), ('clean', 'JJ'), ('as', 'IN'), ('the', 'DT'), ('photos', 'NN'), ('suggested', 'VBD'), ('.', '.')]","['RB', 'IN', 'DT', 'NN', '.', 'NNP', 'VBD', 'VBG', 'CC', 'VB', 'PRP$', 'NN', 'IN', 'NNP', 'NNP', '.', 'DT', 'NN', 'IN', 'NNP', 'CD', 'VBD', 'JJR', 'IN', 'VBN', '.', 'DT', 'JJ', 'NN', 'NN', 'VBD', 'RB', 'RB', 'JJ', 'IN', 'DT', 'NN', 'VBD', '.']"
156496997,Below our expectations. Check-in was confusing and delayed our arrival in Mexico City. We had several issues during our stay that were never resolved.,"[('Below', 'IN'), ('our', 'PRP$'), ('expectations', 'NNS'), ('.', '.'), ('Check-in', 'NNP'), ('was', 'VBD'), ('confusing', 'VBG'), ('and', 'CC'), ('delayed', 'VB'), ('our', 'PRP$'), ('arrival', 'NN'), ('in', 'IN'), ('Mexico', 'NNP'), ('City', 'NNP'), ('.', '.'), ('We', 'PRP'), ('had', 'VBD'), ('several', 'JJ'), ('issues', 'NNS'), ('during', 'IN'), ('our', 'PRP$'), ('stay', 'NN'), ('that', 'WDT'), ('were', 'VBD'), ('never', 'RB'), ('resolved', 'VBN'), ('.', '.')]","['IN', 'PRP$', 'NNS', '.', 'NNP', 'VBD', 'VBG', 'CC', 'VB', 'PRP$', 'NN', 'IN', 'NNP', 'NNP', '.', 'PRP', 'VBD', 'JJ', 'NNS', 'IN', 'PRP$', 'NN', 'WDT', 'VBD', 'RB', 'VBN', '.']"
61206775,Not worth the price. We had several issues during our stay that were never resolved. Check-in was confusing and delayed our arrival in Rio de Janeiro. The entire condominium was not as clean as the photos suggested.,"[('Not', 'RB'), ('worth', 'IN'), ('the', 'DT'), ('price', 'NN'), ('.', '.'), ('We', 'PRP'), ('had', 'VBD'), ('several', 'JJ'), ('issues', 'NNS'), ('during', 'IN'), ('our', 'PRP$'), ('stay', 'NN'), ('that', 'WDT'), ('were', 'VBD'), ('never', 'RB'), ('resolved', 'VBN'), ('.', '.'), ('Check-in', 'NNP'), ('was', 'VBD'), ('confusing', 'VBG'), ('and', 'CC'), ('delayed', 'VB'), ('our', 'PRP$'), ('arrival', 'NN'), ('in', 'IN'), ('Rio', 'NNP'), ('de', 'IN'), ('Janeiro', 'NNP'), ('.', '.'), ('The', 'DT'), ('entire', 'JJ'), ('condominium', 'NN'), ('was', 'VBD'), ('not', 'RB'), ('as', 'RB'), ('clean', 'JJ'), ('as', 'IN'), ('the', 'DT'), ('photos', 'NN'), ('suggested', 'VBD'), ('.', '.')]","['RB', 'IN', 'DT', 'NN', '.', 'PRP', 'VBD', 'JJ', 'NNS', 'IN', 'PRP$', 'NN', 'WDT', 'VBD', 'RB', 'VBN', '.', 'NNP', 'VBD', 'VBG', 'CC', 'VB', 'PRP$', 'NN', 'IN', 'NNP', 'IN', 'NNP', '.', 'DT', 'JJ', 'NN', 'VBD', 'RB', 'RB', 'JJ', 'IN', 'DT', 'NN', 'VBD', '.']"
123864758,Loved every minute of it. The host was super responsive and easy to communicate with. Check-in was smooth and the amenities were exactly what we needed.,"[('Loved', 'VBN'), ('every', 'DT'), ('minute', 'NN'), ('of', 'IN'), ('it', 'PRP'), ('.', '.'), ('The', 'DT'), ('host', 'NN'), ('was', 'VBD'), ('super', 'JJ'), ('responsive', 'NN'), ('and', 'CC'), ('easy', 'JJ'), ('to', 'TO'), ('communicate', 'VB'), ('with', 'IN'), ('.', '.'), ('Check-in', 'NNP'), ('was', 'VBD'), ('smooth', 'JJ'), ('and', 'CC'), ('the', 'DT'), ('amenities', 'NNS'), ('were', 'VBD'), ('exactly', 'RB'), ('what', 'WP'), ('we', 'PRP'), ('needed', 'VBD'), ('.', '.')]","['VBN', 'DT', 'NN', 'IN', 'PRP', '.', 'DT', 'NN', 'VBD', 'JJ', 'NN', 'CC', 'JJ', 'TO', 'VB', 'IN', '.', 'NNP', 'VBD', 'JJ', 'CC', 'DT', 'NNS', 'VBD', 'RB', 'WP', 'PRP', 'VBD', '.']"
273140556,"Wonderful experience. Great location in Louvre, close to everything we needed in Paris. Check-in was smooth and the amenities were exactly what we needed. The host was super responsive and easy to communicate with.","[('Wonderful', 'JJ'), ('experience', 'NN'), ('.', '.'), ('Great', 'NNP'), ('location', 'NN'), ('in', 'IN'), ('Louvre', 'NNP'), (',', ','), ('close', 'RB'), ('to', 'TO'), ('everything', 'NN'), ('we', 'PRP'), ('needed', 'VBD'), ('in', 'IN'), ('Paris', 'NNP'), ('.', '.'), ('Check-in', 'NNP'), ('was', 'VBD'), ('smooth', 'JJ'), ('and', 'CC'), ('the', 'DT'), ('amenities', 'NNS'), ('were', 'VBD'), ('exactly', 'RB'), ('what', 'WP'), ('we', 'PRP'), ('needed', 'VBD'), ('.', '.'), ('The', 'DT'), ('host', 'NN'), ('was', 'VBD'), ('super', 'JJ'), ('responsive', 'NN'), ('and', 'CC'), ('easy', 'JJ'), ('to', 'TO'), ('communicate', 'VB'), ('with', 'IN'), ('.', '.')]","['JJ', 'NN', '.', 'NNP', 'NN', 'IN', 'NNP', ',', 'RB', 'TO', 'NN', 'PRP', 'VBD', 'IN', 'NNP', '.', 'NNP', 'VBD', 'JJ', 'CC', 'DT', 'NNS', 'VBD', 'RB', 'WP', 'PRP', 'VBD', '.', 'DT', 'NN', 'VBD', 'JJ', 'NN', 'CC', 'JJ', 'TO', 'VB', 'IN', '.']"
627442933,Perfect for our trip. Check-in was smooth and the amenities were exactly what we needed. The place felt very cozy for 4 guests. We would definitely book this entire apartment again.,"[('Perfect', 'NN'), ('for', 'IN'), ('our', 'PRP$'), ('trip', 'NN'), ('.', '.'), ('Check-in', 'NNP'), ('was', 'VBD'), ('smooth', 'JJ'), ('and', 'CC'), ('the', 'DT'), ('amenities', 'NNS'), ('were', 'VBD'), ('exactly', 'RB'), ('what', 'WP'), ('we', 'PRP'), ('needed', 'VBD'), ('.', '.'), ('The', 'DT'), ('place', 'NN'), ('felt', 'VBD'), ('very', 'RB'), ('cozy', 'JJ'), ('for', 'IN'), ('4', 'CD'), ('guests', 'NNS'), ('.', '.'), ('We', 'PRP'), ('would', 'MD'), ('definitely', 'RB'), ('book', 'NN'), ('this', 'DT'), ('entire', 'JJ'), ('apartment', 'NN'), ('again', 'RB'), ('.', '.')]","['NN', 'IN', 'PRP$', 'NN', '.', 'NNP', 'VBD', 'JJ', 'CC', 'DT', 'NNS', 'VBD', 'RB', 'WP', 'PRP', 'VBD', '.', 'DT', 'NN', 'VBD', 'RB', 'JJ', 'IN', 'CD', 'NNS', '.', 'PRP', 'MD', 'RB', 'NN', 'DT', 'JJ', 'NN', 'RB', '.']"
569742745,"Decent stay overall. Some things could be improved, like cleanliness in the entire apartment.","[('Decent', 'NNP'), ('stay', 'NN'), ('overall', 'RB'), ('.', '.'), ('Some', 'DT'), ('things', 'NNS'), ('could', 'MD'), ('be', 'VB'), ('improved', 'VBN'), (',', ','), ('like', 'IN'), ('cleanliness', 'NN'), ('in', 'IN'), ('the', 'DT'), ('entire', 'JJ'), ('apartment', 'NN'), ('.', '.')]","['NNP', 'NN', 'RB', '.', 'DT', 'NNS', 'MD', 'VB', 'VBN', ',', 'IN', 'NN', 'IN', 'DT', 'JJ', 'NN', '.']"
617905605,"Nothing special, but fine. Location in Kadikoy was convenient enough. Some things could be improved, like cleanliness in the private room in house.","[('Nothing', 'VBG'), ('special', 'JJ'), (',', ','), ('but', 'CC'), ('fine', 'JJ'), ('.', '.'), ('Location', 'NN'), ('in', 'IN'), ('Kadikoy', 'NNP'), ('was', 'VBD'), ('convenient', 'JJ'), ('enough', 'RB'), ('.', '.'), ('Some', 'DT'), ('things', 'NNS'), ('could', 'MD'), ('be', 'VB'), ('improved', 'VBN'), (',', ','), ('like', 'IN'), ('cleanliness', 'NN'), ('in', 'IN'), ('the', 'DT'), ('private', 'JJ'), ('room', 'NN'), ('in', 'IN'), ('house', 'NN'), ('.', '.')]","['VBG', 'JJ', ',', 'CC', 'JJ', '.', 'NN', 'IN', 'NNP', 'VBD', 'JJ', 'RB', '.', 'DT', 'NNS', 'MD', 'VB', 'VBN', ',', 'IN', 'NN', 'IN', 'DT', 'JJ', 'NN', 'IN', 'NN', '.']"
600502308,"Exceeded our expectations! Great location in Sydney, close to everything we needed in Sydney. We would definitely book this entire house again.","[('Exceeded', 'VBD'), ('our', 'PRP$'), ('expectations', 'NNS'), ('!', '.'), ('Great', 'NNP'), ('location', 'NN'), ('in', 'IN'), ('Sydney', 'NNP'), (',', ','), ('close', 'RB'), ('to', 'TO'), ('everything', 'NN'), ('we', 'PRP'), ('needed', 'VBD'), ('in', 'IN'), ('Sydney', 'NNP'), ('.', '.'), ('We', 'PRP'), ('would', 'MD'), ('definitely', 'RB'), ('book', 'NN'), ('this', 'DT'), ('entire', 'JJ'), ('house', 'NN'), ('again', 'RB'), ('.', '.')]","['VBD', 'PRP$', 'NNS', '.', 'NNP', 'NN', 'IN', 'NNP', ',', 'RB', 'TO', 'NN', 'PRP', 'VBD', 'IN', 'NNP', '.', 'PRP', 'MD', 'RB', 'NN', 'DT', 'JJ', 'NN', 'RB', '.']"
220611808,Perfect for our trip. Our superhost was super responsive and easy to communicate with. Check-in was smooth and the amenities were exactly what we needed. We would definitely book this entire apartment again.,"[('Perfect', 'NN'), ('for', 'IN'), ('our', 'PRP$'), ('trip', 'NN'), ('.', '.'), ('Our', 'PRP$'), ('superhost', 'NN'), ('was', 'VBD'), ('super', 'JJ'), ('responsive', 'NN'), ('and', 'CC'), ('easy', 'JJ'), ('to', 'TO'), ('communicate', 'VB'), ('with', 'IN'), ('.', '.'), ('Check-in', 'NNP'), ('was', 'VBD'), ('smooth', 'JJ'), ('and', 'CC'), ('the', 'DT'), ('amenities', 'NNS'), ('were', 'VBD'), ('exactly', 'RB'), ('what', 'WP'), ('we', 'PRP'), ('needed', 'VBD'), ('.', '.'), ('We', 'PRP'), ('would', 'MD'), ('definitely', 'RB'), ('book', 'NN'), ('this', 'DT'), ('entire', 'JJ'), ('apartment', 'NN'), ('again', 'RB'), ('.', '.')]","['NN', 'IN', 'PRP$', 'NN', '.', 'PRP$', 'NN', 'VBD', 'JJ', 'NN', 'CC', 'JJ', 'TO', 'VB', 'IN', '.', 'NNP', 'VBD', 'JJ', 'CC', 'DT', 'NNS', 'VBD', 'RB', 'WP', 'PRP', 'VBD', '.', 'PRP', 'MD', 'RB', 'NN', 'DT', 'JJ', 'NN', 'RB', '.']"
480386820,Below our expectations. The entire apartment was not as clean as the photos suggested. The host was difficult to reach when we had issues. The location in Arrochar was noisier than expected.,"[('Below', 'IN'), ('our', 'PRP$'), ('expectations', 'NNS'), ('.', '.'), ('The', 'DT'), ('entire', 'JJ'), ('apartment', 'NN'), ('was', 'VBD'), ('not', 'RB'), ('as', 'RB'), ('clean', 'JJ'), ('as', 'IN'), ('the', 'DT'), ('photos', 'NN'), ('suggested', 'VBD'), ('.', '.'), ('The', 'DT'), ('host', 'NN'), ('was', 'VBD'), ('difficult', 'JJ'), ('to', 'TO'), ('reach', 'VB'), ('when', 'WRB'), ('we', 'PRP'), ('had', 'VBD'), ('issues', 'NNS'), ('.', '.'), ('The', 'DT'), ('location', 'NN'), ('in', 'IN'), ('Arrochar', 'NNP'), ('was', 'VBD'), ('noisier', 'JJR'), ('than', 'IN'), ('expected', 'VBN'), ('.', '.')]","['IN', 'PRP$', 'NNS', '.', 'DT', 'JJ', 'NN', 'VBD', 'RB', 'RB', 'JJ', 'IN', 'DT', 'NN', 'VBD', '.', 'DT', 'NN', 'VBD', 'JJ', 'TO', 'VB', 'WRB', 'PRP', 'VBD', 'NNS', '.', 'DT', 'NN', 'IN', 'NNP', 'VBD', 'JJR', 'IN', 'VBN', '.']"
